CEG,Date
41.039794921875,2022-01-19 00:00:00-05:00
43.97120666503906,2022-01-20 00:00:00-05:00
43.97120666503906,2022-01-21 00:00:00-05:00
41.82149887084961,2022-01-24 00:00:00-05:00
40.940128326416016,2022-01-25 00:00:00-05:00
42.231903076171875,2022-01-26 00:00:00-05:00
44.713829040527344,2022-01-27 00:00:00-05:00
45.68119812011719,2022-01-28 00:00:00-05:00
46.90262985229492,2022-01-31 00:00:00-05:00
48.64192581176758,2022-02-01 00:00:00-05:00
51.79808044433594,2022-02-02 00:00:00-05:00
52.39413070678711,2022-02-03 00:00:00-05:00
48.99370574951172,2022-02-04 00:00:00-05:00
45.016746520996094,2022-02-07 00:00:00-05:00
44.459781646728516,2022-02-08 00:00:00-05:00
46.228397369384766,2022-02-09 00:00:00-05:00
45.974334716796875,2022-02-10 00:00:00-05:00
46.99056625366211,2022-02-11 00:00:00-05:00
47.01010513305664,2022-02-14 00:00:00-05:00
46.90262985229492,2022-02-15 00:00:00-05:00
46.12091827392578,2022-02-16 00:00:00-05:00
44.254581451416016,2022-02-17 00:00:00-05:00
44.37183380126953,2022-02-18 00:00:00-05:00
42.54458999633789,2022-02-22 00:00:00-05:00
42.10487365722656,2022-02-23 00:00:00-05:00
43.44893264770508,2022-02-24 00:00:00-05:00
43.0469856262207,2022-02-25 00:00:00-05:00
45.07630157470703,2022-02-28 00:00:00-05:00
46.85073471069336,2022-03-01 00:00:00-05:00
48.48790740966797,2022-03-02 00:00:00-05:00
48.54672622680664,2022-03-03 00:00:00-05:00
49.997642517089844,2022-03-04 00:00:00-05:00
50.634864807128906,2022-03-07 00:00:00-05:00
51.29169464111328,2022-03-08 00:00:00-05:00
50.32115936279297,2022-03-09 00:00:00-05:00
50.31135177612305,2022-03-10 00:00:00-05:00
48.35065841674805,2022-03-11 00:00:00-05:00
49.94862365722656,2022-03-14 00:00:00-04:00
50.28193283081055,2022-03-15 00:00:00-04:00
50.75250244140625,2022-03-16 00:00:00-04:00
49.98783493041992,2022-03-17 00:00:00-04:00
48.04674530029297,2022-03-18 00:00:00-04:00
48.25262451171875,2022-03-21 00:00:00-04:00
50.134883880615234,2022-03-22 00:00:00-04:00
49.98783493041992,2022-03-23 00:00:00-04:00
51.37992477416992,2022-03-24 00:00:00-04:00
52.74260711669922,2022-03-25 00:00:00-04:00
55.664039611816406,2022-03-28 00:00:00-04:00
55.22288513183594,2022-03-29 00:00:00-04:00
56.36988830566406,2022-03-30 00:00:00-04:00
55.14445495605469,2022-03-31 00:00:00-04:00
56.879669189453125,2022-04-01 00:00:00-04:00
57.23259353637695,2022-04-04 00:00:00-04:00
57.84040451049805,2022-04-05 00:00:00-04:00
58.428611755371094,2022-04-06 00:00:00-04:00
59.71287155151367,2022-04-07 00:00:00-04:00
62.76173782348633,2022-04-08 00:00:00-04:00
59.48738479614258,2022-04-11 00:00:00-04:00
60.653995513916016,2022-04-12 00:00:00-04:00
62.93819808959961,2022-04-13 00:00:00-04:00
61.32063674926758,2022-04-14 00:00:00-04:00
62.065696716308594,2022-04-18 00:00:00-04:00
65.39887237548828,2022-04-19 00:00:00-04:00
64.12442779541016,2022-04-20 00:00:00-04:00
61.43827438354492,2022-04-21 00:00:00-04:00
61.2029914855957,2022-04-22 00:00:00-04:00
61.04613494873047,2022-04-25 00:00:00-04:00
58.7717399597168,2022-04-26 00:00:00-04:00
58.90898895263672,2022-04-27 00:00:00-04:00
60.105003356933594,2022-04-28 00:00:00-04:00
58.04628372192383,2022-04-29 00:00:00-04:00
57.056129455566406,2022-05-02 00:00:00-04:00
58.526649475097656,2022-05-03 00:00:00-04:00
60.59518051147461,2022-05-04 00:00:00-04:00
58.97760772705078,2022-05-05 00:00:00-04:00
59.085445404052734,2022-05-06 00:00:00-04:00
56.48752975463867,2022-05-09 00:00:00-04:00
55.91892623901367,2022-05-10 00:00:00-04:00
56.24243927001953,2022-05-11 00:00:00-04:00
52.54824447631836,2022-05-12 00:00:00-04:00
53.66859436035156,2022-05-13 00:00:00-04:00
55.614463806152344,2022-05-16 00:00:00-04:00
58.29739761352539,2022-05-17 00:00:00-04:00
56.292564392089844,2022-05-18 00:00:00-04:00
56.24342727661133,2022-05-19 00:00:00-04:00
55.67342758178711,2022-05-20 00:00:00-04:00
55.62428665161133,2022-05-23 00:00:00-04:00
55.80118179321289,2022-05-24 00:00:00-04:00
58.14997863769531,2022-05-25 00:00:00-04:00
61.393096923828125,2022-05-26 00:00:00-04:00
65.451904296875,2022-05-27 00:00:00-04:00
61.00982666015625,2022-05-31 00:00:00-04:00
62.55276107788086,2022-06-01 00:00:00-04:00
62.651031494140625,2022-06-02 00:00:00-04:00
64.04655456542969,2022-06-03 00:00:00-04:00
65.24552154541016,2022-06-06 00:00:00-04:00
65.40275573730469,2022-06-07 00:00:00-04:00
63.653438568115234,2022-06-08 00:00:00-04:00
60.15481185913086,2022-06-09 00:00:00-04:00
58.759300231933594,2022-06-10 00:00:00-04:00
54.52359390258789,2022-06-13 00:00:00-04:00
53.501522064208984,2022-06-14 00:00:00-04:00
57.19670104980469,2022-06-15 00:00:00-04:00
57.25566864013672,2022-06-16 00:00:00-04:00
57.09842300415039,2022-06-17 00:00:00-04:00
59.33913040161133,2022-06-21 00:00:00-04:00
58.18928909301758,2022-06-22 00:00:00-04:00
57.638946533203125,2022-06-23 00:00:00-04:00
58.25808334350586,2022-06-24 00:00:00-04:00
58.39567184448242,2022-06-27 00:00:00-04:00
57.078773498535156,2022-06-28 00:00:00-04:00
56.32204818725586,2022-06-29 00:00:00-04:00
56.272911071777344,2022-06-30 00:00:00-04:00
56.60704803466797,2022-07-01 00:00:00-04:00
53.99290084838867,2022-07-05 00:00:00-04:00
55.781524658203125,2022-07-06 00:00:00-04:00
58.09101486206055,2022-07-07 00:00:00-04:00
58.621707916259766,2022-07-08 00:00:00-04:00
58.808433532714844,2022-07-11 00:00:00-04:00
58.20895004272461,2022-07-12 00:00:00-04:00
58.788780212402344,2022-07-13 00:00:00-04:00
56.92152786254883,2022-07-14 00:00:00-04:00
54.70048904418945,2022-07-15 00:00:00-04:00
53.865142822265625,2022-07-18 00:00:00-04:00
54.0518684387207,2022-07-19 00:00:00-04:00
53.137901306152344,2022-07-20 00:00:00-04:00
53.226348876953125,2022-07-21 00:00:00-04:00
53.06910705566406,2022-07-22 00:00:00-04:00
54.01255798339844,2022-07-25 00:00:00-04:00
54.543251037597656,2022-07-26 00:00:00-04:00
54.57273483276367,2022-07-27 00:00:00-04:00
63.47654342651367,2022-07-28 00:00:00-04:00
64.96051025390625,2022-07-29 00:00:00-04:00
64.17430877685547,2022-08-01 00:00:00-04:00
64.70499420166016,2022-08-02 00:00:00-04:00
66.01206970214844,2022-08-03 00:00:00-04:00
66.29706573486328,2022-08-04 00:00:00-04:00
73.01915740966797,2022-08-05 00:00:00-04:00
74.58175659179688,2022-08-08 00:00:00-04:00
74.41468811035156,2022-08-09 00:00:00-04:00
75.7905502319336,2022-08-10 00:00:00-04:00
77.4710693359375,2022-08-11 00:00:00-04:00
80.23857116699219,2022-08-12 00:00:00-04:00
79.94320678710938,2022-08-15 00:00:00-04:00
80.1401138305664,2022-08-16 00:00:00-04:00
78.46642303466797,2022-08-17 00:00:00-04:00
80.3370132446289,2022-08-18 00:00:00-04:00
79.5887680053711,2022-08-19 00:00:00-04:00
78.41720581054688,2022-08-22 00:00:00-04:00
78.5156478881836,2022-08-23 00:00:00-04:00
79.12605285644531,2022-08-24 00:00:00-04:00
81.4593734741211,2022-08-25 00:00:00-04:00
79.57894134521484,2022-08-26 00:00:00-04:00
79.74630737304688,2022-08-29 00:00:00-04:00
78.45658111572266,2022-08-30 00:00:00-04:00
80.3271713256836,2022-08-31 00:00:00-04:00
81.2427749633789,2022-09-01 00:00:00-04:00
79.81521606445312,2022-09-02 00:00:00-04:00
80.98680114746094,2022-09-06 00:00:00-04:00
81.61689758300781,2022-09-07 00:00:00-04:00
84.46216583251953,2022-09-08 00:00:00-04:00
86.15554809570312,2022-09-09 00:00:00-04:00
86.76593780517578,2022-09-12 00:00:00-04:00
85.04302978515625,2022-09-13 00:00:00-04:00
86.68717956542969,2022-09-14 00:00:00-04:00
85.45653533935547,2022-09-15 00:00:00-04:00
84.24556732177734,2022-09-16 00:00:00-04:00
87.97691345214844,2022-09-19 00:00:00-04:00
86.39180755615234,2022-09-20 00:00:00-04:00
85.92911529541016,2022-09-21 00:00:00-04:00
84.05850219726562,2022-09-22 00:00:00-04:00
82.55218505859375,2022-09-23 00:00:00-04:00
81.63658905029297,2022-09-26 00:00:00-04:00
82.67033386230469,2022-09-27 00:00:00-04:00
83.70408630371094,2022-09-28 00:00:00-04:00
81.75472259521484,2022-09-29 00:00:00-04:00
81.90240478515625,2022-09-30 00:00:00-04:00
85.2497787475586,2022-10-03 00:00:00-04:00
87.95721435546875,2022-10-04 00:00:00-04:00
86.8053207397461,2022-10-05 00:00:00-04:00
84.944580078125,2022-10-06 00:00:00-04:00
83.08383178710938,2022-10-07 00:00:00-04:00
83.40872955322266,2022-10-10 00:00:00-04:00
81.59720611572266,2022-10-11 00:00:00-04:00
80.88835906982422,2022-10-12 00:00:00-04:00
82.52265930175781,2022-10-13 00:00:00-04:00
80.00228118896484,2022-10-14 00:00:00-04:00
83.87145233154297,2022-10-17 00:00:00-04:00
85.1710205078125,2022-10-18 00:00:00-04:00
84.36370849609375,2022-10-19 00:00:00-04:00
83.2511978149414,2022-10-20 00:00:00-04:00
85.92911529541016,2022-10-21 00:00:00-04:00
86.22445678710938,2022-10-24 00:00:00-04:00
86.78563690185547,2022-10-25 00:00:00-04:00
87.40587615966797,2022-10-26 00:00:00-04:00
91.59994506835938,2022-10-27 00:00:00-04:00
92.29896545410156,2022-10-28 00:00:00-04:00
93.07673645019531,2022-10-31 00:00:00-04:00
94.04155731201172,2022-11-01 00:00:00-04:00
91.649169921875,2022-11-02 00:00:00-04:00
92.9487533569336,2022-11-03 00:00:00-04:00
92.86014556884766,2022-11-04 00:00:00-04:00
92.05282592773438,2022-11-07 00:00:00-05:00
86.18508911132812,2022-11-08 00:00:00-05:00
85.9980239868164,2022-11-09 00:00:00-05:00
93.66744995117188,2022-11-10 00:00:00-05:00
90.88125610351562,2022-11-11 00:00:00-05:00
92.6077880859375,2022-11-14 00:00:00-05:00
92.19365692138672,2022-11-15 00:00:00-05:00
90.39908599853516,2022-11-16 00:00:00-05:00
88.79186248779297,2022-11-17 00:00:00-05:00
91.99645233154297,2022-11-18 00:00:00-05:00
92.08518981933594,2022-11-21 00:00:00-05:00
94.92495727539062,2022-11-22 00:00:00-05:00
95.27006530761719,2022-11-23 00:00:00-05:00
95.80252075195312,2022-11-25 00:00:00-05:00
93.4853515625,2022-11-28 00:00:00-05:00
93.11065673828125,2022-11-29 00:00:00-05:00
94.77705383300781,2022-11-30 00:00:00-05:00
93.15010070800781,2022-12-01 00:00:00-05:00
90.7540512084961,2022-12-02 00:00:00-05:00
88.80171966552734,2022-12-05 00:00:00-05:00
89.51166534423828,2022-12-06 00:00:00-05:00
90.6850357055664,2022-12-07 00:00:00-05:00
90.13285064697266,2022-12-08 00:00:00-05:00
88.46646881103516,2022-12-09 00:00:00-05:00
89.6102523803711,2022-12-12 00:00:00-05:00
89.57081604003906,2022-12-13 00:00:00-05:00
89.58068084716797,2022-12-14 00:00:00-05:00
88.44673919677734,2022-12-15 00:00:00-05:00
86.96771240234375,2022-12-16 00:00:00-05:00
86.50426483154297,2022-12-19 00:00:00-05:00
86.33663940429688,2022-12-20 00:00:00-05:00
88.39744567871094,2022-12-21 00:00:00-05:00
86.10984802246094,2022-12-22 00:00:00-05:00
86.8099365234375,2022-12-23 00:00:00-05:00
86.41551971435547,2022-12-27 00:00:00-05:00
85.39991760253906,2022-12-28 00:00:00-05:00
85.55768585205078,2022-12-29 00:00:00-05:00
85.00550079345703,2022-12-30 00:00:00-05:00
80.76558685302734,2023-01-03 00:00:00-05:00
82.24462890625,2023-01-04 00:00:00-05:00
81.25860595703125,2023-01-05 00:00:00-05:00
82.3333740234375,2023-01-06 00:00:00-05:00
82.82638549804688,2023-01-09 00:00:00-05:00
81.91924285888672,2023-01-10 00:00:00-05:00
82.9348373413086,2023-01-11 00:00:00-05:00
83.16162872314453,2023-01-12 00:00:00-05:00
83.97017669677734,2023-01-13 00:00:00-05:00
82.20519256591797,2023-01-17 00:00:00-05:00
80.70642852783203,2023-01-18 00:00:00-05:00
79.71054077148438,2023-01-19 00:00:00-05:00
81.8403549194336,2023-01-20 00:00:00-05:00
82.96442413330078,2023-01-23 00:00:00-05:00
82.73763275146484,2023-01-24 00:00:00-05:00
82.23477172851562,2023-01-25 00:00:00-05:00
84.68011474609375,2023-01-26 00:00:00-05:00
85.3703384399414,2023-01-27 00:00:00-05:00
81.24874114990234,2023-01-30 00:00:00-05:00
84.1673812866211,2023-01-31 00:00:00-05:00
84.21669006347656,2023-02-01 00:00:00-05:00
84.13780975341797,2023-02-02 00:00:00-05:00
82.03755950927734,2023-02-03 00:00:00-05:00
82.09673309326172,2023-02-06 00:00:00-05:00
84.72942352294922,2023-02-07 00:00:00-05:00
83.16162872314453,2023-02-08 00:00:00-05:00
83.24050903320312,2023-02-09 00:00:00-05:00
85.59712219238281,2023-02-10 00:00:00-05:00
85.18299102783203,2023-02-13 00:00:00-05:00
84.85760498046875,2023-02-14 00:00:00-05:00
84.80831146240234,2023-02-15 00:00:00-05:00
84.43360900878906,2023-02-16 00:00:00-05:00
83.36870574951172,2023-02-17 00:00:00-05:00
79.24710083007812,2023-02-21 00:00:00-05:00
76.71300506591797,2023-02-22 00:00:00-05:00
78.11317443847656,2023-02-23 00:00:00-05:00
78.44169616699219,2023-02-24 00:00:00-05:00
77.55111694335938,2023-02-27 00:00:00-05:00
74.10746765136719,2023-02-28 00:00:00-05:00
73.57310485839844,2023-03-01 00:00:00-05:00
75.38397979736328,2023-03-02 00:00:00-05:00
78.15473937988281,2023-03-03 00:00:00-05:00
77.97662353515625,2023-03-06 00:00:00-05:00
77.08602142333984,2023-03-07 00:00:00-05:00
77.25423431396484,2023-03-08 00:00:00-05:00
77.81828308105469,2023-03-09 00:00:00-05:00
76.73966979980469,2023-03-10 00:00:00-05:00
76.29436492919922,2023-03-13 00:00:00-04:00
77.1156997680664,2023-03-14 00:00:00-04:00
76.52196502685547,2023-03-15 00:00:00-04:00
77.61048126220703,2023-03-16 00:00:00-04:00
75.96782684326172,2023-03-17 00:00:00-04:00
76.19541931152344,2023-03-20 00:00:00-04:00
75.72042846679688,2023-03-21 00:00:00-04:00
73.64237213134766,2023-03-22 00:00:00-04:00
72.63304138183594,2023-03-23 00:00:00-04:00
72.67262268066406,2023-03-24 00:00:00-04:00
74.4834976196289,2023-03-27 00:00:00-04:00
74.72099304199219,2023-03-28 00:00:00-04:00
75.08712005615234,2023-03-29 00:00:00-04:00
76.01730346679688,2023-03-30 00:00:00-04:00
77.67974853515625,2023-03-31 00:00:00-04:00
75.81939697265625,2023-04-03 00:00:00-04:00
75.22565460205078,2023-04-04 00:00:00-04:00
75.70064544677734,2023-04-05 00:00:00-04:00
76.15583801269531,2023-04-06 00:00:00-04:00
76.52196502685547,2023-04-10 00:00:00-04:00
76.61103057861328,2023-04-11 00:00:00-04:00
76.00740051269531,2023-04-12 00:00:00-04:00
76.33395385742188,2023-04-13 00:00:00-04:00
75.63137817382812,2023-04-14 00:00:00-04:00
74.25590515136719,2023-04-17 00:00:00-04:00
73.70175170898438,2023-04-18 00:00:00-04:00
73.96893310546875,2023-04-19 00:00:00-04:00
75.67095947265625,2023-04-20 00:00:00-04:00
75.7501220703125,2023-04-21 00:00:00-04:00
76.48239135742188,2023-04-24 00:00:00-04:00
76.12615966796875,2023-04-25 00:00:00-04:00
75.06732940673828,2023-04-26 00:00:00-04:00
75.94803619384766,2023-04-27 00:00:00-04:00
76.59124755859375,2023-04-28 00:00:00-04:00
76.24490356445312,2023-05-01 00:00:00-04:00
75.98762512207031,2023-05-02 00:00:00-04:00
75.71054077148438,2023-05-03 00:00:00-04:00
77.76879119873047,2023-05-04 00:00:00-04:00
78.6594009399414,2023-05-05 00:00:00-04:00
77.8875503540039,2023-05-08 00:00:00-04:00
78.12503814697266,2023-05-09 00:00:00-04:00
78.62476348876953,2023-05-10 00:00:00-04:00
78.57213592529297,2023-05-11 00:00:00-04:00
79.29708099365234,2023-05-12 00:00:00-04:00
79.71416473388672,2023-05-15 00:00:00-04:00
78.45297241210938,2023-05-16 00:00:00-04:00
79.83333587646484,2023-05-17 00:00:00-04:00
80.83634185791016,2023-05-18 00:00:00-04:00
81.73011779785156,2023-05-19 00:00:00-04:00
82.95159149169922,2023-05-22 00:00:00-04:00
83.45806884765625,2023-05-23 00:00:00-04:00
82.73311614990234,2023-05-24 00:00:00-04:00
82.17699432373047,2023-05-25 00:00:00-04:00
83.26937866210938,2023-05-26 00:00:00-04:00
83.12041473388672,2023-05-30 00:00:00-04:00
83.43820190429688,2023-05-31 00:00:00-04:00
88.2645492553711,2023-06-01 00:00:00-04:00
86.93382263183594,2023-06-02 00:00:00-04:00
86.90403747558594,2023-06-05 00:00:00-04:00
88.92991638183594,2023-06-06 00:00:00-04:00
90.18118286132812,2023-06-07 00:00:00-04:00
91.66087341308594,2023-06-08 00:00:00-04:00
92.6440200805664,2023-06-09 00:00:00-04:00
93.100830078125,2023-06-12 00:00:00-04:00
93.59735870361328,2023-06-13 00:00:00-04:00
92.55463409423828,2023-06-14 00:00:00-04:00
92.81283569335938,2023-06-15 00:00:00-04:00
92.24678039550781,2023-06-16 00:00:00-04:00
91.35301208496094,2023-06-20 00:00:00-04:00
89.87332916259766,2023-06-21 00:00:00-04:00
88.63198852539062,2023-06-22 00:00:00-04:00
89.73430633544922,2023-06-23 00:00:00-04:00
90.00243377685547,2023-06-26 00:00:00-04:00
90.22090148925781,2023-06-27 00:00:00-04:00
89.92298889160156,2023-06-28 00:00:00-04:00
90.24076843261719,2023-06-29 00:00:00-04:00
90.91606140136719,2023-06-30 00:00:00-04:00
90.96571350097656,2023-07-03 00:00:00-04:00
91.5019760131836,2023-07-05 00:00:00-04:00
90.369873046875,2023-07-06 00:00:00-04:00
90.69758605957031,2023-07-07 00:00:00-04:00
92.95186614990234,2023-07-10 00:00:00-04:00
93.70660400390625,2023-07-11 00:00:00-04:00
95.39482879638672,2023-07-12 00:00:00-04:00
94.61029815673828,2023-07-13 00:00:00-04:00
94.34217071533203,2023-07-14 00:00:00-04:00
95.51399993896484,2023-07-17 00:00:00-04:00
94.7096176147461,2023-07-18 00:00:00-04:00
94.07404327392578,2023-07-19 00:00:00-04:00
96.21907806396484,2023-07-20 00:00:00-04:00
95.93109130859375,2023-07-21 00:00:00-04:00
95.88143920898438,2023-07-24 00:00:00-04:00
96.84471893310547,2023-07-25 00:00:00-04:00
96.66596984863281,2023-07-26 00:00:00-04:00
94.7592544555664,2023-07-27 00:00:00-04:00
95.0770492553711,2023-07-28 00:00:00-04:00
95.98075103759766,2023-07-31 00:00:00-04:00
95.6331787109375,2023-08-01 00:00:00-04:00
94.88836669921875,2023-08-02 00:00:00-04:00
100.43965148925781,2023-08-03 00:00:00-04:00
103.22026824951172,2023-08-04 00:00:00-04:00
103.03158569335938,2023-08-07 00:00:00-04:00
104.08423614501953,2023-08-08 00:00:00-04:00
104.38216400146484,2023-08-09 00:00:00-04:00
104.98794555664062,2023-08-10 00:00:00-04:00
106.10514831542969,2023-08-11 00:00:00-04:00
106.54327392578125,2023-08-14 00:00:00-04:00
105.78651428222656,2023-08-15 00:00:00-04:00
104.6513900756836,2023-08-16 00:00:00-04:00
104.37257385253906,2023-08-17 00:00:00-04:00
104.32279205322266,2023-08-18 00:00:00-04:00
105.65706634521484,2023-08-21 00:00:00-04:00
105.80643463134766,2023-08-22 00:00:00-04:00
107.97713470458984,2023-08-23 00:00:00-04:00
106.46361541748047,2023-08-24 00:00:00-04:00
105.41809844970703,2023-08-25 00:00:00-04:00
104.92023468017578,2023-08-28 00:00:00-04:00
105.08950805664062,2023-08-29 00:00:00-04:00
105.28865051269531,2023-08-30 00:00:00-04:00
103.71540069580078,2023-08-31 00:00:00-04:00
106.83203887939453,2023-09-01 00:00:00-04:00
105.59733581542969,2023-09-05 00:00:00-04:00
106.184814453125,2023-09-06 00:00:00-04:00
108.07669830322266,2023-09-07 00:00:00-04:00
108.17627716064453,2023-09-08 00:00:00-04:00
109.51055908203125,2023-09-11 00:00:00-04:00
108.03687286376953,2023-09-12 00:00:00-04:00
108.80358123779297,2023-09-13 00:00:00-04:00
111.97996520996094,2023-09-14 00:00:00-04:00
109.46076965332031,2023-09-15 00:00:00-04:00
110.2673110961914,2023-09-18 00:00:00-04:00
110.06816101074219,2023-09-19 00:00:00-04:00
109.65990447998047,2023-09-20 00:00:00-04:00
109.4707260131836,2023-09-21 00:00:00-04:00
109.88893127441406,2023-09-22 00:00:00-04:00
111.73103332519531,2023-09-25 00:00:00-04:00
108.02690887451172,2023-09-26 00:00:00-04:00
110.27726745605469,2023-09-27 00:00:00-04:00
108.8533706665039,2023-09-28 00:00:00-04:00
108.6144027709961,2023-09-29 00:00:00-04:00
104.28296661376953,2023-10-02 00:00:00-04:00
104.44227600097656,2023-10-03 00:00:00-04:00
105.70686340332031,2023-10-04 00:00:00-04:00
107.41951751708984,2023-10-05 00:00:00-04:00
109.69973754882812,2023-10-06 00:00:00-04:00
110.90457916259766,2023-10-09 00:00:00-04:00
112.51766204833984,2023-10-10 00:00:00-04:00
114.57882690429688,2023-10-11 00:00:00-04:00
115.22605895996094,2023-10-12 00:00:00-04:00
113.20471954345703,2023-10-13 00:00:00-04:00
116.33131408691406,2023-10-16 00:00:00-04:00
116.64994812011719,2023-10-17 00:00:00-04:00
115.5745620727539,2023-10-18 00:00:00-04:00
113.80215454101562,2023-10-19 00:00:00-04:00
111.62150573730469,2023-10-20 00:00:00-04:00
111.6314697265625,2023-10-23 00:00:00-04:00
113.78224182128906,2023-10-24 00:00:00-04:00
111.55180358886719,2023-10-25 00:00:00-04:00
112.23886108398438,2023-10-26 00:00:00-04:00
110.30714416503906,2023-10-27 00:00:00-04:00
112.54753875732422,2023-10-30 00:00:00-04:00
112.43800354003906,2023-10-31 00:00:00-04:00
114.3597640991211,2023-11-01 00:00:00-04:00
116.68978118896484,2023-11-02 00:00:00-04:00
116.5702896118164,2023-11-03 00:00:00-04:00
124.19760131835938,2023-11-06 00:00:00-05:00
119.35833740234375,2023-11-07 00:00:00-05:00
120.6627426147461,2023-11-08 00:00:00-05:00
120.1150894165039,2023-11-09 00:00:00-05:00
121.25022888183594,2023-11-10 00:00:00-05:00
121.20044708251953,2023-11-13 00:00:00-05:00
125.97994995117188,2023-11-14 00:00:00-05:00
121.46929168701172,2023-11-15 00:00:00-05:00
121.43135833740234,2023-11-16 00:00:00-05:00
121.45132446289062,2023-11-17 00:00:00-05:00
122.0401611328125,2023-11-20 00:00:00-05:00
122.26971435546875,2023-11-21 00:00:00-05:00
123.00826263427734,2023-11-22 00:00:00-05:00
123.6170654296875,2023-11-24 00:00:00-05:00
124.8546371459961,2023-11-27 00:00:00-05:00
124.2059097290039,2023-11-28 00:00:00-05:00
120.343505859375,2023-11-29 00:00:00-05:00
120.80259704589844,2023-11-30 00:00:00-05:00
119.64486694335938,2023-12-01 00:00:00-05:00
118.68675231933594,2023-12-04 00:00:00-05:00
118.07794952392578,2023-12-05 00:00:00-05:00
112.40908813476562,2023-12-06 00:00:00-05:00
110.3132095336914,2023-12-07 00:00:00-05:00
110.99187469482422,2023-12-08 00:00:00-05:00
115.92218780517578,2023-12-11 00:00:00-05:00
114.26544189453125,2023-12-12 00:00:00-05:00
116.2016372680664,2023-12-13 00:00:00-05:00
115.3732681274414,2023-12-14 00:00:00-05:00
118.51708984375,2023-12-15 00:00:00-05:00
119.12589263916016,2023-12-18 00:00:00-05:00
120.57304382324219,2023-12-19 00:00:00-05:00
116.78050231933594,2023-12-20 00:00:00-05:00
118.07794952392578,2023-12-21 00:00:00-05:00
115.10379791259766,2023-12-22 00:00:00-05:00
117.33940124511719,2023-12-26 00:00:00-05:00
117.189697265625,2023-12-27 00:00:00-05:00
116.88031005859375,2023-12-28 00:00:00-05:00
116.66073608398438,2023-12-29 00:00:00-05:00
115.02395629882812,2024-01-02 00:00:00-05:00
115.62277221679688,2024-01-03 00:00:00-05:00
115.13373565673828,2024-01-04 00:00:00-05:00
116.01200866699219,2024-01-05 00:00:00-05:00
116.80046081542969,2024-01-08 00:00:00-05:00
116.26152038574219,2024-01-09 00:00:00-05:00
115.62277221679688,2024-01-10 00:00:00-05:00
112.68854522705078,2024-01-11 00:00:00-05:00
112.68854522705078,2024-01-12 00:00:00-05:00
111.5906982421875,2024-01-16 00:00:00-05:00
111.70048522949219,2024-01-17 00:00:00-05:00
111.19149017333984,2024-01-18 00:00:00-05:00
114.22551727294922,2024-01-19 00:00:00-05:00
116.98011016845703,2024-01-22 00:00:00-05:00
118.45720672607422,2024-01-23 00:00:00-05:00
115.44313049316406,2024-01-24 00:00:00-05:00
120.31356048583984,2024-01-25 00:00:00-05:00
121.03214263916016,2024-01-26 00:00:00-05:00
120.77265930175781,2024-01-29 00:00:00-05:00
121.64094543457031,2024-01-30 00:00:00-05:00
121.76071166992188,2024-01-31 00:00:00-05:00
127.37966918945312,2024-02-01 00:00:00-05:00
129.45559692382812,2024-02-02 00:00:00-05:00
126.78084564208984,2024-02-05 00:00:00-05:00
130.75303649902344,2024-02-06 00:00:00-05:00
132.24012756347656,2024-02-07 00:00:00-05:00
130.46360778808594,2024-02-08 00:00:00-05:00
131.9107666015625,2024-02-09 00:00:00-05:00
128.2579345703125,2024-02-12 00:00:00-05:00
127.65912628173828,2024-02-13 00:00:00-05:00
128.41763305664062,2024-02-14 00:00:00-05:00
131.24208068847656,2024-02-15 00:00:00-05:00
130.9027557373047,2024-02-16 00:00:00-05:00
131.54150390625,2024-02-20 00:00:00-05:00
131.14227294921875,2024-02-21 00:00:00-05:00
133.1283721923828,2024-02-22 00:00:00-05:00
133.72720336914062,2024-02-23 00:00:00-05:00
132.95870971679688,2024-02-26 00:00:00-05:00
155.45449829101562,2024-02-27 00:00:00-05:00
170.4949493408203,2024-02-28 00:00:00-05:00
168.11961364746094,2024-02-29 00:00:00-05:00
169.65660095214844,2024-03-01 00:00:00-05:00
175.6448211669922,2024-03-04 00:00:00-05:00
176.4232940673828,2024-03-05 00:00:00-05:00
179.6269989013672,2024-03-06 00:00:00-05:00
179.5800018310547,2024-03-07 00:00:00-05:00
170.57000732421875,2024-03-08 00:00:00-05:00
167.91000366210938,2024-03-11 00:00:00-04:00
168.3699951171875,2024-03-12 00:00:00-04:00
167.86000061035156,2024-03-13 00:00:00-04:00
164.63999938964844,2024-03-14 00:00:00-04:00
165.52000427246094,2024-03-15 00:00:00-04:00
168.83999633789062,2024-03-18 00:00:00-04:00
172.41000366210938,2024-03-19 00:00:00-04:00
175.7100067138672,2024-03-20 00:00:00-04:00
174.1300048828125,2024-03-21 00:00:00-04:00
178.24000549316406,2024-03-22 00:00:00-04:00
187.25999450683594,2024-03-25 00:00:00-04:00
185.41000366210938,2024-03-26 00:00:00-04:00
184.88999938964844,2024-03-27 00:00:00-04:00
184.85000610351562,2024-03-28 00:00:00-04:00
185.97999572753906,2024-04-01 00:00:00-04:00
188.1300048828125,2024-04-02 00:00:00-04:00
190.25999450683594,2024-04-03 00:00:00-04:00
183.11000061035156,2024-04-04 00:00:00-04:00
193.0800018310547,2024-04-05 00:00:00-04:00
191.97999572753906,2024-04-08 00:00:00-04:00
188.10000610351562,2024-04-09 00:00:00-04:00
191.0800018310547,2024-04-10 00:00:00-04:00
192.8800048828125,2024-04-11 00:00:00-04:00
191.6699981689453,2024-04-12 00:00:00-04:00
185.39999389648438,2024-04-15 00:00:00-04:00
186.64999389648438,2024-04-16 00:00:00-04:00
185.39999389648438,2024-04-17 00:00:00-04:00
183.86000061035156,2024-04-18 00:00:00-04:00
180.89999389648438,2024-04-19 00:00:00-04:00
183.22000122070312,2024-04-22 00:00:00-04:00
188.25,2024-04-23 00:00:00-04:00
186.16000366210938,2024-04-24 00:00:00-04:00
188.00999450683594,2024-04-25 00:00:00-04:00
188.3699951171875,2024-04-26 00:00:00-04:00
188.61000061035156,2024-04-29 00:00:00-04:00
185.94000244140625,2024-04-30 00:00:00-04:00
184.64999389648438,2024-05-01 00:00:00-04:00
