GFS,Date
46.400001525878906,2021-10-28 00:00:00-04:00
48.7400016784668,2021-10-29 00:00:00-04:00
53.869998931884766,2021-11-01 00:00:00-04:00
56.41999816894531,2021-11-02 00:00:00-04:00
59.0,2021-11-03 00:00:00-04:00
62.68000030517578,2021-11-04 00:00:00-04:00
63.630001068115234,2021-11-05 00:00:00-04:00
59.36000061035156,2021-11-08 00:00:00-05:00
59.83000183105469,2021-11-09 00:00:00-05:00
57.720001220703125,2021-11-10 00:00:00-05:00
56.189998626708984,2021-11-11 00:00:00-05:00
55.959999084472656,2021-11-12 00:00:00-05:00
59.599998474121094,2021-11-15 00:00:00-05:00
61.66999816894531,2021-11-16 00:00:00-05:00
62.70000076293945,2021-11-17 00:00:00-05:00
64.2699966430664,2021-11-18 00:00:00-05:00
62.11000061035156,2021-11-19 00:00:00-05:00
63.9900016784668,2021-11-22 00:00:00-05:00
63.779998779296875,2021-11-23 00:00:00-05:00
68.97000122070312,2021-11-24 00:00:00-05:00
67.29000091552734,2021-11-26 00:00:00-05:00
70.54000091552734,2021-11-29 00:00:00-05:00
69.23999786376953,2021-11-30 00:00:00-05:00
66.26000213623047,2021-12-01 00:00:00-05:00
65.80999755859375,2021-12-02 00:00:00-05:00
69.02999877929688,2021-12-03 00:00:00-05:00
64.91999816894531,2021-12-06 00:00:00-05:00
67.86000061035156,2021-12-07 00:00:00-05:00
65.7699966430664,2021-12-08 00:00:00-05:00
63.70000076293945,2021-12-09 00:00:00-05:00
63.83000183105469,2021-12-10 00:00:00-05:00
61.209999084472656,2021-12-13 00:00:00-05:00
60.13999938964844,2021-12-14 00:00:00-05:00
60.970001220703125,2021-12-15 00:00:00-05:00
60.65999984741211,2021-12-16 00:00:00-05:00
60.0,2021-12-17 00:00:00-05:00
59.900001525878906,2021-12-20 00:00:00-05:00
62.2400016784668,2021-12-21 00:00:00-05:00
62.43000030517578,2021-12-22 00:00:00-05:00
61.709999084472656,2021-12-23 00:00:00-05:00
64.0,2021-12-27 00:00:00-05:00
65.37999725341797,2021-12-28 00:00:00-05:00
63.79999923706055,2021-12-29 00:00:00-05:00
64.48999786376953,2021-12-30 00:00:00-05:00
64.97000122070312,2021-12-31 00:00:00-05:00
66.7300033569336,2022-01-03 00:00:00-05:00
65.70999908447266,2022-01-04 00:00:00-05:00
62.54999923706055,2022-01-05 00:00:00-05:00
61.5099983215332,2022-01-06 00:00:00-05:00
60.0099983215332,2022-01-07 00:00:00-05:00
59.7599983215332,2022-01-10 00:00:00-05:00
62.13999938964844,2022-01-11 00:00:00-05:00
62.04999923706055,2022-01-12 00:00:00-05:00
59.349998474121094,2022-01-13 00:00:00-05:00
59.599998474121094,2022-01-14 00:00:00-05:00
57.939998626708984,2022-01-18 00:00:00-05:00
56.66999816894531,2022-01-19 00:00:00-05:00
53.529998779296875,2022-01-20 00:00:00-05:00
51.25,2022-01-21 00:00:00-05:00
50.439998626708984,2022-01-24 00:00:00-05:00
46.869998931884766,2022-01-25 00:00:00-05:00
47.599998474121094,2022-01-26 00:00:00-05:00
44.709999084472656,2022-01-27 00:00:00-05:00
46.09000015258789,2022-01-28 00:00:00-05:00
49.34000015258789,2022-01-31 00:00:00-05:00
50.09000015258789,2022-02-01 00:00:00-05:00
50.349998474121094,2022-02-02 00:00:00-05:00
49.34000015258789,2022-02-03 00:00:00-05:00
52.06999969482422,2022-02-04 00:00:00-05:00
54.4900016784668,2022-02-07 00:00:00-05:00
56.04999923706055,2022-02-08 00:00:00-05:00
57.0,2022-02-09 00:00:00-05:00
57.790000915527344,2022-02-10 00:00:00-05:00
53.47999954223633,2022-02-11 00:00:00-05:00
54.470001220703125,2022-02-14 00:00:00-05:00
55.16999816894531,2022-02-15 00:00:00-05:00
52.93000030517578,2022-02-16 00:00:00-05:00
48.95000076293945,2022-02-17 00:00:00-05:00
49.709999084472656,2022-02-18 00:00:00-05:00
49.33000183105469,2022-02-22 00:00:00-05:00
47.95000076293945,2022-02-23 00:00:00-05:00
54.79999923706055,2022-02-24 00:00:00-05:00
57.029998779296875,2022-02-25 00:00:00-05:00
60.779998779296875,2022-02-28 00:00:00-05:00
58.220001220703125,2022-03-01 00:00:00-05:00
59.599998474121094,2022-03-02 00:00:00-05:00
62.47999954223633,2022-03-03 00:00:00-05:00
60.689998626708984,2022-03-04 00:00:00-05:00
55.790000915527344,2022-03-07 00:00:00-05:00
56.439998626708984,2022-03-08 00:00:00-05:00
58.150001525878906,2022-03-09 00:00:00-05:00
58.880001068115234,2022-03-10 00:00:00-05:00
58.459999084472656,2022-03-11 00:00:00-05:00
58.40999984741211,2022-03-14 00:00:00-04:00
65.79000091552734,2022-03-15 00:00:00-04:00
70.26000213623047,2022-03-16 00:00:00-04:00
71.91000366210938,2022-03-17 00:00:00-04:00
76.77999877929688,2022-03-18 00:00:00-04:00
72.47000122070312,2022-03-21 00:00:00-04:00
73.87999725341797,2022-03-22 00:00:00-04:00
70.08999633789062,2022-03-23 00:00:00-04:00
76.22000122070312,2022-03-24 00:00:00-04:00
78.94000244140625,2022-03-25 00:00:00-04:00
73.9000015258789,2022-03-28 00:00:00-04:00
74.62999725341797,2022-03-29 00:00:00-04:00
67.0199966430664,2022-03-30 00:00:00-04:00
62.41999816894531,2022-03-31 00:00:00-04:00
60.7400016784668,2022-04-01 00:00:00-04:00
62.290000915527344,2022-04-04 00:00:00-04:00
58.400001525878906,2022-04-05 00:00:00-04:00
56.900001525878906,2022-04-06 00:00:00-04:00
56.189998626708984,2022-04-07 00:00:00-04:00
54.75,2022-04-08 00:00:00-04:00
54.040000915527344,2022-04-11 00:00:00-04:00
53.290000915527344,2022-04-12 00:00:00-04:00
54.83000183105469,2022-04-13 00:00:00-04:00
52.099998474121094,2022-04-14 00:00:00-04:00
52.650001525878906,2022-04-18 00:00:00-04:00
52.88999938964844,2022-04-19 00:00:00-04:00
53.189998626708984,2022-04-20 00:00:00-04:00
52.040000915527344,2022-04-21 00:00:00-04:00
50.7400016784668,2022-04-22 00:00:00-04:00
52.720001220703125,2022-04-25 00:00:00-04:00
49.5,2022-04-26 00:00:00-04:00
51.63999938964844,2022-04-27 00:00:00-04:00
54.060001373291016,2022-04-28 00:00:00-04:00
52.290000915527344,2022-04-29 00:00:00-04:00
53.77000045776367,2022-05-02 00:00:00-04:00
54.18000030517578,2022-05-03 00:00:00-04:00
56.5099983215332,2022-05-04 00:00:00-04:00
54.93000030517578,2022-05-05 00:00:00-04:00
56.369998931884766,2022-05-06 00:00:00-04:00
52.279998779296875,2022-05-09 00:00:00-04:00
52.72999954223633,2022-05-10 00:00:00-04:00
49.029998779296875,2022-05-11 00:00:00-04:00
49.70000076293945,2022-05-12 00:00:00-04:00
52.77000045776367,2022-05-13 00:00:00-04:00
53.099998474121094,2022-05-16 00:00:00-04:00
56.0,2022-05-17 00:00:00-04:00
53.689998626708984,2022-05-18 00:00:00-04:00
54.22999954223633,2022-05-19 00:00:00-04:00
55.0,2022-05-20 00:00:00-04:00
54.540000915527344,2022-05-23 00:00:00-04:00
55.47999954223633,2022-05-24 00:00:00-04:00
58.619998931884766,2022-05-25 00:00:00-04:00
59.4900016784668,2022-05-26 00:00:00-04:00
60.099998474121094,2022-05-27 00:00:00-04:00
59.689998626708984,2022-05-31 00:00:00-04:00
58.119998931884766,2022-06-01 00:00:00-04:00
59.61000061035156,2022-06-02 00:00:00-04:00
58.7599983215332,2022-06-03 00:00:00-04:00
57.22999954223633,2022-06-06 00:00:00-04:00
56.5099983215332,2022-06-07 00:00:00-04:00
54.7400016784668,2022-06-08 00:00:00-04:00
53.14500045776367,2022-06-09 00:00:00-04:00
51.75,2022-06-10 00:00:00-04:00
48.5099983215332,2022-06-13 00:00:00-04:00
47.38999938964844,2022-06-14 00:00:00-04:00
49.459999084472656,2022-06-15 00:00:00-04:00
45.43000030517578,2022-06-16 00:00:00-04:00
44.86000061035156,2022-06-17 00:00:00-04:00
45.439998626708984,2022-06-21 00:00:00-04:00
44.810001373291016,2022-06-22 00:00:00-04:00
43.65999984741211,2022-06-23 00:00:00-04:00
45.88999938964844,2022-06-24 00:00:00-04:00
45.41999816894531,2022-06-27 00:00:00-04:00
44.369998931884766,2022-06-28 00:00:00-04:00
43.060001373291016,2022-06-29 00:00:00-04:00
40.34000015258789,2022-06-30 00:00:00-04:00
38.810001373291016,2022-07-01 00:00:00-04:00
40.56999969482422,2022-07-05 00:00:00-04:00
41.08000183105469,2022-07-06 00:00:00-04:00
43.34000015258789,2022-07-07 00:00:00-04:00
45.27000045776367,2022-07-08 00:00:00-04:00
42.88999938964844,2022-07-11 00:00:00-04:00
41.47999954223633,2022-07-12 00:00:00-04:00
41.83000183105469,2022-07-13 00:00:00-04:00
44.41999816894531,2022-07-14 00:00:00-04:00
45.970001220703125,2022-07-15 00:00:00-04:00
45.09000015258789,2022-07-18 00:00:00-04:00
46.849998474121094,2022-07-19 00:00:00-04:00
48.52000045776367,2022-07-20 00:00:00-04:00
48.65999984741211,2022-07-21 00:00:00-04:00
48.15999984741211,2022-07-22 00:00:00-04:00
46.349998474121094,2022-07-25 00:00:00-04:00
46.130001068115234,2022-07-26 00:00:00-04:00
47.43000030517578,2022-07-27 00:00:00-04:00
47.400001525878906,2022-07-28 00:00:00-04:00
51.47999954223633,2022-07-29 00:00:00-04:00
54.540000915527344,2022-08-01 00:00:00-04:00
52.75,2022-08-02 00:00:00-04:00
54.09000015258789,2022-08-03 00:00:00-04:00
53.630001068115234,2022-08-04 00:00:00-04:00
53.09000015258789,2022-08-05 00:00:00-04:00
59.189998626708984,2022-08-08 00:00:00-04:00
55.66999816894531,2022-08-09 00:00:00-04:00
57.70000076293945,2022-08-10 00:00:00-04:00
58.04999923706055,2022-08-11 00:00:00-04:00
64.94999694824219,2022-08-12 00:00:00-04:00
63.22999954223633,2022-08-15 00:00:00-04:00
63.959999084472656,2022-08-16 00:00:00-04:00
61.470001220703125,2022-08-17 00:00:00-04:00
64.1500015258789,2022-08-18 00:00:00-04:00
61.20000076293945,2022-08-19 00:00:00-04:00
59.040000915527344,2022-08-22 00:00:00-04:00
59.86000061035156,2022-08-23 00:00:00-04:00
60.400001525878906,2022-08-24 00:00:00-04:00
64.5,2022-08-25 00:00:00-04:00
60.650001525878906,2022-08-26 00:00:00-04:00
59.040000915527344,2022-08-29 00:00:00-04:00
61.11000061035156,2022-08-30 00:00:00-04:00
59.81999969482422,2022-08-31 00:00:00-04:00
57.43000030517578,2022-09-01 00:00:00-04:00
57.880001068115234,2022-09-02 00:00:00-04:00
58.900001525878906,2022-09-06 00:00:00-04:00
59.77000045776367,2022-09-07 00:00:00-04:00
60.220001220703125,2022-09-08 00:00:00-04:00
60.18000030517578,2022-09-09 00:00:00-04:00
60.34000015258789,2022-09-12 00:00:00-04:00
56.880001068115234,2022-09-13 00:00:00-04:00
58.31999969482422,2022-09-14 00:00:00-04:00
58.4900016784668,2022-09-15 00:00:00-04:00
57.61000061035156,2022-09-16 00:00:00-04:00
57.90999984741211,2022-09-19 00:00:00-04:00
56.81999969482422,2022-09-20 00:00:00-04:00
56.290000915527344,2022-09-21 00:00:00-04:00
54.86000061035156,2022-09-22 00:00:00-04:00
53.25,2022-09-23 00:00:00-04:00
52.79999923706055,2022-09-26 00:00:00-04:00
52.880001068115234,2022-09-27 00:00:00-04:00
52.45000076293945,2022-09-28 00:00:00-04:00
50.130001068115234,2022-09-29 00:00:00-04:00
48.349998474121094,2022-09-30 00:00:00-04:00
49.83000183105469,2022-10-03 00:00:00-04:00
52.06999969482422,2022-10-04 00:00:00-04:00
53.02000045776367,2022-10-05 00:00:00-04:00
53.529998779296875,2022-10-06 00:00:00-04:00
50.7400016784668,2022-10-07 00:00:00-04:00
49.279998779296875,2022-10-10 00:00:00-04:00
50.02000045776367,2022-10-11 00:00:00-04:00
49.91999816894531,2022-10-12 00:00:00-04:00
50.4900016784668,2022-10-13 00:00:00-04:00
48.040000915527344,2022-10-14 00:00:00-04:00
49.709999084472656,2022-10-17 00:00:00-04:00
52.380001068115234,2022-10-18 00:00:00-04:00
52.63999938964844,2022-10-19 00:00:00-04:00
53.279998779296875,2022-10-20 00:00:00-04:00
55.279998779296875,2022-10-21 00:00:00-04:00
58.7599983215332,2022-10-24 00:00:00-04:00
58.41999816894531,2022-10-25 00:00:00-04:00
57.13999938964844,2022-10-26 00:00:00-04:00
55.66999816894531,2022-10-27 00:00:00-04:00
57.25,2022-10-28 00:00:00-04:00
56.70000076293945,2022-10-31 00:00:00-04:00
57.0099983215332,2022-11-01 00:00:00-04:00
56.369998931884766,2022-11-02 00:00:00-04:00
52.689998626708984,2022-11-03 00:00:00-04:00
54.16999816894531,2022-11-04 00:00:00-04:00
56.27000045776367,2022-11-07 00:00:00-05:00
61.119998931884766,2022-11-08 00:00:00-05:00
61.0,2022-11-09 00:00:00-05:00
62.70000076293945,2022-11-10 00:00:00-05:00
64.7699966430664,2022-11-11 00:00:00-05:00
65.02999877929688,2022-11-14 00:00:00-05:00
66.58000183105469,2022-11-15 00:00:00-05:00
64.23999786376953,2022-11-16 00:00:00-05:00
66.63999938964844,2022-11-17 00:00:00-05:00
67.44999694824219,2022-11-18 00:00:00-05:00
66.06999969482422,2022-11-21 00:00:00-05:00
67.31999969482422,2022-11-22 00:00:00-05:00
67.58000183105469,2022-11-23 00:00:00-05:00
67.61000061035156,2022-11-25 00:00:00-05:00
63.900001525878906,2022-11-28 00:00:00-05:00
62.869998931884766,2022-11-29 00:00:00-05:00
64.3499984741211,2022-11-30 00:00:00-05:00
63.65999984741211,2022-12-01 00:00:00-05:00
62.540000915527344,2022-12-02 00:00:00-05:00
62.13999938964844,2022-12-05 00:00:00-05:00
60.810001373291016,2022-12-06 00:00:00-05:00
60.900001525878906,2022-12-07 00:00:00-05:00
62.41999816894531,2022-12-08 00:00:00-05:00
63.41999816894531,2022-12-09 00:00:00-05:00
66.81999969482422,2022-12-12 00:00:00-05:00
65.4000015258789,2022-12-13 00:00:00-05:00
65.5,2022-12-14 00:00:00-05:00
61.86000061035156,2022-12-15 00:00:00-05:00
60.029998779296875,2022-12-16 00:00:00-05:00
58.06999969482422,2022-12-19 00:00:00-05:00
57.59000015258789,2022-12-20 00:00:00-05:00
57.5,2022-12-21 00:00:00-05:00
55.18000030517578,2022-12-22 00:00:00-05:00
54.7400016784668,2022-12-23 00:00:00-05:00
53.630001068115234,2022-12-27 00:00:00-05:00
52.290000915527344,2022-12-28 00:00:00-05:00
53.810001373291016,2022-12-29 00:00:00-05:00
53.88999938964844,2022-12-30 00:00:00-05:00
51.70000076293945,2023-01-03 00:00:00-05:00
52.90999984741211,2023-01-04 00:00:00-05:00
51.02000045776367,2023-01-05 00:00:00-05:00
52.75,2023-01-06 00:00:00-05:00
55.380001068115234,2023-01-09 00:00:00-05:00
55.40999984741211,2023-01-10 00:00:00-05:00
57.06999969482422,2023-01-11 00:00:00-05:00
58.290000915527344,2023-01-12 00:00:00-05:00
59.13999938964844,2023-01-13 00:00:00-05:00
59.040000915527344,2023-01-17 00:00:00-05:00
58.099998474121094,2023-01-18 00:00:00-05:00
55.54999923706055,2023-01-19 00:00:00-05:00
56.45000076293945,2023-01-20 00:00:00-05:00
58.65999984741211,2023-01-23 00:00:00-05:00
59.0099983215332,2023-01-24 00:00:00-05:00
58.70000076293945,2023-01-25 00:00:00-05:00
60.13999938964844,2023-01-26 00:00:00-05:00
59.2400016784668,2023-01-27 00:00:00-05:00
57.5099983215332,2023-01-30 00:00:00-05:00
59.279998779296875,2023-01-31 00:00:00-05:00
63.189998626708984,2023-02-01 00:00:00-05:00
64.79000091552734,2023-02-02 00:00:00-05:00
63.25,2023-02-03 00:00:00-05:00
61.4900016784668,2023-02-06 00:00:00-05:00
63.0,2023-02-07 00:00:00-05:00
62.720001220703125,2023-02-08 00:00:00-05:00
64.9000015258789,2023-02-09 00:00:00-05:00
64.58999633789062,2023-02-10 00:00:00-05:00
66.1500015258789,2023-02-13 00:00:00-05:00
71.7300033569336,2023-02-14 00:00:00-05:00
69.91999816894531,2023-02-15 00:00:00-05:00
69.52999877929688,2023-02-16 00:00:00-05:00
67.16000366210938,2023-02-17 00:00:00-05:00
63.11000061035156,2023-02-21 00:00:00-05:00
63.220001220703125,2023-02-22 00:00:00-05:00
64.43000030517578,2023-02-23 00:00:00-05:00
64.69000244140625,2023-02-24 00:00:00-05:00
64.88999938964844,2023-02-27 00:00:00-05:00
65.33999633789062,2023-02-28 00:00:00-05:00
65.11000061035156,2023-03-01 00:00:00-05:00
65.54000091552734,2023-03-02 00:00:00-05:00
66.70999908447266,2023-03-03 00:00:00-05:00
66.19000244140625,2023-03-06 00:00:00-05:00
65.05999755859375,2023-03-07 00:00:00-05:00
67.51000213623047,2023-03-08 00:00:00-05:00
66.4000015258789,2023-03-09 00:00:00-05:00
64.19999694824219,2023-03-10 00:00:00-05:00
64.05000305175781,2023-03-13 00:00:00-04:00
65.8499984741211,2023-03-14 00:00:00-04:00
64.75,2023-03-15 00:00:00-04:00
66.7699966430664,2023-03-16 00:00:00-04:00
66.45999908447266,2023-03-17 00:00:00-04:00
68.08999633789062,2023-03-20 00:00:00-04:00
68.83999633789062,2023-03-21 00:00:00-04:00
68.26000213623047,2023-03-22 00:00:00-04:00
69.73999786376953,2023-03-23 00:00:00-04:00
69.05000305175781,2023-03-24 00:00:00-04:00
67.80000305175781,2023-03-27 00:00:00-04:00
66.25,2023-03-28 00:00:00-04:00
69.41999816894531,2023-03-29 00:00:00-04:00
70.55999755859375,2023-03-30 00:00:00-04:00
72.18000030517578,2023-03-31 00:00:00-04:00
70.70999908447266,2023-04-03 00:00:00-04:00
69.33999633789062,2023-04-04 00:00:00-04:00
66.22000122070312,2023-04-05 00:00:00-04:00
66.9000015258789,2023-04-06 00:00:00-04:00
67.75,2023-04-10 00:00:00-04:00
67.69999694824219,2023-04-11 00:00:00-04:00
66.05999755859375,2023-04-12 00:00:00-04:00
65.93000030517578,2023-04-13 00:00:00-04:00
65.8499984741211,2023-04-14 00:00:00-04:00
65.25,2023-04-17 00:00:00-04:00
65.12000274658203,2023-04-18 00:00:00-04:00
63.97999954223633,2023-04-19 00:00:00-04:00
62.70000076293945,2023-04-20 00:00:00-04:00
61.880001068115234,2023-04-21 00:00:00-04:00
60.97999954223633,2023-04-24 00:00:00-04:00
58.470001220703125,2023-04-25 00:00:00-04:00
58.25,2023-04-26 00:00:00-04:00
58.0099983215332,2023-04-27 00:00:00-04:00
58.79999923706055,2023-04-28 00:00:00-04:00
59.18000030517578,2023-05-01 00:00:00-04:00
59.38999938964844,2023-05-02 00:00:00-04:00
59.43000030517578,2023-05-03 00:00:00-04:00
58.220001220703125,2023-05-04 00:00:00-04:00
59.40999984741211,2023-05-05 00:00:00-04:00
59.79999923706055,2023-05-08 00:00:00-04:00
54.22999954223633,2023-05-09 00:00:00-04:00
54.5,2023-05-10 00:00:00-04:00
53.97999954223633,2023-05-11 00:00:00-04:00
53.720001220703125,2023-05-12 00:00:00-04:00
54.779998779296875,2023-05-15 00:00:00-04:00
54.22999954223633,2023-05-16 00:00:00-04:00
55.7400016784668,2023-05-17 00:00:00-04:00
56.88999938964844,2023-05-18 00:00:00-04:00
56.970001220703125,2023-05-19 00:00:00-04:00
57.400001525878906,2023-05-22 00:00:00-04:00
57.52000045776367,2023-05-23 00:00:00-04:00
55.5099983215332,2023-05-24 00:00:00-04:00
56.40999984741211,2023-05-25 00:00:00-04:00
60.04999923706055,2023-05-26 00:00:00-04:00
60.689998626708984,2023-05-30 00:00:00-04:00
58.33000183105469,2023-05-31 00:00:00-04:00
59.349998474121094,2023-06-01 00:00:00-04:00
59.16999816894531,2023-06-02 00:00:00-04:00
56.630001068115234,2023-06-05 00:00:00-04:00
57.400001525878906,2023-06-06 00:00:00-04:00
59.20000076293945,2023-06-07 00:00:00-04:00
59.400001525878906,2023-06-08 00:00:00-04:00
59.43000030517578,2023-06-09 00:00:00-04:00
62.29999923706055,2023-06-12 00:00:00-04:00
62.88999938964844,2023-06-13 00:00:00-04:00
62.47999954223633,2023-06-14 00:00:00-04:00
62.939998626708984,2023-06-15 00:00:00-04:00
62.459999084472656,2023-06-16 00:00:00-04:00
61.849998474121094,2023-06-20 00:00:00-04:00
59.439998626708984,2023-06-21 00:00:00-04:00
59.61000061035156,2023-06-22 00:00:00-04:00
57.689998626708984,2023-06-23 00:00:00-04:00
59.86000061035156,2023-06-26 00:00:00-04:00
62.83000183105469,2023-06-27 00:00:00-04:00
62.970001220703125,2023-06-28 00:00:00-04:00
63.09000015258789,2023-06-29 00:00:00-04:00
64.58000183105469,2023-06-30 00:00:00-04:00
64.73999786376953,2023-07-03 00:00:00-04:00
63.349998474121094,2023-07-05 00:00:00-04:00
61.790000915527344,2023-07-06 00:00:00-04:00
62.540000915527344,2023-07-07 00:00:00-04:00
64.33000183105469,2023-07-10 00:00:00-04:00
64.19999694824219,2023-07-11 00:00:00-04:00
65.55000305175781,2023-07-12 00:00:00-04:00
66.73999786376953,2023-07-13 00:00:00-04:00
66.72000122070312,2023-07-14 00:00:00-04:00
68.0999984741211,2023-07-17 00:00:00-04:00
67.44999694824219,2023-07-18 00:00:00-04:00
66.7300033569336,2023-07-19 00:00:00-04:00
64.31999969482422,2023-07-20 00:00:00-04:00
63.75,2023-07-21 00:00:00-04:00
61.849998474121094,2023-07-24 00:00:00-04:00
62.439998626708984,2023-07-25 00:00:00-04:00
60.650001525878906,2023-07-26 00:00:00-04:00
61.459999084472656,2023-07-27 00:00:00-04:00
62.75,2023-07-28 00:00:00-04:00
63.689998626708984,2023-07-31 00:00:00-04:00
62.22999954223633,2023-08-01 00:00:00-04:00
60.349998474121094,2023-08-02 00:00:00-04:00
59.65999984741211,2023-08-03 00:00:00-04:00
58.77000045776367,2023-08-04 00:00:00-04:00
59.150001525878906,2023-08-07 00:00:00-04:00
60.130001068115234,2023-08-08 00:00:00-04:00
59.209999084472656,2023-08-09 00:00:00-04:00
58.4900016784668,2023-08-10 00:00:00-04:00
56.880001068115234,2023-08-11 00:00:00-04:00
58.189998626708984,2023-08-14 00:00:00-04:00
57.16999816894531,2023-08-15 00:00:00-04:00
55.95000076293945,2023-08-16 00:00:00-04:00
54.650001525878906,2023-08-17 00:00:00-04:00
53.90999984741211,2023-08-18 00:00:00-04:00
54.970001220703125,2023-08-21 00:00:00-04:00
54.029998779296875,2023-08-22 00:00:00-04:00
54.630001068115234,2023-08-23 00:00:00-04:00
52.16999816894531,2023-08-24 00:00:00-04:00
52.52000045776367,2023-08-25 00:00:00-04:00
52.7400016784668,2023-08-28 00:00:00-04:00
54.529998779296875,2023-08-29 00:00:00-04:00
54.689998626708984,2023-08-30 00:00:00-04:00
55.25,2023-08-31 00:00:00-04:00
55.439998626708984,2023-09-01 00:00:00-04:00
56.150001525878906,2023-09-05 00:00:00-04:00
55.779998779296875,2023-09-06 00:00:00-04:00
56.529998779296875,2023-09-07 00:00:00-04:00
57.9900016784668,2023-09-08 00:00:00-04:00
59.0099983215332,2023-09-11 00:00:00-04:00
60.06999969482422,2023-09-12 00:00:00-04:00
59.810001373291016,2023-09-13 00:00:00-04:00
60.7599983215332,2023-09-14 00:00:00-04:00
58.08000183105469,2023-09-15 00:00:00-04:00
58.25,2023-09-18 00:00:00-04:00
57.86000061035156,2023-09-19 00:00:00-04:00
57.349998474121094,2023-09-20 00:00:00-04:00
57.310001373291016,2023-09-21 00:00:00-04:00
56.83000183105469,2023-09-22 00:00:00-04:00
57.2599983215332,2023-09-25 00:00:00-04:00
56.22999954223633,2023-09-26 00:00:00-04:00
57.810001373291016,2023-09-27 00:00:00-04:00
58.599998474121094,2023-09-28 00:00:00-04:00
58.189998626708984,2023-09-29 00:00:00-04:00
57.970001220703125,2023-10-02 00:00:00-04:00
56.060001373291016,2023-10-03 00:00:00-04:00
57.060001373291016,2023-10-04 00:00:00-04:00
56.470001220703125,2023-10-05 00:00:00-04:00
56.91999816894531,2023-10-06 00:00:00-04:00
56.47999954223633,2023-10-09 00:00:00-04:00
58.02000045776367,2023-10-10 00:00:00-04:00
57.22999954223633,2023-10-11 00:00:00-04:00
57.22999954223633,2023-10-12 00:00:00-04:00
55.650001525878906,2023-10-13 00:00:00-04:00
56.52000045776367,2023-10-16 00:00:00-04:00
56.47999954223633,2023-10-17 00:00:00-04:00
55.61000061035156,2023-10-18 00:00:00-04:00
55.83000183105469,2023-10-19 00:00:00-04:00
54.36000061035156,2023-10-20 00:00:00-04:00
53.95000076293945,2023-10-23 00:00:00-04:00
54.38999938964844,2023-10-24 00:00:00-04:00
51.59000015258789,2023-10-25 00:00:00-04:00
52.060001373291016,2023-10-26 00:00:00-04:00
51.97999954223633,2023-10-27 00:00:00-04:00
49.90999984741211,2023-10-30 00:00:00-04:00
49.619998931884766,2023-10-31 00:00:00-04:00
48.849998474121094,2023-11-01 00:00:00-04:00
50.380001068115234,2023-11-02 00:00:00-04:00
52.849998474121094,2023-11-03 00:00:00-04:00
51.65999984741211,2023-11-06 00:00:00-05:00
54.27000045776367,2023-11-07 00:00:00-05:00
53.02000045776367,2023-11-08 00:00:00-05:00
50.810001373291016,2023-11-09 00:00:00-05:00
51.970001220703125,2023-11-10 00:00:00-05:00
52.130001068115234,2023-11-13 00:00:00-05:00
55.790000915527344,2023-11-14 00:00:00-05:00
56.13999938964844,2023-11-15 00:00:00-05:00
56.41999816894531,2023-11-16 00:00:00-05:00
56.310001373291016,2023-11-17 00:00:00-05:00
58.41999816894531,2023-11-20 00:00:00-05:00
56.4900016784668,2023-11-21 00:00:00-05:00
56.869998931884766,2023-11-22 00:00:00-05:00
55.959999084472656,2023-11-24 00:00:00-05:00
55.369998931884766,2023-11-27 00:00:00-05:00
54.84000015258789,2023-11-28 00:00:00-05:00
54.95000076293945,2023-11-29 00:00:00-05:00
53.689998626708984,2023-11-30 00:00:00-05:00
53.630001068115234,2023-12-01 00:00:00-05:00
52.459999084472656,2023-12-04 00:00:00-05:00
51.619998931884766,2023-12-05 00:00:00-05:00
51.08000183105469,2023-12-06 00:00:00-05:00
52.7599983215332,2023-12-07 00:00:00-05:00
52.5,2023-12-08 00:00:00-05:00
55.349998474121094,2023-12-11 00:00:00-05:00
56.310001373291016,2023-12-12 00:00:00-05:00
57.75,2023-12-13 00:00:00-05:00
59.220001220703125,2023-12-14 00:00:00-05:00
58.75,2023-12-15 00:00:00-05:00
58.52000045776367,2023-12-18 00:00:00-05:00
58.630001068115234,2023-12-19 00:00:00-05:00
58.040000915527344,2023-12-20 00:00:00-05:00
59.810001373291016,2023-12-21 00:00:00-05:00
60.34000015258789,2023-12-22 00:00:00-05:00
61.9900016784668,2023-12-26 00:00:00-05:00
62.2400016784668,2023-12-27 00:00:00-05:00
61.5099983215332,2023-12-28 00:00:00-05:00
60.599998474121094,2023-12-29 00:00:00-05:00
58.0,2024-01-02 00:00:00-05:00
57.02000045776367,2024-01-03 00:00:00-05:00
55.83000183105469,2024-01-04 00:00:00-05:00
56.040000915527344,2024-01-05 00:00:00-05:00
58.20000076293945,2024-01-08 00:00:00-05:00
58.41999816894531,2024-01-09 00:00:00-05:00
57.18000030517578,2024-01-10 00:00:00-05:00
56.95000076293945,2024-01-11 00:00:00-05:00
57.38999938964844,2024-01-12 00:00:00-05:00
55.61000061035156,2024-01-16 00:00:00-05:00
54.869998931884766,2024-01-17 00:00:00-05:00
56.77000045776367,2024-01-18 00:00:00-05:00
59.16999816894531,2024-01-19 00:00:00-05:00
58.7400016784668,2024-01-22 00:00:00-05:00
60.41999816894531,2024-01-23 00:00:00-05:00
60.27000045776367,2024-01-24 00:00:00-05:00
59.33000183105469,2024-01-25 00:00:00-05:00
56.5,2024-01-26 00:00:00-05:00
57.349998474121094,2024-01-29 00:00:00-05:00
56.470001220703125,2024-01-30 00:00:00-05:00
54.97999954223633,2024-01-31 00:00:00-05:00
54.65999984741211,2024-02-01 00:00:00-05:00
55.27000045776367,2024-02-02 00:00:00-05:00
51.564998626708984,2024-02-05 00:00:00-05:00
51.650001525878906,2024-02-06 00:00:00-05:00
52.540000915527344,2024-02-07 00:00:00-05:00
54.779998779296875,2024-02-08 00:00:00-05:00
55.939998626708984,2024-02-09 00:00:00-05:00
55.81999969482422,2024-02-12 00:00:00-05:00
54.65999984741211,2024-02-13 00:00:00-05:00
54.970001220703125,2024-02-14 00:00:00-05:00
54.33000183105469,2024-02-15 00:00:00-05:00
53.380001068115234,2024-02-16 00:00:00-05:00
54.5,2024-02-20 00:00:00-05:00
53.38999938964844,2024-02-21 00:00:00-05:00
54.11000061035156,2024-02-22 00:00:00-05:00
53.150001525878906,2024-02-23 00:00:00-05:00
54.52000045776367,2024-02-26 00:00:00-05:00
53.5,2024-02-27 00:00:00-05:00
52.63999938964844,2024-02-28 00:00:00-05:00
54.66999816894531,2024-02-29 00:00:00-05:00
55.65999984741211,2024-03-01 00:00:00-05:00
54.619998931884766,2024-03-04 00:00:00-05:00
52.529998779296875,2024-03-05 00:00:00-05:00
52.56999969482422,2024-03-06 00:00:00-05:00
53.79999923706055,2024-03-07 00:00:00-05:00
52.40999984741211,2024-03-08 00:00:00-05:00
53.459999084472656,2024-03-11 00:00:00-04:00
54.0,2024-03-12 00:00:00-04:00
53.72999954223633,2024-03-13 00:00:00-04:00
52.560001373291016,2024-03-14 00:00:00-04:00
51.880001068115234,2024-03-15 00:00:00-04:00
52.099998474121094,2024-03-18 00:00:00-04:00
51.290000915527344,2024-03-19 00:00:00-04:00
52.439998626708984,2024-03-20 00:00:00-04:00
52.47999954223633,2024-03-21 00:00:00-04:00
52.209999084472656,2024-03-22 00:00:00-04:00
51.849998474121094,2024-03-25 00:00:00-04:00
50.790000915527344,2024-03-26 00:00:00-04:00
51.72999954223633,2024-03-27 00:00:00-04:00
52.11000061035156,2024-03-28 00:00:00-04:00
51.790000915527344,2024-04-01 00:00:00-04:00
51.11000061035156,2024-04-02 00:00:00-04:00
51.22999954223633,2024-04-03 00:00:00-04:00
50.52000045776367,2024-04-04 00:00:00-04:00
50.54999923706055,2024-04-05 00:00:00-04:00
50.2599983215332,2024-04-08 00:00:00-04:00
51.689998626708984,2024-04-09 00:00:00-04:00
49.349998474121094,2024-04-10 00:00:00-04:00
51.189998626708984,2024-04-11 00:00:00-04:00
49.380001068115234,2024-04-12 00:00:00-04:00
47.2599983215332,2024-04-15 00:00:00-04:00
47.79999923706055,2024-04-16 00:00:00-04:00
47.36000061035156,2024-04-17 00:00:00-04:00
46.88999938964844,2024-04-18 00:00:00-04:00
46.2599983215332,2024-04-19 00:00:00-04:00
46.369998931884766,2024-04-22 00:00:00-04:00
46.349998474121094,2024-04-23 00:00:00-04:00
47.310001373291016,2024-04-24 00:00:00-04:00
47.790000915527344,2024-04-25 00:00:00-04:00
48.38999938964844,2024-04-26 00:00:00-04:00
48.79999923706055,2024-04-29 00:00:00-04:00
48.880001068115234,2024-04-30 00:00:00-04:00
47.2599983215332,2024-05-01 00:00:00-04:00
