KHC,Date
50.47756576538086,2015-07-06 00:00:00-04:00
51.632957458496094,2015-07-07 00:00:00-04:00
52.165679931640625,2015-07-08 00:00:00-04:00
51.75056457519531,2015-07-09 00:00:00-04:00
53.48711395263672,2015-07-10 00:00:00-04:00
54.538753509521484,2015-07-13 00:00:00-04:00
53.964500427246094,2015-07-14 00:00:00-04:00
53.07200241088867,2015-07-15 00:00:00-04:00
54.48338317871094,2015-07-16 00:00:00-04:00
55.09220886230469,2015-07-17 00:00:00-04:00
55.42432403564453,2015-07-20 00:00:00-04:00
55.500423431396484,2015-07-21 00:00:00-04:00
54.40727615356445,2015-07-22 00:00:00-04:00
53.46669387817383,2015-07-23 00:00:00-04:00
53.23678970336914,2015-07-24 00:00:00-04:00
53.9126091003418,2015-07-27 00:00:00-04:00
54.5675163269043,2015-07-28 00:00:00-04:00
54.28187942504883,2015-07-29 00:00:00-04:00
55.1876220703125,2015-07-30 00:00:00-04:00
55.36875915527344,2015-07-31 00:00:00-04:00
55.99583053588867,2015-08-03 00:00:00-04:00
55.60565185546875,2015-08-04 00:00:00-04:00
56.07246398925781,2015-08-05 00:00:00-04:00
55.570804595947266,2015-08-06 00:00:00-04:00
54.665069580078125,2015-08-07 00:00:00-04:00
54.908931732177734,2015-08-10 00:00:00-04:00
54.32368850708008,2015-08-11 00:00:00-04:00
53.4318733215332,2015-08-12 00:00:00-04:00
52.94416809082031,2015-08-13 00:00:00-04:00
53.2437629699707,2015-08-14 00:00:00-04:00
52.81178665161133,2015-08-17 00:00:00-04:00
52.38677978515625,2015-08-18 00:00:00-04:00
52.10113525390625,2015-08-19 00:00:00-04:00
51.73186111450195,2015-08-20 00:00:00-04:00
50.35234832763672,2015-08-21 00:00:00-04:00
49.376930236816406,2015-08-24 00:00:00-04:00
48.917076110839844,2015-08-25 00:00:00-04:00
51.49497604370117,2015-08-26 00:00:00-04:00
52.379825592041016,2015-08-27 00:00:00-04:00
52.038421630859375,2015-08-28 00:00:00-04:00
50.62407302856445,2015-08-31 00:00:00-04:00
48.85438919067383,2015-09-01 00:00:00-04:00
50.21299743652344,2015-09-02 00:00:00-04:00
50.275699615478516,2015-09-03 00:00:00-04:00
49.16790771484375,2015-09-04 00:00:00-04:00
51.60643768310547,2015-09-08 00:00:00-04:00
50.28266143798828,2015-09-09 00:00:00-04:00
50.275699615478516,2015-09-10 00:00:00-04:00
51.39046096801758,2015-09-11 00:00:00-04:00
51.94088363647461,2015-09-14 00:00:00-04:00
52.526145935058594,2015-09-15 00:00:00-04:00
53.20890808105469,2015-09-16 00:00:00-04:00
53.25072479248047,2015-09-17 00:00:00-04:00
52.56096649169922,2015-09-18 00:00:00-04:00
52.39375305175781,2015-09-21 00:00:00-04:00
51.77365493774414,2015-09-22 00:00:00-04:00
51.076942443847656,2015-09-23 00:00:00-04:00
50.80521011352539,2015-09-24 00:00:00-04:00
51.10479736328125,2015-09-25 00:00:00-04:00
48.76381301879883,2015-09-28 00:00:00-04:00
48.213409423828125,2015-09-29 00:00:00-04:00
49.174888610839844,2015-09-30 00:00:00-04:00
49.34906768798828,2015-10-01 00:00:00-04:00
49.75315475463867,2015-10-02 00:00:00-04:00
50.33144760131836,2015-10-05 00:00:00-04:00
50.49169158935547,2015-10-06 00:00:00-04:00
50.96546936035156,2015-10-07 00:00:00-04:00
51.857276916503906,2015-10-08 00:00:00-04:00
51.82939910888672,2015-10-09 00:00:00-04:00
51.36259078979492,2015-10-12 00:00:00-04:00
51.12571716308594,2015-10-13 00:00:00-04:00
51.39742660522461,2015-10-14 00:00:00-04:00
52.407676696777344,2015-10-15 00:00:00-04:00
53.91958236694336,2015-10-16 00:00:00-04:00
53.508506774902344,2015-10-19 00:00:00-04:00
53.55730056762695,2015-10-20 00:00:00-04:00
53.68269729614258,2015-10-21 00:00:00-04:00
55.69622802734375,2015-10-22 00:00:00-04:00
54.33064651489258,2015-10-23 00:00:00-04:00
53.515480041503906,2015-10-26 00:00:00-04:00
53.76631164550781,2015-10-27 00:00:00-04:00
55.16673278808594,2015-10-28 00:00:00-04:00
54.797462463378906,2015-10-29 00:00:00-04:00
54.32368850708008,2015-10-30 00:00:00-04:00
54.532684326171875,2015-11-02 00:00:00-05:00
53.25072479248047,2015-11-03 00:00:00-05:00
52.82571792602539,2015-11-04 00:00:00-05:00
52.54703140258789,2015-11-05 00:00:00-05:00
50.17119598388672,2015-11-06 00:00:00-05:00
49.63471221923828,2015-11-09 00:00:00-05:00
50.21997833251953,2015-11-10 00:00:00-05:00
50.24087142944336,2015-11-11 00:00:00-05:00
49.79489517211914,2015-11-12 00:00:00-05:00
49.70359420776367,2015-11-13 00:00:00-05:00
50.32514572143555,2015-11-16 00:00:00-05:00
50.181175231933594,2015-11-17 00:00:00-05:00
50.97830581665039,2015-11-18 00:00:00-05:00
51.508567810058594,2015-11-19 00:00:00-05:00
51.72628402709961,2015-11-20 00:00:00-05:00
52.0212516784668,2015-11-23 00:00:00-05:00
52.30220413208008,2015-11-24 00:00:00-05:00
52.42158508300781,2015-11-25 00:00:00-05:00
52.40050506591797,2015-11-27 00:00:00-05:00
51.75437545776367,2015-11-30 00:00:00-05:00
52.30220413208008,2015-12-01 00:00:00-05:00
51.29787063598633,2015-12-02 00:00:00-05:00
50.188194274902344,2015-12-03 00:00:00-05:00
50.721961975097656,2015-12-04 00:00:00-05:00
50.16712188720703,2015-12-07 00:00:00-05:00
50.237361907958984,2015-12-08 00:00:00-05:00
49.79489517211914,2015-12-09 00:00:00-05:00
49.75273895263672,2015-12-10 00:00:00-05:00
48.94508361816406,2015-12-11 00:00:00-05:00
49.84757614135742,2015-12-14 00:00:00-05:00
50.574466705322266,2015-12-15 00:00:00-05:00
51.27680587768555,2015-12-16 00:00:00-05:00
50.51126480102539,2015-12-17 00:00:00-05:00
49.63336181640625,2015-12-18 00:00:00-05:00
50.54323959350586,2015-12-21 00:00:00-05:00
51.64078140258789,2015-12-22 00:00:00-05:00
52.75956726074219,2015-12-23 00:00:00-05:00
52.37010192871094,2015-12-24 00:00:00-05:00
51.98773956298828,2015-12-28 00:00:00-05:00
52.88701629638672,2015-12-29 00:00:00-05:00
52.22142028808594,2015-12-30 00:00:00-05:00
51.520416259765625,2015-12-31 00:00:00-05:00
51.477928161621094,2016-01-04 00:00:00-05:00
51.96650314331055,2016-01-05 00:00:00-05:00
52.065643310546875,2016-01-06 00:00:00-05:00
50.91144943237305,2016-01-07 00:00:00-05:00
50.401634216308594,2016-01-08 00:00:00-05:00
51.173439025878906,2016-01-11 00:00:00-05:00
51.85322570800781,2016-01-12 00:00:00-05:00
50.1396369934082,2016-01-13 00:00:00-05:00
50.0900764465332,2016-01-14 00:00:00-05:00
48.99961471557617,2016-01-15 00:00:00-05:00
49.68646240234375,2016-01-19 00:00:00-05:00
50.3945426940918,2016-01-20 00:00:00-05:00
51.725738525390625,2016-01-21 00:00:00-05:00
52.674591064453125,2016-01-22 00:00:00-05:00
52.4196662902832,2016-01-25 00:00:00-05:00
53.80045700073242,2016-01-26 00:00:00-05:00
53.79335021972656,2016-01-27 00:00:00-05:00
53.927921295166016,2016-01-28 00:00:00-05:00
55.27326583862305,2016-01-29 00:00:00-05:00
54.529781341552734,2016-02-01 00:00:00-05:00
53.79335021972656,2016-02-02 00:00:00-05:00
53.028629302978516,2016-02-03 00:00:00-05:00
52.504642486572266,2016-02-04 00:00:00-05:00
51.53456497192383,2016-02-05 00:00:00-05:00
50.42995071411133,2016-02-08 00:00:00-05:00
50.63529968261719,2016-02-09 00:00:00-05:00
51.06014633178711,2016-02-10 00:00:00-05:00
50.58572769165039,2016-02-11 00:00:00-05:00
50.92561340332031,2016-02-12 00:00:00-05:00
51.20176315307617,2016-02-16 00:00:00-05:00
52.5683708190918,2016-02-17 00:00:00-05:00
52.00898742675781,2016-02-18 00:00:00-05:00
52.05855941772461,2016-02-19 00:00:00-05:00
51.92403030395508,2016-02-22 00:00:00-05:00
51.562889099121094,2016-02-23 00:00:00-05:00
51.683258056640625,2016-02-24 00:00:00-05:00
53.07817840576172,2016-02-25 00:00:00-05:00
55.117488861083984,2016-02-26 00:00:00-05:00
54.536861419677734,2016-02-29 00:00:00-05:00
54.990028381347656,2016-03-01 00:00:00-05:00
54.86966323852539,2016-03-02 00:00:00-05:00
54.78468322753906,2016-03-03 00:00:00-05:00
54.664306640625,2016-03-04 00:00:00-05:00
54.16865158081055,2016-03-07 00:00:00-05:00
54.01995086669922,2016-03-08 00:00:00-05:00
54.26069641113281,2016-03-09 00:00:00-05:00
53.97038269042969,2016-03-10 00:00:00-05:00
54.487281799316406,2016-03-11 00:00:00-05:00
54.92630386352539,2016-03-14 00:00:00-04:00
55.07500076293945,2016-03-15 00:00:00-04:00
55.66352844238281,2016-03-16 00:00:00-04:00
55.649253845214844,2016-03-17 00:00:00-04:00
55.1498908996582,2016-03-18 00:00:00-04:00
54.63627624511719,2016-03-21 00:00:00-04:00
54.52928161621094,2016-03-22 00:00:00-04:00
54.79322814941406,2016-03-23 00:00:00-04:00
54.54354476928711,2016-03-24 00:00:00-04:00
55.470924377441406,2016-03-28 00:00:00-04:00
56.212833404541016,2016-03-29 00:00:00-04:00
56.28415298461914,2016-03-30 00:00:00-04:00
56.04159164428711,2016-03-31 00:00:00-04:00
56.41256332397461,2016-04-01 00:00:00-04:00
56.24846649169922,2016-04-04 00:00:00-04:00
55.649253845214844,2016-04-05 00:00:00-04:00
55.898921966552734,2016-04-06 00:00:00-04:00
55.28542709350586,2016-04-07 00:00:00-04:00
55.97739028930664,2016-04-08 00:00:00-04:00
55.577919006347656,2016-04-11 00:00:00-04:00
55.87752151489258,2016-04-12 00:00:00-04:00
55.214111328125,2016-04-13 00:00:00-04:00
55.05005645751953,2016-04-14 00:00:00-04:00
55.67780303955078,2016-04-15 00:00:00-04:00
55.88465881347656,2016-04-18 00:00:00-04:00
55.85614776611328,2016-04-19 00:00:00-04:00
55.58505630493164,2016-04-20 00:00:00-04:00
54.7432861328125,2016-04-21 00:00:00-04:00
55.71346664428711,2016-04-22 00:00:00-04:00
56.16288757324219,2016-04-25 00:00:00-04:00
56.1414794921875,2016-04-26 00:00:00-04:00
56.426815032958984,2016-04-27 00:00:00-04:00
55.898921966552734,2016-04-28 00:00:00-04:00
55.69206237792969,2016-04-29 00:00:00-04:00
56.726436614990234,2016-05-02 00:00:00-04:00
56.127197265625,2016-05-03 00:00:00-04:00
57.0545768737793,2016-05-04 00:00:00-04:00
59.18753433227539,2016-05-05 00:00:00-04:00
59.92229461669922,2016-05-06 00:00:00-04:00
60.10773849487305,2016-05-09 00:00:00-04:00
61.448875427246094,2016-05-10 00:00:00-04:00
60.7783088684082,2016-05-11 00:00:00-04:00
61.59154510498047,2016-05-12 00:00:00-04:00
60.7283821105957,2016-05-13 00:00:00-04:00
61.25625228881836,2016-05-16 00:00:00-04:00
58.60971450805664,2016-05-17 00:00:00-04:00
57.91061782836914,2016-05-18 00:00:00-04:00
59.208919525146484,2016-05-19 00:00:00-04:00
58.79518127441406,2016-05-20 00:00:00-04:00
59.073394775390625,2016-05-23 00:00:00-04:00
60.07925033569336,2016-05-24 00:00:00-04:00
60.528141021728516,2016-05-25 00:00:00-04:00
60.1977424621582,2016-05-26 00:00:00-04:00
60.40604782104492,2016-05-27 00:00:00-04:00
59.752437591552734,2016-05-31 00:00:00-04:00
60.29829406738281,2016-06-01 00:00:00-04:00
60.894447326660156,2016-06-02 00:00:00-04:00
61.267967224121094,2016-06-03 00:00:00-04:00
61.04530715942383,2016-06-06 00:00:00-04:00
60.8729133605957,2016-06-07 00:00:00-04:00
61.18177795410156,2016-06-08 00:00:00-04:00
61.497806549072266,2016-06-09 00:00:00-04:00
61.296695709228516,2016-06-10 00:00:00-04:00
61.016563415527344,2016-06-13 00:00:00-04:00
60.96628189086914,2016-06-14 00:00:00-04:00
60.93753433227539,2016-06-15 00:00:00-04:00
61.25357437133789,2016-06-16 00:00:00-04:00
60.92319107055664,2016-06-17 00:00:00-04:00
61.41161346435547,2016-06-20 00:00:00-04:00
61.548072814941406,2016-06-21 00:00:00-04:00
61.20331573486328,2016-06-22 00:00:00-04:00
62.0365104675293,2016-06-23 00:00:00-04:00
60.14026641845703,2016-06-24 00:00:00-04:00
60.068450927734375,2016-06-27 00:00:00-04:00
60.88729476928711,2016-06-28 00:00:00-04:00
61.84257125854492,2016-06-29 00:00:00-04:00
63.552032470703125,2016-06-30 00:00:00-04:00
63.379661560058594,2016-07-01 00:00:00-04:00
63.73878479003906,2016-07-05 00:00:00-04:00
64.4570541381836,2016-07-06 00:00:00-04:00
64.14820098876953,2016-07-07 00:00:00-04:00
64.53604125976562,2016-07-08 00:00:00-04:00
64.52886962890625,2016-07-11 00:00:00-04:00
63.0636100769043,2016-07-12 00:00:00-04:00
63.93989562988281,2016-07-13 00:00:00-04:00
63.45147705078125,2016-07-14 00:00:00-04:00
63.82497024536133,2016-07-15 00:00:00-04:00
63.997352600097656,2016-07-18 00:00:00-04:00
63.90399169921875,2016-07-19 00:00:00-04:00
63.329383850097656,2016-07-20 00:00:00-04:00
62.948707580566406,2016-07-21 00:00:00-04:00
63.32219314575195,2016-07-22 00:00:00-04:00
63.50175476074219,2016-07-25 00:00:00-04:00
62.53208923339844,2016-07-26 00:00:00-04:00
61.50497055053711,2016-07-27 00:00:00-04:00
61.742027282714844,2016-07-28 00:00:00-04:00
62.05085754394531,2016-07-29 00:00:00-04:00
61.74919128417969,2016-08-01 00:00:00-04:00
61.160221099853516,2016-08-02 00:00:00-04:00
60.980655670166016,2016-08-03 00:00:00-04:00
61.44034957885742,2016-08-04 00:00:00-04:00
63.77470397949219,2016-08-05 00:00:00-04:00
63.74597930908203,2016-08-08 00:00:00-04:00
64.48577880859375,2016-08-09 00:00:00-04:00
64.17693328857422,2016-08-10 00:00:00-04:00
64.2415771484375,2016-08-11 00:00:00-04:00
64.32775115966797,2016-08-12 00:00:00-04:00
63.98299789428711,2016-08-15 00:00:00-04:00
63.89680099487305,2016-08-16 00:00:00-04:00
64.22003173828125,2016-08-17 00:00:00-04:00
64.4714126586914,2016-08-18 00:00:00-04:00
64.58633422851562,2016-08-19 00:00:00-04:00
64.62226867675781,2016-08-22 00:00:00-04:00
64.26311492919922,2016-08-23 00:00:00-04:00
64.32096099853516,2016-08-24 00:00:00-04:00
64.28480529785156,2016-08-25 00:00:00-04:00
63.75693893432617,2016-08-26 00:00:00-04:00
64.04617309570312,2016-08-29 00:00:00-04:00
63.61231994628906,2016-08-30 00:00:00-04:00
64.71145629882812,2016-08-31 00:00:00-04:00
64.70423126220703,2016-09-01 00:00:00-04:00
64.79823303222656,2016-09-02 00:00:00-04:00
64.89224243164062,2016-09-06 00:00:00-04:00
64.92838287353516,2016-09-07 00:00:00-04:00
64.4945068359375,2016-09-08 00:00:00-04:00
62.16610336303711,2016-09-09 00:00:00-04:00
64.0389633178711,2016-09-12 00:00:00-04:00
63.82925033569336,2016-09-13 00:00:00-04:00
63.402610778808594,2016-09-14 00:00:00-04:00
64.48005676269531,2016-09-15 00:00:00-04:00
64.31373596191406,2016-09-16 00:00:00-04:00
62.88922119140625,2016-09-19 00:00:00-04:00
62.997684478759766,2016-09-20 00:00:00-04:00
63.568946838378906,2016-09-21 00:00:00-04:00
64.39330291748047,2016-09-22 00:00:00-04:00
64.23420715332031,2016-09-23 00:00:00-04:00
64.01725006103516,2016-09-26 00:00:00-04:00
64.52344512939453,2016-09-27 00:00:00-04:00
64.75483703613281,2016-09-28 00:00:00-04:00
64.04617309570312,2016-09-29 00:00:00-04:00
64.72592163085938,2016-09-30 00:00:00-04:00
64.41497039794922,2016-10-03 00:00:00-04:00
63.648475646972656,2016-10-04 00:00:00-04:00
63.185665130615234,2016-10-05 00:00:00-04:00
63.26523208618164,2016-10-06 00:00:00-04:00
63.20013427734375,2016-10-07 00:00:00-04:00
63.99558639526367,2016-10-10 00:00:00-04:00
63.084434509277344,2016-10-11 00:00:00-04:00
63.012142181396484,2016-10-12 00:00:00-04:00
62.947052001953125,2016-10-13 00:00:00-04:00
64.01725006103516,2016-10-14 00:00:00-04:00
64.23420715332031,2016-10-17 00:00:00-04:00
64.30650329589844,2016-10-18 00:00:00-04:00
63.691871643066406,2016-10-19 00:00:00-04:00
63.605079650878906,2016-10-20 00:00:00-04:00
63.57615661621094,2016-10-21 00:00:00-04:00
64.29203796386719,2016-10-24 00:00:00-04:00
63.89433288574219,2016-10-25 00:00:00-04:00
63.691871643066406,2016-10-26 00:00:00-04:00
63.40983963012695,2016-10-27 00:00:00-04:00
63.691871643066406,2016-10-28 00:00:00-04:00
64.32096099853516,2016-10-31 00:00:00-04:00
63.901546478271484,2016-11-01 00:00:00-04:00
63.742488861083984,2016-11-02 00:00:00-04:00
62.368560791015625,2016-11-03 00:00:00-04:00
60.7777214050293,2016-11-04 00:00:00-04:00
62.209476470947266,2016-11-07 00:00:00-05:00
63.879886627197266,2016-11-08 00:00:00-05:00
61.42128372192383,2016-11-09 00:00:00-05:00
58.87592315673828,2016-11-10 00:00:00-05:00
58.72404479980469,2016-11-11 00:00:00-05:00
57.90693664550781,2016-11-14 00:00:00-05:00
58.6734504699707,2016-11-15 00:00:00-05:00
59.58456802368164,2016-11-16 00:00:00-05:00
59.902740478515625,2016-11-17 00:00:00-05:00
59.678585052490234,2016-11-18 00:00:00-05:00
60.48122024536133,2016-11-21 00:00:00-05:00
60.80662536621094,2016-11-22 00:00:00-05:00
59.61349105834961,2016-11-23 00:00:00-05:00
59.982269287109375,2016-11-25 00:00:00-05:00
60.17753219604492,2016-11-28 00:00:00-05:00
60.74156188964844,2016-11-29 00:00:00-05:00
59.46700668334961,2016-11-30 00:00:00-05:00
58.62216567993164,2016-12-01 00:00:00-05:00
58.92805099487305,2016-12-02 00:00:00-05:00
58.469200134277344,2016-12-05 00:00:00-05:00
58.236141204833984,2016-12-06 00:00:00-05:00
60.413795471191406,2016-12-07 00:00:00-05:00
59.94767761230469,2016-12-08 00:00:00-05:00
61.01832580566406,2016-12-09 00:00:00-05:00
61.32421112060547,2016-12-12 00:00:00-05:00
61.863162994384766,2016-12-13 00:00:00-05:00
61.44073486328125,2016-12-14 00:00:00-05:00
62.176353454589844,2016-12-15 00:00:00-05:00
62.970211029052734,2016-12-16 00:00:00-05:00
63.07216262817383,2016-12-19 00:00:00-05:00
62.620609283447266,2016-12-20 00:00:00-05:00
63.07947540283203,2016-12-21 00:00:00-05:00
63.567413330078125,2016-12-22 00:00:00-05:00
63.778629302978516,2016-12-23 00:00:00-05:00
63.78590393066406,2016-12-27 00:00:00-05:00
63.58926010131836,2016-12-28 00:00:00-05:00
64.04082489013672,2016-12-29 00:00:00-05:00
63.596561431884766,2016-12-30 00:00:00-05:00
63.74949264526367,2017-01-03 00:00:00-05:00
63.38532257080078,2017-01-04 00:00:00-05:00
63.02117919921875,2017-01-05 00:00:00-05:00
62.860939025878906,2017-01-06 00:00:00-05:00
62.6861572265625,2017-01-09 00:00:00-05:00
62.569644927978516,2017-01-10 00:00:00-05:00
63.188682556152344,2017-01-11 00:00:00-05:00
63.66938781738281,2017-01-12 00:00:00-05:00
63.38532257080078,2017-01-13 00:00:00-05:00
64.03353881835938,2017-01-17 00:00:00-05:00
64.34672546386719,2017-01-18 00:00:00-05:00
63.98257064819336,2017-01-19 00:00:00-05:00
64.78369903564453,2017-01-20 00:00:00-05:00
64.67446899414062,2017-01-23 00:00:00-05:00
64.59432983398438,2017-01-24 00:00:00-05:00
64.7035903930664,2017-01-25 00:00:00-05:00
65.11874389648438,2017-01-26 00:00:00-05:00
65.13329315185547,2017-01-27 00:00:00-05:00
64.87838745117188,2017-01-30 00:00:00-05:00
65.03132629394531,2017-01-31 00:00:00-05:00
64.39043426513672,2017-02-01 00:00:00-05:00
64.53607177734375,2017-02-02 00:00:00-05:00
65.01676940917969,2017-02-03 00:00:00-05:00
64.60160827636719,2017-02-06 00:00:00-05:00
64.68175506591797,2017-02-07 00:00:00-05:00
64.95849609375,2017-02-08 00:00:00-05:00
65.3882064819336,2017-02-09 00:00:00-05:00
65.69410705566406,2017-02-10 00:00:00-05:00
65.97087097167969,2017-02-13 00:00:00-05:00
66.13837432861328,2017-02-14 00:00:00-05:00
66.345947265625,2017-02-15 00:00:00-05:00
63.567413330078125,2017-02-16 00:00:00-05:00
70.39173126220703,2017-02-17 00:00:00-05:00
69.0953369140625,2017-02-21 00:00:00-05:00
67.9955825805664,2017-02-22 00:00:00-05:00
67.68971252441406,2017-02-23 00:00:00-05:00
67.79164123535156,2017-02-24 00:00:00-05:00
65.99272155761719,2017-02-27 00:00:00-05:00
66.64820861816406,2017-02-28 00:00:00-05:00
67.0294418334961,2017-03-01 00:00:00-05:00
66.91946411132812,2017-03-02 00:00:00-05:00
67.08074188232422,2017-03-03 00:00:00-05:00
66.83148193359375,2017-03-06 00:00:00-05:00
66.56756591796875,2017-03-07 00:00:00-05:00
66.640869140625,2017-03-08 00:00:00-05:00
67.10274505615234,2017-03-09 00:00:00-05:00
67.08807373046875,2017-03-10 00:00:00-05:00
66.84615325927734,2017-03-13 00:00:00-04:00
66.75816345214844,2017-03-14 00:00:00-04:00
67.33000183105469,2017-03-15 00:00:00-04:00
68.01181030273438,2017-03-16 00:00:00-04:00
67.43263244628906,2017-03-17 00:00:00-04:00
67.71123504638672,2017-03-20 00:00:00-04:00
67.37399291992188,2017-03-21 00:00:00-04:00
67.65992736816406,2017-03-22 00:00:00-04:00
67.45463562011719,2017-03-23 00:00:00-04:00
67.21270751953125,2017-03-24 00:00:00-04:00
66.89746856689453,2017-03-27 00:00:00-04:00
67.01476287841797,2017-03-28 00:00:00-04:00
67.07341766357422,2017-03-29 00:00:00-04:00
66.78749084472656,2017-03-30 00:00:00-04:00
66.57488250732422,2017-03-31 00:00:00-04:00
66.75816345214844,2017-04-03 00:00:00-04:00
66.8754653930664,2017-04-04 00:00:00-04:00
67.0220947265625,2017-04-05 00:00:00-04:00
66.67752075195312,2017-04-06 00:00:00-04:00
66.49423217773438,2017-04-07 00:00:00-04:00
66.63353729248047,2017-04-10 00:00:00-04:00
66.58954620361328,2017-04-11 00:00:00-04:00
67.39598846435547,2017-04-12 00:00:00-04:00
67.08074188232422,2017-04-13 00:00:00-04:00
67.139404296875,2017-04-17 00:00:00-04:00
67.81385803222656,2017-04-18 00:00:00-04:00
67.33731079101562,2017-04-19 00:00:00-04:00
67.47663116455078,2017-04-20 00:00:00-04:00
67.15406036376953,2017-04-21 00:00:00-04:00
67.85784912109375,2017-04-24 00:00:00-04:00
67.65992736816406,2017-04-25 00:00:00-04:00
66.65553283691406,2017-04-26 00:00:00-04:00
66.58954620361328,2017-04-27 00:00:00-04:00
66.26697540283203,2017-04-28 00:00:00-04:00
65.59251403808594,2017-05-01 00:00:00-04:00
65.24794006347656,2017-05-02 00:00:00-04:00
65.35057830810547,2017-05-03 00:00:00-04:00
65.76111602783203,2017-05-04 00:00:00-04:00
65.70980072021484,2017-05-05 00:00:00-04:00
65.5998306274414,2017-05-08 00:00:00-04:00
65.39453887939453,2017-05-09 00:00:00-04:00
65.48988342285156,2017-05-10 00:00:00-04:00
65.4532241821289,2017-05-11 00:00:00-04:00
65.21126556396484,2017-05-12 00:00:00-04:00
65.57782745361328,2017-05-15 00:00:00-04:00
65.32858276367188,2017-05-16 00:00:00-04:00
66.0666732788086,2017-05-17 00:00:00-04:00
66.54643249511719,2017-05-18 00:00:00-04:00
66.6349868774414,2017-05-19 00:00:00-04:00
67.2992935180664,2017-05-22 00:00:00-04:00
67.80858612060547,2017-05-23 00:00:00-04:00
68.33999633789062,2017-05-24 00:00:00-04:00
68.50236511230469,2017-05-25 00:00:00-04:00
68.6352310180664,2017-05-26 00:00:00-04:00
68.24404907226562,2017-05-30 00:00:00-04:00
68.0521469116211,2017-05-31 00:00:00-04:00
68.44331359863281,2017-06-01 00:00:00-04:00
69.04117584228516,2017-06-02 00:00:00-04:00
68.9673843383789,2017-06-05 00:00:00-04:00
68.79761505126953,2017-06-06 00:00:00-04:00
69.2109375,2017-06-07 00:00:00-04:00
68.32523345947266,2017-06-08 00:00:00-04:00
67.04095458984375,2017-06-09 00:00:00-04:00
67.35093688964844,2017-06-12 00:00:00-04:00
67.60189056396484,2017-06-13 00:00:00-04:00
67.5059585571289,2017-06-14 00:00:00-04:00
67.64618682861328,2017-06-15 00:00:00-04:00
65.99286651611328,2017-06-16 00:00:00-04:00
66.317626953125,2017-06-19 00:00:00-04:00
65.89691925048828,2017-06-20 00:00:00-04:00
65.98548126220703,2017-06-21 00:00:00-04:00
65.76404571533203,2017-06-22 00:00:00-04:00
65.57953643798828,2017-06-23 00:00:00-04:00
65.64595794677734,2017-06-26 00:00:00-04:00
64.5904769897461,2017-06-27 00:00:00-04:00
64.81929016113281,2017-06-28 00:00:00-04:00
63.29881286621094,2017-06-29 00:00:00-04:00
63.210243225097656,2017-06-30 00:00:00-04:00
62.3466796875,2017-07-03 00:00:00-04:00
61.84477615356445,2017-07-05 00:00:00-04:00
61.12882995605469,2017-07-06 00:00:00-04:00
61.29121017456055,2017-07-07 00:00:00-04:00
61.0919303894043,2017-07-10 00:00:00-04:00
61.81527328491211,2017-07-11 00:00:00-04:00
62.51643371582031,2017-07-12 00:00:00-04:00
62.62715148925781,2017-07-13 00:00:00-04:00
63.21763229370117,2017-07-14 00:00:00-04:00
63.180721282958984,2017-07-17 00:00:00-04:00
63.180721282958984,2017-07-18 00:00:00-04:00
63.247154235839844,2017-07-19 00:00:00-04:00
63.40217208862305,2017-07-20 00:00:00-04:00
63.59405517578125,2017-07-21 00:00:00-04:00
63.63834762573242,2017-07-24 00:00:00-04:00
64.52405548095703,2017-07-25 00:00:00-04:00
64.7011947631836,2017-07-26 00:00:00-04:00
65.0923843383789,2017-07-27 00:00:00-04:00
64.68643188476562,2017-07-28 00:00:00-04:00
64.5535888671875,2017-07-31 00:00:00-04:00
63.97048568725586,2017-08-01 00:00:00-04:00
64.11811065673828,2017-08-02 00:00:00-04:00
63.852394104003906,2017-08-03 00:00:00-04:00
63.96311569213867,2017-08-04 00:00:00-04:00
64.22882080078125,2017-08-07 00:00:00-04:00
63.59405517578125,2017-08-08 00:00:00-04:00
63.81547927856445,2017-08-09 00:00:00-04:00
63.39478302001953,2017-08-10 00:00:00-04:00
63.822879791259766,2017-08-11 00:00:00-04:00
64.22882080078125,2017-08-14 00:00:00-04:00
64.02213287353516,2017-08-15 00:00:00-04:00
64.30838012695312,2017-08-16 00:00:00-04:00
63.27499008178711,2017-08-17 00:00:00-04:00
62.814048767089844,2017-08-18 00:00:00-04:00
62.85866165161133,2017-08-21 00:00:00-04:00
63.23039245605469,2017-08-22 00:00:00-04:00
63.00734329223633,2017-08-23 00:00:00-04:00
61.55763244628906,2017-08-24 00:00:00-04:00
61.4089241027832,2017-08-25 00:00:00-04:00
61.06693649291992,2017-08-28 00:00:00-04:00
60.546512603759766,2017-08-29 00:00:00-04:00
60.910823822021484,2017-08-30 00:00:00-04:00
60.033546447753906,2017-08-31 00:00:00-04:00
60.107887268066406,2017-09-01 00:00:00-04:00
60.33091735839844,2017-09-05 00:00:00-04:00
60.464759826660156,2017-09-06 00:00:00-04:00
60.561405181884766,2017-09-07 00:00:00-04:00
60.75469207763672,2017-09-08 00:00:00-04:00
61.37176513671875,2017-09-11 00:00:00-04:00
61.09667205810547,2017-09-12 00:00:00-04:00
60.89595031738281,2017-09-13 00:00:00-04:00
60.42757797241211,2017-09-14 00:00:00-04:00
60.539093017578125,2017-09-15 00:00:00-04:00
60.51679229736328,2017-09-18 00:00:00-04:00
60.09302520751953,2017-09-19 00:00:00-04:00
59.37929916381836,2017-09-20 00:00:00-04:00
58.73994445800781,2017-09-21 00:00:00-04:00
57.63219451904297,2017-09-22 00:00:00-04:00
58.301307678222656,2017-09-25 00:00:00-04:00
58.427696228027344,2017-09-26 00:00:00-04:00
58.16006088256836,2017-09-27 00:00:00-04:00
57.966766357421875,2017-09-28 00:00:00-04:00
57.65450668334961,2017-09-29 00:00:00-04:00
57.87752914428711,2017-10-02 00:00:00-04:00
57.85523223876953,2017-10-03 00:00:00-04:00
57.81805419921875,2017-10-04 00:00:00-04:00
58.17491149902344,2017-10-05 00:00:00-04:00
58.12289047241211,2017-10-06 00:00:00-04:00
57.490943908691406,2017-10-09 00:00:00-04:00
58.093143463134766,2017-10-10 00:00:00-04:00
58.13032531738281,2017-10-11 00:00:00-04:00
58.100555419921875,2017-10-12 00:00:00-04:00
57.79576110839844,2017-10-13 00:00:00-04:00
57.72884750366211,2017-10-16 00:00:00-04:00
57.64706802368164,2017-10-17 00:00:00-04:00
57.319942474365234,2017-10-18 00:00:00-04:00
56.85157775878906,2017-10-19 00:00:00-04:00
57.03001403808594,2017-10-20 00:00:00-04:00
57.29022216796875,2017-10-23 00:00:00-04:00
57.4091796875,2017-10-24 00:00:00-04:00
57.490943908691406,2017-10-25 00:00:00-04:00
57.46865463256836,2017-10-26 00:00:00-04:00
57.46865463256836,2017-10-27 00:00:00-04:00
55.95945358276367,2017-10-30 00:00:00-04:00
57.490943908691406,2017-10-31 00:00:00-04:00
57.766029357910156,2017-11-01 00:00:00-04:00
58.01136779785156,2017-11-02 00:00:00-04:00
57.98906326293945,2017-11-03 00:00:00-04:00
57.24562454223633,2017-11-06 00:00:00-05:00
58.12289047241211,2017-11-07 00:00:00-05:00
59.16371154785156,2017-11-08 00:00:00-05:00
59.03732681274414,2017-11-09 00:00:00-05:00
59.26778030395508,2017-11-10 00:00:00-05:00
59.36444854736328,2017-11-13 00:00:00-05:00
59.01502227783203,2017-11-14 00:00:00-05:00
58.56896209716797,2017-11-15 00:00:00-05:00
59.7117919921875,2017-11-16 00:00:00-05:00
59.67431640625,2017-11-17 00:00:00-05:00
59.899139404296875,2017-11-20 00:00:00-05:00
59.95907211303711,2017-11-21 00:00:00-05:00
59.816680908203125,2017-11-22 00:00:00-05:00
59.77172088623047,2017-11-24 00:00:00-05:00
59.65932846069336,2017-11-27 00:00:00-05:00
59.18720245361328,2017-11-28 00:00:00-05:00
60.76842498779297,2017-11-29 00:00:00-05:00
60.97824478149414,2017-11-30 00:00:00-05:00
60.85834503173828,2017-12-01 00:00:00-05:00
61.39042282104492,2017-12-04 00:00:00-05:00
60.431190490722656,2017-12-05 00:00:00-05:00
60.318790435791016,2017-12-06 00:00:00-05:00
59.47197341918945,2017-12-07 00:00:00-05:00
58.8125114440918,2017-12-08 00:00:00-05:00
58.73006057739258,2017-12-11 00:00:00-05:00
59.16472244262695,2017-12-12 00:00:00-05:00
59.41200637817383,2017-12-13 00:00:00-05:00
59.18720245361328,2017-12-14 00:00:00-05:00
59.60687255859375,2017-12-15 00:00:00-05:00
59.4794807434082,2017-12-18 00:00:00-05:00
58.84246826171875,2017-12-19 00:00:00-05:00
57.9881591796875,2017-12-20 00:00:00-05:00
58.36286544799805,2017-12-21 00:00:00-05:00
58.632659912109375,2017-12-22 00:00:00-05:00
58.53522872924805,2017-12-26 00:00:00-05:00
58.43778991699219,2017-12-27 00:00:00-05:00
58.3928337097168,2017-12-28 00:00:00-05:00
58.2729606628418,2017-12-29 00:00:00-05:00
57.718387603759766,2018-01-02 00:00:00-05:00
57.710899353027344,2018-01-03 00:00:00-05:00
58.38534927368164,2018-01-04 00:00:00-05:00
58.3328857421875,2018-01-05 00:00:00-05:00
58.8125114440918,2018-01-08 00:00:00-05:00
58.91741180419922,2018-01-09 00:00:00-05:00
58.370365142822266,2018-01-10 00:00:00-05:00
57.800819396972656,2018-01-11 00:00:00-05:00
57.96567153930664,2018-01-12 00:00:00-05:00
58.932403564453125,2018-01-16 00:00:00-05:00
60.00404357910156,2018-01-17 00:00:00-05:00
59.40452194213867,2018-01-18 00:00:00-05:00
59.696800231933594,2018-01-19 00:00:00-05:00
60.0789794921875,2018-01-22 00:00:00-05:00
60.1539192199707,2018-01-23 00:00:00-05:00
59.8466796875,2018-01-24 00:00:00-05:00
59.704280853271484,2018-01-25 00:00:00-05:00
59.494449615478516,2018-01-26 00:00:00-05:00
58.76753234863281,2018-01-29 00:00:00-05:00
58.82748794555664,2018-01-30 00:00:00-05:00
58.74505615234375,2018-01-31 00:00:00-05:00
58.87994384765625,2018-02-01 00:00:00-05:00
57.84578323364258,2018-02-02 00:00:00-05:00
55.650047302246094,2018-02-05 00:00:00-05:00
55.687522888183594,2018-02-06 00:00:00-05:00
55.11799240112305,2018-02-07 00:00:00-05:00
53.64168167114258,2018-02-08 00:00:00-05:00
53.49180221557617,2018-02-09 00:00:00-05:00
53.81402587890625,2018-02-12 00:00:00-05:00
53.73910903930664,2018-02-13 00:00:00-05:00
53.8964729309082,2018-02-14 00:00:00-05:00
54.488494873046875,2018-02-15 00:00:00-05:00
53.0571403503418,2018-02-16 00:00:00-05:00
51.47593688964844,2018-02-20 00:00:00-05:00
50.561668395996094,2018-02-21 00:00:00-05:00
50.6890754699707,2018-02-22 00:00:00-05:00
51.72322463989258,2018-02-23 00:00:00-05:00
52.26279067993164,2018-02-26 00:00:00-05:00
50.861427307128906,2018-02-27 00:00:00-05:00
50.24692153930664,2018-02-28 00:00:00-05:00
50.127017974853516,2018-03-01 00:00:00-05:00
50.33684158325195,2018-03-02 00:00:00-05:00
50.53169250488281,2018-03-05 00:00:00-05:00
50.78649139404297,2018-03-06 00:00:00-05:00
50.554176330566406,2018-03-07 00:00:00-05:00
50.671409606933594,2018-03-08 00:00:00-05:00
50.85295867919922,2018-03-09 00:00:00-05:00
51.20846176147461,2018-03-12 00:00:00-04:00
50.9588508605957,2018-03-13 00:00:00-04:00
50.361297607421875,2018-03-14 00:00:00-04:00
49.51411437988281,2018-03-15 00:00:00-04:00
49.43848419189453,2018-03-16 00:00:00-04:00
48.371952056884766,2018-03-19 00:00:00-04:00
47.78952407836914,2018-03-20 00:00:00-04:00
46.889408111572266,2018-03-21 00:00:00-04:00
45.785057067871094,2018-03-22 00:00:00-04:00
45.406856536865234,2018-03-23 00:00:00-04:00
46.632232666015625,2018-03-26 00:00:00-04:00
45.91365051269531,2018-03-27 00:00:00-04:00
46.42042541503906,2018-03-28 00:00:00-04:00
47.1163215637207,2018-03-29 00:00:00-04:00
45.42954635620117,2018-04-02 00:00:00-04:00
45.565704345703125,2018-04-03 00:00:00-04:00
46.42799758911133,2018-04-04 00:00:00-04:00
46.37504577636719,2018-04-05 00:00:00-04:00
45.792625427246094,2018-04-06 00:00:00-04:00
45.87582778930664,2018-04-09 00:00:00-04:00
46.32966995239258,2018-04-10 00:00:00-04:00
46.54902267456055,2018-04-11 00:00:00-04:00
46.095184326171875,2018-04-12 00:00:00-04:00
46.08005905151367,2018-04-13 00:00:00-04:00
46.284278869628906,2018-04-16 00:00:00-04:00
46.6624755859375,2018-04-17 00:00:00-04:00
45.981719970703125,2018-04-18 00:00:00-04:00
45.179931640625,2018-04-19 00:00:00-04:00
44.03776550292969,2018-04-20 00:00:00-04:00
43.629310607910156,2018-04-23 00:00:00-04:00
42.75944900512695,2018-04-24 00:00:00-04:00
43.001495361328125,2018-04-25 00:00:00-04:00
43.364559173583984,2018-04-26 00:00:00-04:00
43.614173889160156,2018-04-27 00:00:00-04:00
42.6459846496582,2018-04-30 00:00:00-04:00
42.13163375854492,2018-05-01 00:00:00-04:00
40.99702835083008,2018-05-02 00:00:00-04:00
41.5643310546875,2018-05-03 00:00:00-04:00
43.8789176940918,2018-05-04 00:00:00-04:00
44.49917984008789,2018-05-07 00:00:00-04:00
44.446224212646484,2018-05-08 00:00:00-04:00
44.234432220458984,2018-05-09 00:00:00-04:00
44.658016204833984,2018-05-10 00:00:00-04:00
44.80929183959961,2018-05-11 00:00:00-04:00
44.83955764770508,2018-05-14 00:00:00-04:00
44.658016204833984,2018-05-15 00:00:00-04:00
44.84712219238281,2018-05-16 00:00:00-04:00
44.384613037109375,2018-05-17 00:00:00-04:00
43.41374969482422,2018-05-18 00:00:00-04:00
43.15384292602539,2018-05-21 00:00:00-04:00
43.25322341918945,2018-05-22 00:00:00-04:00
43.558998107910156,2018-05-23 00:00:00-04:00
43.62015151977539,2018-05-24 00:00:00-04:00
44.16292953491211,2018-05-25 00:00:00-04:00
43.88007736206055,2018-05-29 00:00:00-04:00
44.980899810791016,2018-05-30 00:00:00-04:00
43.94121551513672,2018-05-31 00:00:00-04:00
44.071189880371094,2018-06-01 00:00:00-04:00
44.65982437133789,2018-06-04 00:00:00-04:00
44.277591705322266,2018-06-05 00:00:00-04:00
44.277591705322266,2018-06-06 00:00:00-04:00
44.08647918701172,2018-06-07 00:00:00-04:00
44.69804382324219,2018-06-08 00:00:00-04:00
45.77593231201172,2018-06-11 00:00:00-04:00
45.95940399169922,2018-06-12 00:00:00-04:00
45.944114685058594,2018-06-13 00:00:00-04:00
46.37986755371094,2018-06-14 00:00:00-04:00
47.098453521728516,2018-06-15 00:00:00-04:00
46.53274154663086,2018-06-18 00:00:00-04:00
47.50361633300781,2018-06-19 00:00:00-04:00
48.1916389465332,2018-06-20 00:00:00-04:00
47.83234786987305,2018-06-21 00:00:00-04:00
48.321590423583984,2018-06-22 00:00:00-04:00
48.40567398071289,2018-06-25 00:00:00-04:00
48.321590423583984,2018-06-26 00:00:00-04:00
47.924068450927734,2018-06-27 00:00:00-04:00
47.89349365234375,2018-06-28 00:00:00-04:00
48.02345275878906,2018-06-29 00:00:00-04:00
47.465396881103516,2018-07-02 00:00:00-04:00
47.88584518432617,2018-07-03 00:00:00-04:00
48.887290954589844,2018-07-05 00:00:00-04:00
49.25422668457031,2018-07-06 00:00:00-04:00
48.902587890625,2018-07-09 00:00:00-04:00
48.925514221191406,2018-07-10 00:00:00-04:00
48.72675704956055,2018-07-11 00:00:00-04:00
48.65031051635742,2018-07-12 00:00:00-04:00
48.81084060668945,2018-07-13 00:00:00-04:00
47.88584518432617,2018-07-16 00:00:00-04:00
48.199275970458984,2018-07-17 00:00:00-04:00
47.083168029785156,2018-07-18 00:00:00-04:00
46.89204788208008,2018-07-19 00:00:00-04:00
46.3951416015625,2018-07-20 00:00:00-04:00
46.09700393676758,2018-07-23 00:00:00-04:00
45.61540222167969,2018-07-24 00:00:00-04:00
45.74535369873047,2018-07-25 00:00:00-04:00
46.234619140625,2018-07-26 00:00:00-04:00
46.06642532348633,2018-07-27 00:00:00-04:00
46.08171844482422,2018-07-30 00:00:00-04:00
46.05878829956055,2018-07-31 00:00:00-04:00
45.317264556884766,2018-08-01 00:00:00-04:00
45.40899658203125,2018-08-02 00:00:00-04:00
49.292457580566406,2018-08-03 00:00:00-04:00
47.62593460083008,2018-08-06 00:00:00-04:00
46.87675857543945,2018-08-07 00:00:00-04:00
46.08171844482422,2018-08-08 00:00:00-04:00
45.8676643371582,2018-08-09 00:00:00-04:00
45.600120544433594,2018-08-10 00:00:00-04:00
45.317264556884766,2018-08-13 00:00:00-04:00
45.50072479248047,2018-08-14 00:00:00-04:00
45.17200469970703,2018-08-15 00:00:00-04:00
46.38118362426758,2018-08-16 00:00:00-04:00
47.146087646484375,2018-08-17 00:00:00-04:00
46.85249328613281,2018-08-20 00:00:00-04:00
46.234378814697266,2018-08-21 00:00:00-04:00
46.01032638549805,2018-08-22 00:00:00-04:00
45.430843353271484,2018-08-23 00:00:00-04:00
45.60855484008789,2018-08-24 00:00:00-04:00
46.02577209472656,2018-08-27 00:00:00-04:00
45.42311096191406,2018-08-28 00:00:00-04:00
45.81716537475586,2018-08-29 00:00:00-04:00
44.98271560668945,2018-08-30 00:00:00-04:00
45.02134704589844,2018-08-31 00:00:00-04:00
43.777408599853516,2018-09-04 00:00:00-04:00
44.04011154174805,2018-09-05 00:00:00-04:00
43.88557434082031,2018-09-06 00:00:00-04:00
43.72332763671875,2018-09-07 00:00:00-04:00
44.225528717041016,2018-09-10 00:00:00-04:00
44.62730407714844,2018-09-11 00:00:00-04:00
45.67809295654297,2018-09-12 00:00:00-04:00
45.96396255493164,2018-09-13 00:00:00-04:00
45.56218338012695,2018-09-14 00:00:00-04:00
45.083152770996094,2018-09-17 00:00:00-04:00
44.11737060546875,2018-09-18 00:00:00-04:00
43.95511245727539,2018-09-19 00:00:00-04:00
44.48050308227539,2018-09-20 00:00:00-04:00
44.1328239440918,2018-09-21 00:00:00-04:00
43.669246673583984,2018-09-24 00:00:00-04:00
43.0047721862793,2018-09-25 00:00:00-04:00
42.62618637084961,2018-09-26 00:00:00-04:00
42.5257453918457,2018-09-27 00:00:00-04:00
42.57981872558594,2018-09-28 00:00:00-04:00
42.91205978393555,2018-10-01 00:00:00-04:00
43.2133903503418,2018-10-02 00:00:00-04:00
42.958412170410156,2018-10-03 00:00:00-04:00
42.896602630615234,2018-10-04 00:00:00-04:00
43.18247985839844,2018-10-05 00:00:00-04:00
44.08646011352539,2018-10-08 00:00:00-04:00
43.32154846191406,2018-10-09 00:00:00-04:00
43.06658172607422,2018-10-10 00:00:00-04:00
41.583126068115234,2018-10-11 00:00:00-04:00
41.90763473510742,2018-10-12 00:00:00-04:00
42.085350036621094,2018-10-15 00:00:00-04:00
42.83479309082031,2018-10-16 00:00:00-04:00
43.57653045654297,2018-10-17 00:00:00-04:00
42.91205978393555,2018-10-18 00:00:00-04:00
44.47277069091797,2018-10-19 00:00:00-04:00
43.429725646972656,2018-10-22 00:00:00-04:00
43.731040954589844,2018-10-23 00:00:00-04:00
43.09748840332031,2018-10-24 00:00:00-04:00
43.25201416015625,2018-10-25 00:00:00-04:00
42.22441482543945,2018-10-26 00:00:00-04:00
42.896602630615234,2018-10-29 00:00:00-04:00
43.151573181152344,2018-10-30 00:00:00-04:00
42.47166061401367,2018-10-31 00:00:00-04:00
43.421993255615234,2018-11-01 00:00:00-04:00
39.1956901550293,2018-11-02 00:00:00-04:00
40.4782600402832,2018-11-05 00:00:00-05:00
41.30497360229492,2018-11-06 00:00:00-05:00
41.374515533447266,2018-11-07 00:00:00-05:00
41.1890869140625,2018-11-08 00:00:00-05:00
41.7144660949707,2018-11-09 00:00:00-05:00
41.46724319458008,2018-11-12 00:00:00-05:00
41.24317169189453,2018-11-13 00:00:00-05:00
40.67142105102539,2018-11-14 00:00:00-05:00
40.65187454223633,2018-11-15 00:00:00-05:00
40.72224807739258,2018-11-16 00:00:00-05:00
40.57367706298828,2018-11-19 00:00:00-05:00
39.83085632324219,2018-11-20 00:00:00-05:00
40.00288009643555,2018-11-21 00:00:00-05:00
39.9090576171875,2018-11-23 00:00:00-05:00
39.93250274658203,2018-11-26 00:00:00-05:00
40.50331115722656,2018-11-27 00:00:00-05:00
40.01852035522461,2018-11-28 00:00:00-05:00
40.02634048461914,2018-11-29 00:00:00-05:00
39.97161102294922,2018-11-30 00:00:00-05:00
40.206172943115234,2018-12-03 00:00:00-05:00
39.080223083496094,2018-12-04 00:00:00-05:00
38.72053527832031,2018-12-06 00:00:00-05:00
38.08718490600586,2018-12-07 00:00:00-05:00
37.743141174316406,2018-12-10 00:00:00-05:00
37.82915115356445,2018-12-11 00:00:00-05:00
37.735328674316406,2018-12-12 00:00:00-05:00
37.899532318115234,2018-12-13 00:00:00-05:00
37.10978698730469,2018-12-14 00:00:00-05:00
36.60936737060547,2018-12-17 00:00:00-05:00
36.085479736328125,2018-12-18 00:00:00-05:00
35.25664520263672,2018-12-19 00:00:00-05:00
35.06898498535156,2018-12-20 00:00:00-05:00
34.44344711303711,2018-12-21 00:00:00-05:00
33.26275634765625,2018-12-24 00:00:00-05:00
33.849205017089844,2018-12-26 00:00:00-05:00
34.216697692871094,2018-12-27 00:00:00-05:00
34.06813049316406,2018-12-28 00:00:00-05:00
33.65372085571289,2018-12-31 00:00:00-05:00
33.88828659057617,2019-01-02 00:00:00-05:00
33.86483383178711,2019-01-03 00:00:00-05:00
34.78749465942383,2019-01-04 00:00:00-05:00
35.44430923461914,2019-01-07 00:00:00-05:00
35.4755859375,2019-01-08 00:00:00-05:00
35.28792190551758,2019-01-09 00:00:00-05:00
35.65542221069336,2019-01-10 00:00:00-05:00
35.663246154785156,2019-01-11 00:00:00-05:00
36.16366958618164,2019-01-14 00:00:00-05:00
36.67974090576172,2019-01-15 00:00:00-05:00
36.625003814697266,2019-01-16 00:00:00-05:00
36.81266784667969,2019-01-17 00:00:00-05:00
37.164520263671875,2019-01-18 00:00:00-05:00
36.96903991699219,2019-01-22 00:00:00-05:00
36.79703140258789,2019-01-23 00:00:00-05:00
36.39043426513672,2019-01-24 00:00:00-05:00
36.554630279541016,2019-01-25 00:00:00-05:00
36.67192077636719,2019-01-28 00:00:00-05:00
36.65627670288086,2019-01-29 00:00:00-05:00
36.554630279541016,2019-01-30 00:00:00-05:00
37.57892990112305,2019-01-31 00:00:00-05:00
37.3443603515625,2019-02-01 00:00:00-05:00
37.3209114074707,2019-02-04 00:00:00-05:00
37.6414909362793,2019-02-05 00:00:00-05:00
37.28962326049805,2019-02-06 00:00:00-05:00
36.92995071411133,2019-02-07 00:00:00-05:00
37.10978698730469,2019-02-08 00:00:00-05:00
37.00813674926758,2019-02-11 00:00:00-05:00
37.61803436279297,2019-02-12 00:00:00-05:00
37.250526428222656,2019-02-13 00:00:00-05:00
37.01596450805664,2019-02-14 00:00:00-05:00
37.23488998413086,2019-02-15 00:00:00-05:00
37.35218048095703,2019-02-19 00:00:00-05:00
37.735328674316406,2019-02-20 00:00:00-05:00
37.672767639160156,2019-02-21 00:00:00-05:00
27.328006744384766,2019-02-22 00:00:00-05:00
26.765026092529297,2019-02-25 00:00:00-05:00
25.8970947265625,2019-02-26 00:00:00-05:00
25.177734375,2019-02-27 00:00:00-05:00
25.951831817626953,2019-02-28 00:00:00-05:00
25.334115982055664,2019-03-01 00:00:00-05:00
25.983110427856445,2019-03-04 00:00:00-05:00
25.834543228149414,2019-03-05 00:00:00-05:00
25.693796157836914,2019-03-06 00:00:00-05:00
25.242616653442383,2019-03-07 00:00:00-05:00
25.40884017944336,2019-03-08 00:00:00-05:00
25.464248657226562,2019-03-11 00:00:00-04:00
25.321773529052734,2019-03-12 00:00:00-04:00
25.567155838012695,2019-03-13 00:00:00-04:00
25.226789474487305,2019-03-14 00:00:00-04:00
25.400924682617188,2019-03-15 00:00:00-04:00
25.353431701660156,2019-03-18 00:00:00-04:00
25.43259048461914,2019-03-19 00:00:00-04:00
25.345516204833984,2019-03-20 00:00:00-04:00
25.92334747314453,2019-03-21 00:00:00-04:00
25.559236526489258,2019-03-22 00:00:00-04:00
25.725460052490234,2019-03-25 00:00:00-04:00
26.042081832885742,2019-03-26 00:00:00-04:00
25.836278915405273,2019-03-27 00:00:00-04:00
26.03416633605957,2019-03-28 00:00:00-04:00
25.844194412231445,2019-03-29 00:00:00-04:00
25.725460052490234,2019-04-01 00:00:00-04:00
25.39301109313965,2019-04-02 00:00:00-04:00
25.527568817138672,2019-04-03 00:00:00-04:00
25.875856399536133,2019-04-04 00:00:00-04:00
26.255800247192383,2019-04-05 00:00:00-04:00
26.27162742614746,2019-04-08 00:00:00-04:00
26.081661224365234,2019-04-09 00:00:00-04:00
26.105409622192383,2019-04-10 00:00:00-04:00
26.113327026367188,2019-04-11 00:00:00-04:00
26.176651000976562,2019-04-12 00:00:00-04:00
26.2320556640625,2019-04-15 00:00:00-04:00
26.152902603149414,2019-04-16 00:00:00-04:00
26.03416633605957,2019-04-17 00:00:00-04:00
26.089576721191406,2019-04-18 00:00:00-04:00
26.042081832885742,2019-04-22 00:00:00-04:00
26.20039939880371,2019-04-23 00:00:00-04:00
25.93126106262207,2019-04-24 00:00:00-04:00
25.74129295349121,2019-04-25 00:00:00-04:00
26.168733596801758,2019-04-26 00:00:00-04:00
26.334959030151367,2019-04-29 00:00:00-04:00
26.31121253967285,2019-04-30 00:00:00-04:00
26.113327026367188,2019-05-01 00:00:00-04:00
25.472164154052734,2019-05-02 00:00:00-04:00
25.78879165649414,2019-05-03 00:00:00-04:00
25.939180374145508,2019-05-06 00:00:00-04:00
25.725460052490234,2019-05-07 00:00:00-04:00
25.670055389404297,2019-05-08 00:00:00-04:00
25.78879165649414,2019-05-09 00:00:00-04:00
25.844194412231445,2019-05-10 00:00:00-04:00
25.30593490600586,2019-05-13 00:00:00-04:00
25.543405532836914,2019-05-14 00:00:00-04:00
25.64630889892578,2019-05-15 00:00:00-04:00
25.69379425048828,2019-05-16 00:00:00-04:00
25.749204635620117,2019-05-17 00:00:00-04:00
25.16345977783203,2019-05-20 00:00:00-04:00
25.31385612487793,2019-05-21 00:00:00-04:00
25.234699249267578,2019-05-22 00:00:00-04:00
24.894332885742188,2019-05-23 00:00:00-04:00
24.625205993652344,2019-05-24 00:00:00-04:00
23.00251579284668,2019-05-28 00:00:00-04:00
22.70172882080078,2019-05-29 00:00:00-04:00
21.995311737060547,2019-05-30 00:00:00-04:00
22.195999145507812,2019-05-31 00:00:00-04:00
22.81411361694336,2019-06-03 00:00:00-04:00
23.014799118041992,2019-06-04 00:00:00-04:00
22.8542537689209,2019-06-05 00:00:00-04:00
22.97466468811035,2019-06-06 00:00:00-04:00
23.07099723815918,2019-06-07 00:00:00-04:00
24.331310272216797,2019-06-10 00:00:00-04:00
24.275121688842773,2019-06-11 00:00:00-04:00
24.186813354492188,2019-06-12 00:00:00-04:00
24.411584854125977,2019-06-13 00:00:00-04:00
24.331310272216797,2019-06-14 00:00:00-04:00
24.218923568725586,2019-06-17 00:00:00-04:00
24.2992000579834,2019-06-18 00:00:00-04:00
24.85309600830078,2019-06-19 00:00:00-04:00
24.98956298828125,2019-06-20 00:00:00-04:00
25.27052879333496,2019-06-21 00:00:00-04:00
24.499889373779297,2019-06-24 00:00:00-04:00
24.628334045410156,2019-06-25 00:00:00-04:00
24.75676727294922,2019-06-26 00:00:00-04:00
24.70057487487793,2019-06-27 00:00:00-04:00
24.917322158813477,2019-06-28 00:00:00-04:00
24.451723098754883,2019-07-01 00:00:00-04:00
24.499889373779297,2019-07-02 00:00:00-04:00
25.085895538330078,2019-07-03 00:00:00-04:00
24.877180099487305,2019-07-05 00:00:00-04:00
24.63636016845703,2019-07-08 00:00:00-04:00
24.483835220336914,2019-07-09 00:00:00-04:00
25.126028060913086,2019-07-10 00:00:00-04:00
24.604248046875,2019-07-11 00:00:00-04:00
24.72465705871582,2019-07-12 00:00:00-04:00
24.628334045410156,2019-07-15 00:00:00-04:00
24.339338302612305,2019-07-16 00:00:00-04:00
24.435665130615234,2019-07-17 00:00:00-04:00
24.925342559814453,2019-07-18 00:00:00-04:00
25.31869125366211,2019-07-19 00:00:00-04:00
25.278554916381836,2019-07-22 00:00:00-04:00
25.647815704345703,2019-07-23 00:00:00-04:00
25.74414825439453,2019-07-24 00:00:00-04:00
25.326717376708984,2019-07-25 00:00:00-04:00
25.56754493713379,2019-07-26 00:00:00-04:00
25.495296478271484,2019-07-29 00:00:00-04:00
25.55951499938965,2019-07-30 00:00:00-04:00
25.695981979370117,2019-07-31 00:00:00-04:00
26.1134090423584,2019-08-01 00:00:00-04:00
25.856529235839844,2019-08-02 00:00:00-04:00
25.238418579101562,2019-08-05 00:00:00-04:00
24.548051834106445,2019-08-06 00:00:00-04:00
24.78084945678711,2019-08-07 00:00:00-04:00
22.653564453125,2019-08-08 00:00:00-04:00
21.272836685180664,2019-08-09 00:00:00-04:00
21.10426139831543,2019-08-12 00:00:00-04:00
20.839353561401367,2019-08-13 00:00:00-04:00
20.48614501953125,2019-08-14 00:00:00-04:00
20.116884231567383,2019-08-15 00:00:00-04:00
20.39784049987793,2019-08-16 00:00:00-04:00
20.63866424560547,2019-08-19 00:00:00-04:00
20.50004005432129,2019-08-20 00:00:00-04:00
20.606050491333008,2019-08-21 00:00:00-04:00
20.89145278930664,2019-08-22 00:00:00-04:00
20.654970169067383,2019-08-23 00:00:00-04:00
20.858835220336914,2019-08-26 00:00:00-04:00
20.385881423950195,2019-08-27 00:00:00-04:00
20.524503707885742,2019-08-28 00:00:00-04:00
20.654970169067383,2019-08-29 00:00:00-04:00
20.809904098510742,2019-08-30 00:00:00-04:00
21.250246047973633,2019-09-03 00:00:00-04:00
21.413330078125,2019-09-04 00:00:00-04:00
21.682422637939453,2019-09-05 00:00:00-04:00
22.24507713317871,2019-09-06 00:00:00-04:00
22.897424697875977,2019-09-09 00:00:00-04:00
23.615005493164062,2019-09-10 00:00:00-04:00
23.87594223022461,2019-09-11 00:00:00-04:00
23.672086715698242,2019-09-12 00:00:00-04:00
23.85148048400879,2019-09-13 00:00:00-04:00
24.1531925201416,2019-09-16 00:00:00-04:00
23.125743865966797,2019-09-17 00:00:00-04:00
23.166515350341797,2019-09-18 00:00:00-04:00
22.95450210571289,2019-09-19 00:00:00-04:00
22.94635009765625,2019-09-20 00:00:00-04:00
22.99527359008789,2019-09-23 00:00:00-04:00
22.77510643005371,2019-09-24 00:00:00-04:00
22.94635009765625,2019-09-25 00:00:00-04:00
22.840341567993164,2019-09-26 00:00:00-04:00
22.70171546936035,2019-09-27 00:00:00-04:00
22.77918243408203,2019-09-30 00:00:00-04:00
22.29399871826172,2019-10-01 00:00:00-04:00
21.649805068969727,2019-10-02 00:00:00-04:00
21.641651153564453,2019-10-03 00:00:00-04:00
21.996366500854492,2019-10-04 00:00:00-04:00
21.967824935913086,2019-10-07 00:00:00-04:00
21.7802791595459,2019-10-08 00:00:00-04:00
21.796585083007812,2019-10-09 00:00:00-04:00
21.967824935913086,2019-10-10 00:00:00-04:00
22.081985473632812,2019-10-11 00:00:00-04:00
22.27768898010254,2019-10-14 00:00:00-04:00
22.41631317138672,2019-10-15 00:00:00-04:00
22.37554168701172,2019-10-16 00:00:00-04:00
22.644636154174805,2019-10-17 00:00:00-04:00
22.51416778564453,2019-10-18 00:00:00-04:00
22.6772518157959,2019-10-21 00:00:00-04:00
23.239906311035156,2019-10-22 00:00:00-04:00
23.329607009887695,2019-10-23 00:00:00-04:00
23.199134826660156,2019-10-24 00:00:00-04:00
23.142051696777344,2019-10-25 00:00:00-04:00
23.13389778137207,2019-10-28 00:00:00-04:00
22.94635009765625,2019-10-29 00:00:00-04:00
23.239906311035156,2019-10-30 00:00:00-04:00
26.363025665283203,2019-10-31 00:00:00-04:00
26.591344833374023,2019-11-01 00:00:00-04:00
27.178455352783203,2019-11-04 00:00:00-05:00
26.83597183227539,2019-11-05 00:00:00-05:00
27.02352523803711,2019-11-06 00:00:00-05:00
26.68104362487793,2019-11-07 00:00:00-05:00
26.787050247192383,2019-11-08 00:00:00-05:00
26.713655471801758,2019-11-11 00:00:00-05:00
26.893056869506836,2019-11-12 00:00:00-05:00
27.15399169921875,2019-11-13 00:00:00-05:00
25.552812576293945,2019-11-14 00:00:00-05:00
25.833433151245117,2019-11-15 00:00:00-05:00
25.59408187866211,2019-11-18 00:00:00-05:00
25.833433151245117,2019-11-19 00:00:00-05:00
25.66011619567871,2019-11-20 00:00:00-05:00
24.958560943603516,2019-11-21 00:00:00-05:00
25.2061710357666,2019-11-22 00:00:00-05:00
25.635353088378906,2019-11-25 00:00:00-05:00
25.148391723632812,2019-11-26 00:00:00-05:00
25.06586265563965,2019-11-27 00:00:00-05:00
25.17315673828125,2019-11-29 00:00:00-05:00
25.544565200805664,2019-12-02 00:00:00-05:00
25.420757293701172,2019-12-03 00:00:00-05:00
25.610591888427734,2019-12-04 00:00:00-05:00
25.792165756225586,2019-12-05 00:00:00-05:00
25.66011619567871,2019-12-06 00:00:00-05:00
26.353403091430664,2019-12-09 00:00:00-05:00
26.3121337890625,2019-12-10 00:00:00-05:00
26.081039428710938,2019-12-11 00:00:00-05:00
26.361656188964844,2019-12-12 00:00:00-05:00
26.081039428710938,2019-12-13 00:00:00-05:00
26.19658660888672,2019-12-16 00:00:00-05:00
26.097545623779297,2019-12-17 00:00:00-05:00
26.20484161376953,2019-12-18 00:00:00-05:00
26.328645706176758,2019-12-19 00:00:00-05:00
26.592756271362305,2019-12-20 00:00:00-05:00
26.345149993896484,2019-12-23 00:00:00-05:00
26.394672393798828,2019-12-24 00:00:00-05:00
26.105798721313477,2019-12-26 00:00:00-05:00
26.097545623779297,2019-12-27 00:00:00-05:00
26.171825408935547,2019-12-30 00:00:00-05:00
26.518474578857422,2019-12-31 00:00:00-05:00
26.08929443359375,2020-01-02 00:00:00-05:00
25.783912658691406,2020-01-03 00:00:00-05:00
25.84168243408203,2020-01-06 00:00:00-05:00
25.387746810913086,2020-01-07 00:00:00-05:00
25.2474365234375,2020-01-08 00:00:00-05:00
25.23918342590332,2020-01-09 00:00:00-05:00
25.33822250366211,2020-01-10 00:00:00-05:00
25.717885971069336,2020-01-13 00:00:00-05:00
26.188335418701172,2020-01-14 00:00:00-05:00
26.081039428710938,2020-01-15 00:00:00-05:00
26.188335418701172,2020-01-16 00:00:00-05:00
25.610591888427734,2020-01-17 00:00:00-05:00
25.59408187866211,2020-01-21 00:00:00-05:00
25.313461303710938,2020-01-22 00:00:00-05:00
25.321720123291016,2020-01-23 00:00:00-05:00
25.098873138427734,2020-01-24 00:00:00-05:00
25.04935646057129,2020-01-27 00:00:00-05:00
24.867774963378906,2020-01-28 00:00:00-05:00
24.44684600830078,2020-01-29 00:00:00-05:00
24.710960388183594,2020-01-30 00:00:00-05:00
24.100202560424805,2020-01-31 00:00:00-05:00
24.05893325805664,2020-02-03 00:00:00-05:00
24.05893325805664,2020-02-04 00:00:00-05:00
24.240514755249023,2020-02-05 00:00:00-05:00
23.984651565551758,2020-02-06 00:00:00-05:00
24.38081932067871,2020-02-07 00:00:00-05:00
24.504621505737305,2020-02-10 00:00:00-05:00
24.768733978271484,2020-02-11 00:00:00-05:00
24.79349708557129,2020-02-12 00:00:00-05:00
22.919952392578125,2020-02-13 00:00:00-05:00
22.185386657714844,2020-02-14 00:00:00-05:00
22.556798934936523,2020-02-18 00:00:00-05:00
22.540294647216797,2020-02-19 00:00:00-05:00
22.63108253479004,2020-02-20 00:00:00-05:00
22.499021530151367,2020-02-21 00:00:00-05:00
21.97905158996582,2020-02-24 00:00:00-05:00
21.516857147216797,2020-02-25 00:00:00-05:00
21.161958694458008,2020-02-26 00:00:00-05:00
20.60897445678711,2020-02-27 00:00:00-05:00
20.44390106201172,2020-02-28 00:00:00-05:00
21.516857147216797,2020-03-02 00:00:00-05:00
21.046409606933594,2020-03-03 00:00:00-05:00
21.830490112304688,2020-03-04 00:00:00-05:00
21.995559692382812,2020-03-05 00:00:00-05:00
21.483844757080078,2020-03-06 00:00:00-05:00
19.775371551513672,2020-03-09 00:00:00-04:00
20.221057891845703,2020-03-10 00:00:00-04:00
19.52776527404785,2020-03-11 00:00:00-04:00
16.841228485107422,2020-03-12 00:00:00-04:00
20.123838424682617,2020-03-13 00:00:00-04:00
18.486736297607422,2020-03-16 00:00:00-04:00
20.006301879882812,2020-03-17 00:00:00-04:00
19.88877296447754,2020-03-18 00:00:00-04:00
18.705015182495117,2020-03-19 00:00:00-04:00
18.705015182495117,2020-03-20 00:00:00-04:00
17.437305450439453,2020-03-23 00:00:00-04:00
19.301090240478516,2020-03-24 00:00:00-04:00
19.275903701782227,2020-03-25 00:00:00-04:00
20.79547691345215,2020-03-26 00:00:00-04:00
20.350515365600586,2020-03-27 00:00:00-04:00
21.131290435791016,2020-03-30 00:00:00-04:00
20.770288467407227,2020-03-31 00:00:00-04:00
19.8803768157959,2020-04-01 00:00:00-04:00
20.68633460998535,2020-04-02 00:00:00-04:00
21.257221221923828,2020-04-03 00:00:00-04:00
21.752552032470703,2020-04-06 00:00:00-04:00
22.340232849121094,2020-04-07 00:00:00-04:00
22.93630599975586,2020-04-08 00:00:00-04:00
23.599550247192383,2020-04-09 00:00:00-04:00
23.448434829711914,2020-04-13 00:00:00-04:00
23.884994506835938,2020-04-14 00:00:00-04:00
23.54917335510254,2020-04-15 00:00:00-04:00
24.539836883544922,2020-04-16 00:00:00-04:00
24.623788833618164,2020-04-17 00:00:00-04:00
24.48946189880371,2020-04-20 00:00:00-04:00
23.901782989501953,2020-04-21 00:00:00-04:00
24.145248413085938,2020-04-22 00:00:00-04:00
23.952159881591797,2020-04-23 00:00:00-04:00
24.539836883544922,2020-04-24 00:00:00-04:00
25.345796585083008,2020-04-27 00:00:00-04:00
25.54728889465332,2020-04-28 00:00:00-04:00
25.631240844726562,2020-04-29 00:00:00-04:00
25.46333122253418,2020-04-30 00:00:00-04:00
24.665761947631836,2020-05-01 00:00:00-04:00
24.287967681884766,2020-05-04 00:00:00-04:00
24.296367645263672,2020-05-05 00:00:00-04:00
24.68255615234375,2020-05-06 00:00:00-04:00
24.20401954650879,2020-05-07 00:00:00-04:00
24.816883087158203,2020-05-08 00:00:00-04:00
24.623788833618164,2020-05-11 00:00:00-04:00
24.665761947631836,2020-05-12 00:00:00-04:00
24.145248413085938,2020-05-13 00:00:00-04:00
24.178831100463867,2020-05-14 00:00:00-04:00
24.514646530151367,2020-05-15 00:00:00-04:00
25.91668701171875,2020-05-18 00:00:00-04:00
25.1107234954834,2020-05-19 00:00:00-04:00
25.387773513793945,2020-05-20 00:00:00-04:00
24.94281768798828,2020-05-21 00:00:00-04:00
25.14430809020996,2020-05-22 00:00:00-04:00
25.36678695678711,2020-05-26 00:00:00-04:00
26.051013946533203,2020-05-27 00:00:00-04:00
25.846891403198242,2020-05-28 00:00:00-04:00
25.914932250976562,2020-05-29 00:00:00-04:00
25.876657485961914,2020-06-01 00:00:00-04:00
26.731416702270508,2020-06-02 00:00:00-04:00
26.62935447692871,2020-06-03 00:00:00-04:00
26.78244972229004,2020-06-04 00:00:00-04:00
27.74351692199707,2020-06-05 00:00:00-04:00
28.89170265197754,2020-06-08 00:00:00-04:00
28.15176773071289,2020-06-09 00:00:00-04:00
27.64145851135254,2020-06-10 00:00:00-04:00
26.5187931060791,2020-06-11 00:00:00-04:00
27.046110153198242,2020-06-12 00:00:00-04:00
27.318265914916992,2020-06-15 00:00:00-04:00
27.837074279785156,2020-06-16 00:00:00-04:00
27.896608352661133,2020-06-17 00:00:00-04:00
28.219802856445312,2020-06-18 00:00:00-04:00
28.474952697753906,2020-06-19 00:00:00-04:00
28.194284439086914,2020-06-22 00:00:00-04:00
27.55640983581543,2020-06-23 00:00:00-04:00
27.326770782470703,2020-06-24 00:00:00-04:00
27.114147186279297,2020-06-25 00:00:00-04:00
26.28065299987793,2020-06-26 00:00:00-04:00
26.910024642944336,2020-06-29 00:00:00-04:00
27.122652053833008,2020-06-30 00:00:00-04:00
26.93553924560547,2020-07-01 00:00:00-04:00
27.054609298706055,2020-07-02 00:00:00-04:00
27.216205596923828,2020-07-06 00:00:00-04:00
27.258729934692383,2020-07-07 00:00:00-04:00
27.097139358520508,2020-07-08 00:00:00-04:00
26.680389404296875,2020-07-09 00:00:00-04:00
27.454345703125,2020-07-10 00:00:00-04:00
27.649965286254883,2020-07-13 00:00:00-04:00
28.330371856689453,2020-07-14 00:00:00-04:00
28.194284439086914,2020-07-15 00:00:00-04:00
29.257421493530273,2020-07-16 00:00:00-04:00
29.776233673095703,2020-07-17 00:00:00-04:00
29.01927947998047,2020-07-20 00:00:00-04:00
29.367984771728516,2020-07-21 00:00:00-04:00
29.68267250061035,2020-07-22 00:00:00-04:00
29.648658752441406,2020-07-23 00:00:00-04:00
29.495569229125977,2020-07-24 00:00:00-04:00
29.63164710998535,2020-07-27 00:00:00-04:00
29.980348587036133,2020-07-28 00:00:00-04:00
30.25251579284668,2020-07-29 00:00:00-04:00
29.248912811279297,2020-07-30 00:00:00-04:00
29.240415573120117,2020-07-31 00:00:00-04:00
29.5891170501709,2020-08-03 00:00:00-04:00
29.835763931274414,2020-08-04 00:00:00-04:00
29.580608367919922,2020-08-05 00:00:00-04:00
30.00586700439453,2020-08-06 00:00:00-04:00
30.11643409729004,2020-08-07 00:00:00-04:00
29.5891170501709,2020-08-10 00:00:00-04:00
29.453044891357422,2020-08-11 00:00:00-04:00
30.04839324951172,2020-08-12 00:00:00-04:00
30.25251579284668,2020-08-13 00:00:00-04:00
30.269529342651367,2020-08-14 00:00:00-04:00
30.558698654174805,2020-08-17 00:00:00-04:00
30.329059600830078,2020-08-18 00:00:00-04:00
30.133440017700195,2020-08-19 00:00:00-04:00
29.640153884887695,2020-08-20 00:00:00-04:00
29.393497467041016,2020-08-21 00:00:00-04:00
29.844268798828125,2020-08-24 00:00:00-04:00
30.082414627075195,2020-08-25 00:00:00-04:00
30.03138542175293,2020-08-26 00:00:00-04:00
29.90234375,2020-08-27 00:00:00-04:00
30.005573272705078,2020-08-28 00:00:00-04:00
30.14321517944336,2020-08-31 00:00:00-04:00
29.36899185180664,2020-09-01 00:00:00-04:00
29.859331130981445,2020-09-02 00:00:00-04:00
28.861438751220703,2020-09-03 00:00:00-04:00
28.792619705200195,2020-09-04 00:00:00-04:00
27.321590423583984,2020-09-08 00:00:00-04:00
27.226964950561523,2020-09-09 00:00:00-04:00
27.106531143188477,2020-09-10 00:00:00-04:00
27.27857780456543,2020-09-11 00:00:00-04:00
27.416217803955078,2020-09-14 00:00:00-04:00
27.502241134643555,2020-09-15 00:00:00-04:00
26.97749137878418,2020-09-16 00:00:00-04:00
26.358108520507812,2020-09-17 00:00:00-04:00
25.58388328552246,2020-09-18 00:00:00-04:00
25.50645637512207,2020-09-21 00:00:00-04:00
25.14515495300293,2020-09-22 00:00:00-04:00
24.74943733215332,2020-09-23 00:00:00-04:00
24.809656143188477,2020-09-24 00:00:00-04:00
25.059123992919922,2020-09-25 00:00:00-04:00
25.661306381225586,2020-09-28 00:00:00-04:00
25.454843521118164,2020-09-29 00:00:00-04:00
25.764535903930664,2020-09-30 00:00:00-04:00
26.12584114074707,2020-10-01 00:00:00-04:00
26.211868286132812,2020-10-02 00:00:00-04:00
26.66779899597168,2020-10-05 00:00:00-04:00
26.383913040161133,2020-10-06 00:00:00-04:00
26.53015899658203,2020-10-07 00:00:00-04:00
26.857051849365234,2020-10-08 00:00:00-04:00
26.76242446899414,2020-10-09 00:00:00-04:00
27.226964950561523,2020-10-12 00:00:00-04:00
27.880754470825195,2020-10-13 00:00:00-04:00
27.657089233398438,2020-10-14 00:00:00-04:00
27.78612518310547,2020-10-15 00:00:00-04:00
27.66568946838379,2020-10-16 00:00:00-04:00
27.31298828125,2020-10-19 00:00:00-04:00
27.519447326660156,2020-10-20 00:00:00-04:00
27.04630470275879,2020-10-21 00:00:00-04:00
26.86565589904785,2020-10-22 00:00:00-04:00
26.986093521118164,2020-10-23 00:00:00-04:00
26.306493759155273,2020-10-26 00:00:00-04:00
26.392520904541016,2020-10-27 00:00:00-04:00
25.13654899597168,2020-10-28 00:00:00-04:00
25.84195899963379,2020-10-29 00:00:00-04:00
26.315095901489258,2020-10-30 00:00:00-04:00
27.24416732788086,2020-11-02 00:00:00-05:00
27.338796615600586,2020-11-03 00:00:00-05:00
27.37320899963379,2020-11-04 00:00:00-05:00
27.269975662231445,2020-11-05 00:00:00-05:00
27.13233757019043,2020-11-06 00:00:00-05:00
26.340906143188477,2020-11-09 00:00:00-05:00
26.2204647064209,2020-11-10 00:00:00-05:00
26.968887329101562,2020-11-11 00:00:00-05:00
26.753822326660156,2020-11-12 00:00:00-05:00
27.192548751831055,2020-11-13 00:00:00-05:00
27.657089233398438,2020-11-16 00:00:00-05:00
27.17534828186035,2020-11-17 00:00:00-05:00
27.209758758544922,2020-11-18 00:00:00-05:00
27.42481803894043,2020-11-19 00:00:00-05:00
27.751712799072266,2020-11-20 00:00:00-05:00
28.044200897216797,2020-11-23 00:00:00-05:00
29.102310180664062,2020-11-24 00:00:00-05:00
28.32752799987793,2020-11-25 00:00:00-05:00
28.58868980407715,2020-11-27 00:00:00-05:00
28.675739288330078,2020-11-30 00:00:00-05:00
28.849853515625,2020-12-01 00:00:00-05:00
28.53645896911621,2020-12-02 00:00:00-05:00
29.119722366333008,2020-12-03 00:00:00-05:00
29.702987670898438,2020-12-04 00:00:00-05:00
29.250303268432617,2020-12-07 00:00:00-05:00
29.89451026916504,2020-12-08 00:00:00-05:00
29.790040969848633,2020-12-09 00:00:00-05:00
29.68557357788086,2020-12-10 00:00:00-05:00
29.659454345703125,2020-12-11 00:00:00-05:00
29.96414566040039,2020-12-14 00:00:00-05:00
29.885805130004883,2020-12-15 00:00:00-05:00
29.972850799560547,2020-12-16 00:00:00-05:00
30.138259887695312,2020-12-17 00:00:00-05:00
30.268840789794922,2020-12-18 00:00:00-05:00
30.0947322845459,2020-12-21 00:00:00-05:00
29.938032150268555,2020-12-22 00:00:00-05:00
30.294958114624023,2020-12-23 00:00:00-05:00
30.45165252685547,2020-12-24 00:00:00-05:00
30.651878356933594,2020-12-28 00:00:00-05:00
30.38201332092285,2020-12-29 00:00:00-05:00
30.181781768798828,2020-12-30 00:00:00-05:00
30.173078536987305,2020-12-31 00:00:00-05:00
29.79874610900879,2021-01-04 00:00:00-05:00
29.224185943603516,2021-01-05 00:00:00-05:00
29.546287536621094,2021-01-06 00:00:00-05:00
29.3330078125,2021-01-07 00:00:00-05:00
29.267715454101562,2021-01-08 00:00:00-05:00
28.597393035888672,2021-01-11 00:00:00-05:00
28.014127731323242,2021-01-12 00:00:00-05:00
27.866134643554688,2021-01-13 00:00:00-05:00
27.927078247070312,2021-01-14 00:00:00-05:00
27.84872817993164,2021-01-15 00:00:00-05:00
28.17083168029785,2021-01-19 00:00:00-05:00
28.606103897094727,2021-01-20 00:00:00-05:00
28.53645896911621,2021-01-21 00:00:00-05:00
28.649625778198242,2021-01-22 00:00:00-05:00
29.38088607788086,2021-01-25 00:00:00-05:00
29.938032150268555,2021-01-26 00:00:00-05:00
30.24272918701172,2021-01-27 00:00:00-05:00
29.563703536987305,2021-01-28 00:00:00-05:00
29.171955108642578,2021-01-29 00:00:00-05:00
28.94561195373535,2021-02-01 00:00:00-05:00
28.867265701293945,2021-02-02 00:00:00-05:00
28.736682891845703,2021-02-03 00:00:00-05:00
28.658334732055664,2021-02-04 00:00:00-05:00
29.424413681030273,2021-02-05 00:00:00-05:00
29.520177841186523,2021-02-08 00:00:00-05:00
29.346065521240234,2021-02-09 00:00:00-05:00
29.502758026123047,2021-02-10 00:00:00-05:00
30.939163208007812,2021-02-11 00:00:00-05:00
30.808578491210938,2021-02-12 00:00:00-05:00
30.78246307373047,2021-02-16 00:00:00-05:00
32.227569580078125,2021-02-17 00:00:00-05:00
33.91642761230469,2021-02-18 00:00:00-05:00
32.62801742553711,2021-02-19 00:00:00-05:00
32.41038513183594,2021-02-22 00:00:00-05:00
32.314613342285156,2021-02-23 00:00:00-05:00
32.73248291015625,2021-02-24 00:00:00-05:00
32.44520568847656,2021-02-25 00:00:00-05:00
31.6704158782959,2021-02-26 00:00:00-05:00
32.28849792480469,2021-03-01 00:00:00-05:00
32.48871994018555,2021-03-02 00:00:00-05:00
33.063289642333984,2021-03-03 00:00:00-05:00
32.392967224121094,2021-03-04 00:00:00-05:00
32.95011901855469,2021-03-05 00:00:00-05:00
33.663963317871094,2021-03-08 00:00:00-05:00
34.06441116333008,2021-03-09 00:00:00-05:00
34.39521789550781,2021-03-10 00:00:00-05:00
33.83237838745117,2021-03-11 00:00:00-05:00
33.51577377319336,2021-03-12 00:00:00-05:00
33.8851432800293,2021-03-15 00:00:00-04:00
34.069828033447266,2021-03-16 00:00:00-04:00
34.36883544921875,2021-03-17 00:00:00-04:00
34.24571990966797,2021-03-18 00:00:00-04:00
34.421607971191406,2021-03-19 00:00:00-04:00
34.78218078613281,2021-03-22 00:00:00-04:00
34.22812271118164,2021-03-23 00:00:00-04:00
33.62131118774414,2021-03-24 00:00:00-04:00
34.47437286376953,2021-03-25 00:00:00-04:00
35.204307556152344,2021-03-26 00:00:00-04:00
35.86389923095703,2021-03-29 00:00:00-04:00
35.42417907714844,2021-03-30 00:00:00-04:00
35.17793655395508,2021-03-31 00:00:00-04:00
35.204307556152344,2021-04-01 00:00:00-04:00
35.450565338134766,2021-04-05 00:00:00-04:00
35.79354476928711,2021-04-06 00:00:00-04:00
35.740779876708984,2021-04-07 00:00:00-04:00
35.89028549194336,2021-04-08 00:00:00-04:00
35.301055908203125,2021-04-09 00:00:00-04:00
35.79354476928711,2021-04-12 00:00:00-04:00
35.98702621459961,2021-04-13 00:00:00-04:00
35.41537857055664,2021-04-14 00:00:00-04:00
36.10135269165039,2021-04-15 00:00:00-04:00
36.05738067626953,2021-04-16 00:00:00-04:00
36.01341247558594,2021-04-19 00:00:00-04:00
36.08375930786133,2021-04-20 00:00:00-04:00
36.56747055053711,2021-04-21 00:00:00-04:00
36.0309944152832,2021-04-22 00:00:00-04:00
35.53850555419922,2021-04-23 00:00:00-04:00
35.29225540161133,2021-04-26 00:00:00-04:00
35.26587677001953,2021-04-27 00:00:00-04:00
35.283470153808594,2021-04-28 00:00:00-04:00
36.65980911254883,2021-04-29 00:00:00-04:00
36.31242370605469,2021-04-30 00:00:00-04:00
36.928035736083984,2021-05-03 00:00:00-04:00
37.25343704223633,2021-05-04 00:00:00-04:00
37.35017395019531,2021-05-05 00:00:00-04:00
37.921810150146484,2021-05-06 00:00:00-04:00
38.2384147644043,2021-05-07 00:00:00-04:00
38.361534118652344,2021-05-10 00:00:00-04:00
38.0405387878418,2021-05-11 00:00:00-04:00
37.74592590332031,2021-05-12 00:00:00-04:00
38.53742599487305,2021-05-13 00:00:00-04:00
38.458274841308594,2021-05-14 00:00:00-04:00
38.519832611083984,2021-05-17 00:00:00-04:00
38.418697357177734,2021-05-18 00:00:00-04:00
38.31756591796875,2021-05-19 00:00:00-04:00
38.581398010253906,2021-05-20 00:00:00-04:00
38.810054779052734,2021-05-21 00:00:00-04:00
39.153038024902344,2021-05-24 00:00:00-04:00
38.82764434814453,2021-05-25 00:00:00-04:00
38.85401916503906,2021-05-26 00:00:00-04:00
38.54340362548828,2021-05-27 00:00:00-04:00
38.68540954589844,2021-05-28 00:00:00-04:00
38.91614532470703,2021-06-01 00:00:00-04:00
39.12914276123047,2021-06-02 00:00:00-04:00
39.040401458740234,2021-06-03 00:00:00-04:00
39.01377487182617,2021-06-04 00:00:00-04:00
38.94277572631836,2021-06-07 00:00:00-04:00
38.85401916503906,2021-06-08 00:00:00-04:00
38.197288513183594,2021-06-09 00:00:00-04:00
38.11741638183594,2021-06-10 00:00:00-04:00
38.53453063964844,2021-06-11 00:00:00-04:00
38.002044677734375,2021-06-14 00:00:00-04:00
37.94879150390625,2021-06-15 00:00:00-04:00
37.194435119628906,2021-06-16 00:00:00-04:00
36.679691314697266,2021-06-17 00:00:00-04:00
35.94308853149414,2021-06-18 00:00:00-04:00
36.23595428466797,2021-06-21 00:00:00-04:00
35.987449645996094,2021-06-22 00:00:00-04:00
35.62358856201172,2021-06-23 00:00:00-04:00
35.82770919799805,2021-06-24 00:00:00-04:00
36.1117057800293,2021-06-25 00:00:00-04:00
36.28032302856445,2021-06-28 00:00:00-04:00
36.01408386230469,2021-06-29 00:00:00-04:00
36.19157791137695,2021-06-30 00:00:00-04:00
35.934207916259766,2021-07-01 00:00:00-04:00
35.836585998535156,2021-07-02 00:00:00-04:00
35.188716888427734,2021-07-06 00:00:00-04:00
35.3662109375,2021-07-07 00:00:00-04:00
35.144344329833984,2021-07-08 00:00:00-04:00
35.45497131347656,2021-07-09 00:00:00-04:00
35.312965393066406,2021-07-12 00:00:00-04:00
34.75385284423828,2021-07-13 00:00:00-04:00
34.60297775268555,2021-07-14 00:00:00-04:00
34.99346923828125,2021-07-15 00:00:00-04:00
34.87810516357422,2021-07-16 00:00:00-04:00
34.913597106933594,2021-07-19 00:00:00-04:00
34.96684646606445,2021-07-20 00:00:00-04:00
34.940223693847656,2021-07-21 00:00:00-04:00
34.43435287475586,2021-07-22 00:00:00-04:00
34.807098388671875,2021-07-23 00:00:00-04:00
35.07334518432617,2021-07-26 00:00:00-04:00
34.85148239135742,2021-07-27 00:00:00-04:00
34.54085159301758,2021-07-28 00:00:00-04:00
34.5941047668457,2021-07-29 00:00:00-04:00
34.1414909362793,2021-07-30 00:00:00-04:00
34.239112854003906,2021-08-02 00:00:00-04:00
34.55861282348633,2021-08-03 00:00:00-04:00
32.78363800048828,2021-08-04 00:00:00-04:00
32.78363800048828,2021-08-05 00:00:00-04:00
33.01438522338867,2021-08-06 00:00:00-04:00
33.11201095581055,2021-08-09 00:00:00-04:00
33.254005432128906,2021-08-10 00:00:00-04:00
33.5202522277832,2021-08-11 00:00:00-04:00
33.15638732910156,2021-08-12 00:00:00-04:00
33.60900115966797,2021-08-13 00:00:00-04:00
33.733245849609375,2021-08-16 00:00:00-04:00
33.644500732421875,2021-08-17 00:00:00-04:00
32.79251480102539,2021-08-18 00:00:00-04:00
32.68601608276367,2021-08-19 00:00:00-04:00
32.48189926147461,2021-08-20 00:00:00-04:00
32.517391204833984,2021-08-23 00:00:00-04:00
32.437522888183594,2021-08-24 00:00:00-04:00
32.61500930786133,2021-08-25 00:00:00-04:00
32.011531829833984,2021-08-26 00:00:00-04:00
32.28665542602539,2021-08-27 00:00:00-04:00
32.05590057373047,2021-08-30 00:00:00-04:00
32.2982063293457,2021-08-31 00:00:00-04:00
32.39692687988281,2021-09-01 00:00:00-04:00
32.3700065612793,2021-09-02 00:00:00-04:00
32.15462112426758,2021-09-03 00:00:00-04:00
32.00205612182617,2021-09-07 00:00:00-04:00
33.25844955444336,2021-09-08 00:00:00-04:00
32.80973434448242,2021-09-09 00:00:00-04:00
32.60333251953125,2021-09-10 00:00:00-04:00
32.881526947021484,2021-09-13 00:00:00-04:00
32.49563980102539,2021-09-14 00:00:00-04:00
32.50461196899414,2021-09-15 00:00:00-04:00
32.791786193847656,2021-09-16 00:00:00-04:00
32.80076599121094,2021-09-17 00:00:00-04:00
32.49563980102539,2021-09-20 00:00:00-04:00
32.253334045410156,2021-09-21 00:00:00-04:00
32.423851013183594,2021-09-22 00:00:00-04:00
32.585384368896484,2021-09-23 00:00:00-04:00
32.65717697143555,2021-09-24 00:00:00-04:00
33.06101989746094,2021-09-27 00:00:00-04:00
32.86358642578125,2021-09-28 00:00:00-04:00
33.680233001708984,2021-09-29 00:00:00-04:00
33.043060302734375,2021-09-30 00:00:00-04:00
32.91742706298828,2021-10-01 00:00:00-04:00
33.10588455200195,2021-10-04 00:00:00-04:00
33.267425537109375,2021-10-05 00:00:00-04:00
33.51869583129883,2021-10-06 00:00:00-04:00
33.276397705078125,2021-10-07 00:00:00-04:00
33.00717544555664,2021-10-08 00:00:00-04:00
33.00717544555664,2021-10-11 00:00:00-04:00
33.00717544555664,2021-10-12 00:00:00-04:00
33.025115966796875,2021-10-13 00:00:00-04:00
33.437931060791016,2021-10-14 00:00:00-04:00
33.18665313720703,2021-10-15 00:00:00-04:00
33.09690856933594,2021-10-18 00:00:00-04:00
33.03409957885742,2021-10-19 00:00:00-04:00
33.13280487060547,2021-10-20 00:00:00-04:00
32.64820098876953,2021-10-21 00:00:00-04:00
32.64820098876953,2021-10-22 00:00:00-04:00
32.50461196899414,2021-10-25 00:00:00-04:00
32.70204544067383,2021-10-26 00:00:00-04:00
32.66615295410156,2021-10-27 00:00:00-04:00
32.737945556640625,2021-10-28 00:00:00-04:00
32.20846176147461,2021-10-29 00:00:00-04:00
32.96229553222656,2021-11-01 00:00:00-04:00
33.276397705078125,2021-11-02 00:00:00-04:00
33.581520080566406,2021-11-03 00:00:00-04:00
33.37511444091797,2021-11-04 00:00:00-04:00
33.958438873291016,2021-11-05 00:00:00-04:00
33.384090423583984,2021-11-08 00:00:00-05:00
33.51869583129883,2021-11-09 00:00:00-05:00
33.64433670043945,2021-11-10 00:00:00-05:00
33.45588302612305,2021-11-11 00:00:00-05:00
33.40203857421875,2021-11-12 00:00:00-05:00
33.76100158691406,2021-11-15 00:00:00-05:00
33.24050521850586,2021-11-16 00:00:00-05:00
32.80973434448242,2021-11-17 00:00:00-05:00
31.74180793762207,2021-11-18 00:00:00-05:00
31.714885711669922,2021-11-19 00:00:00-05:00
31.831546783447266,2021-11-22 00:00:00-05:00
32.14564514160156,2021-11-23 00:00:00-05:00
31.93690299987793,2021-11-24 00:00:00-05:00
31.610187530517578,2021-11-26 00:00:00-05:00
31.564804077148438,2021-11-29 00:00:00-05:00
30.502965927124023,2021-11-30 00:00:00-05:00
29.840452194213867,2021-12-01 00:00:00-05:00
30.176246643066406,2021-12-02 00:00:00-05:00
30.530193328857422,2021-12-03 00:00:00-05:00
31.101959228515625,2021-12-06 00:00:00-05:00
31.319766998291016,2021-12-07 00:00:00-05:00
30.085494995117188,2021-12-08 00:00:00-05:00
30.375913619995117,2021-12-09 00:00:00-05:00
30.993051528930664,2021-12-10 00:00:00-05:00
31.292545318603516,2021-12-13 00:00:00-05:00
31.564804077148438,2021-12-14 00:00:00-05:00
31.655567169189453,2021-12-15 00:00:00-05:00
32.67202377319336,2021-12-16 00:00:00-05:00
32.22732162475586,2021-12-17 00:00:00-05:00
32.00951385498047,2021-12-20 00:00:00-05:00
31.764469146728516,2021-12-21 00:00:00-05:00
31.864299774169922,2021-12-22 00:00:00-05:00
31.991363525390625,2021-12-23 00:00:00-05:00
32.154720306396484,2021-12-27 00:00:00-05:00
32.54497146606445,2021-12-28 00:00:00-05:00
32.49959182739258,2021-12-29 00:00:00-05:00
32.36345672607422,2021-12-30 00:00:00-05:00
32.58127212524414,2021-12-31 00:00:00-05:00
32.79907989501953,2022-01-03 00:00:00-05:00
33.49790573120117,2022-01-04 00:00:00-05:00
33.36176300048828,2022-01-05 00:00:00-05:00
33.42530059814453,2022-01-06 00:00:00-05:00
33.8972282409668,2022-01-07 00:00:00-05:00
33.906307220458984,2022-01-10 00:00:00-05:00
34.115047454833984,2022-01-11 00:00:00-05:00
33.85184860229492,2022-01-12 00:00:00-05:00
34.16949462890625,2022-01-13 00:00:00-05:00
34.50529098510742,2022-01-14 00:00:00-05:00
33.96982955932617,2022-01-18 00:00:00-05:00
33.77924728393555,2022-01-19 00:00:00-05:00
33.634037017822266,2022-01-20 00:00:00-05:00
33.57958221435547,2022-01-21 00:00:00-05:00
33.02597427368164,2022-01-24 00:00:00-05:00
32.862613677978516,2022-01-25 00:00:00-05:00
32.70833206176758,2022-01-26 00:00:00-05:00
32.75370407104492,2022-01-27 00:00:00-05:00
32.7174072265625,2022-01-28 00:00:00-05:00
32.490516662597656,2022-01-31 00:00:00-05:00
32.79001235961914,2022-02-01 00:00:00-05:00
33.016902923583984,2022-02-02 00:00:00-05:00
32.52682113647461,2022-02-03 00:00:00-05:00
31.537580490112305,2022-02-04 00:00:00-05:00
31.510358810424805,2022-02-07 00:00:00-05:00
31.710020065307617,2022-02-08 00:00:00-05:00
31.719093322753906,2022-02-09 00:00:00-05:00
31.120105743408203,2022-02-10 00:00:00-05:00
31.519433975219727,2022-02-11 00:00:00-05:00
31.392375946044922,2022-02-14 00:00:00-05:00
31.47405242919922,2022-02-15 00:00:00-05:00
33.234710693359375,2022-02-16 00:00:00-05:00
34.29655075073242,2022-02-17 00:00:00-05:00
34.90461349487305,2022-02-18 00:00:00-05:00
36.665279388427734,2022-02-22 00:00:00-05:00
36.393009185791016,2022-02-23 00:00:00-05:00
35.376548767089844,2022-02-24 00:00:00-05:00
36.05720901489258,2022-02-25 00:00:00-05:00
35.594356536865234,2022-02-28 00:00:00-05:00
35.104278564453125,2022-03-01 00:00:00-05:00
35.45823287963867,2022-03-02 00:00:00-05:00
36.25687789916992,2022-03-03 00:00:00-05:00
36.15704345703125,2022-03-04 00:00:00-05:00
36.438385009765625,2022-03-07 00:00:00-05:00
35.08612823486328,2022-03-08 00:00:00-05:00
34.65050506591797,2022-03-09 00:00:00-05:00
34.430381774902344,2022-03-10 00:00:00-05:00
34.26529312133789,2022-03-11 00:00:00-05:00
34.56795120239258,2022-03-14 00:00:00-04:00
34.687191009521484,2022-03-15 00:00:00-04:00
34.558780670166016,2022-03-16 00:00:00-04:00
34.62298583984375,2022-03-17 00:00:00-04:00
34.50374984741211,2022-03-18 00:00:00-04:00
34.50374984741211,2022-03-21 00:00:00-04:00
34.806419372558594,2022-03-22 00:00:00-04:00
35.109073638916016,2022-03-23 00:00:00-04:00
35.430091857910156,2022-03-24 00:00:00-04:00
36.03541564941406,2022-03-25 00:00:00-04:00
36.12713623046875,2022-03-28 00:00:00-04:00
36.10879135131836,2022-03-29 00:00:00-04:00
36.13631057739258,2022-03-30 00:00:00-04:00
36.12713623046875,2022-03-31 00:00:00-04:00
36.62240982055664,2022-04-01 00:00:00-04:00
36.585723876953125,2022-04-04 00:00:00-04:00
36.310569763183594,2022-04-05 00:00:00-04:00
36.72330093383789,2022-04-06 00:00:00-04:00
36.97093200683594,2022-04-07 00:00:00-04:00
37.548736572265625,2022-04-08 00:00:00-04:00
37.83306121826172,2022-04-11 00:00:00-04:00
37.713829040527344,2022-04-12 00:00:00-04:00
38.520938873291016,2022-04-13 00:00:00-04:00
38.78691864013672,2022-04-14 00:00:00-04:00
38.667686462402344,2022-04-18 00:00:00-04:00
39.08041000366211,2022-04-19 00:00:00-04:00
39.75910949707031,2022-04-20 00:00:00-04:00
40.35526657104492,2022-04-21 00:00:00-04:00
39.60319137573242,2022-04-22 00:00:00-04:00
39.474788665771484,2022-04-25 00:00:00-04:00
38.805259704589844,2022-04-26 00:00:00-04:00
39.32804489135742,2022-04-27 00:00:00-04:00
39.99757385253906,2022-04-28 00:00:00-04:00
39.0987548828125,2022-04-29 00:00:00-04:00
38.502593994140625,2022-05-02 00:00:00-04:00
38.86946487426758,2022-05-03 00:00:00-04:00
39.731597900390625,2022-05-04 00:00:00-04:00
39.566505432128906,2022-05-05 00:00:00-04:00
39.97923278808594,2022-05-06 00:00:00-04:00
40.5295295715332,2022-05-09 00:00:00-04:00
39.8599967956543,2022-05-10 00:00:00-04:00
39.896690368652344,2022-05-11 00:00:00-04:00
39.48395538330078,2022-05-12 00:00:00-04:00
40.62125015258789,2022-05-13 00:00:00-04:00
40.428646087646484,2022-05-16 00:00:00-04:00
39.5848503112793,2022-05-17 00:00:00-04:00
35.80613327026367,2022-05-18 00:00:00-04:00
35.36589050292969,2022-05-19 00:00:00-04:00
35.191627502441406,2022-05-20 00:00:00-04:00
35.76026916503906,2022-05-23 00:00:00-04:00
36.328914642333984,2022-05-24 00:00:00-04:00
36.57654571533203,2022-05-25 00:00:00-04:00
34.343780517578125,2022-05-26 00:00:00-04:00
35.047889709472656,2022-05-27 00:00:00-04:00
35.047889709472656,2022-05-31 00:00:00-04:00
34.51055145263672,2022-06-01 00:00:00-04:00
33.71379470825195,2022-06-02 00:00:00-04:00
33.63041305541992,2022-06-03 00:00:00-04:00
33.991729736328125,2022-06-06 00:00:00-04:00
34.35305404663086,2022-06-07 00:00:00-04:00
34.64951705932617,2022-06-08 00:00:00-04:00
34.52907943725586,2022-06-09 00:00:00-04:00
34.695838928222656,2022-06-10 00:00:00-04:00
33.38953399658203,2022-06-13 00:00:00-04:00
33.48217010498047,2022-06-14 00:00:00-04:00
33.51923751831055,2022-06-15 00:00:00-04:00
33.38026428222656,2022-06-16 00:00:00-04:00
32.96336364746094,2022-06-17 00:00:00-04:00
33.91761779785156,2022-06-21 00:00:00-04:00
34.32525634765625,2022-06-22 00:00:00-04:00
35.0664176940918,2022-06-23 00:00:00-04:00
35.57597351074219,2022-06-24 00:00:00-04:00
35.81684875488281,2022-06-27 00:00:00-04:00
34.95524215698242,2022-06-28 00:00:00-04:00
35.186859130859375,2022-06-29 00:00:00-04:00
35.33509826660156,2022-06-30 00:00:00-04:00
35.79832077026367,2022-07-01 00:00:00-04:00
35.316566467285156,2022-07-05 00:00:00-04:00
35.390689849853516,2022-07-06 00:00:00-04:00
35.27950668334961,2022-07-07 00:00:00-04:00
35.548179626464844,2022-07-08 00:00:00-04:00
35.77052688598633,2022-07-11 00:00:00-04:00
35.946556091308594,2022-07-12 00:00:00-04:00
36.298614501953125,2022-07-13 00:00:00-04:00
35.90950012207031,2022-07-14 00:00:00-04:00
35.21465301513672,2022-07-15 00:00:00-04:00
35.60376739501953,2022-07-18 00:00:00-04:00
35.890968322753906,2022-07-19 00:00:00-04:00
35.44627380371094,2022-07-20 00:00:00-04:00
35.1590690612793,2022-07-21 00:00:00-04:00
35.50185775756836,2022-07-22 00:00:00-04:00
35.55744552612305,2022-07-25 00:00:00-04:00
35.79832077026367,2022-07-26 00:00:00-04:00
33.66747283935547,2022-07-27 00:00:00-04:00
34.45496368408203,2022-07-28 00:00:00-04:00
34.121437072753906,2022-07-29 00:00:00-04:00
34.677310943603516,2022-08-01 00:00:00-04:00
34.362308502197266,2022-08-02 00:00:00-04:00
34.59392547607422,2022-08-03 00:00:00-04:00
34.30672073364258,2022-08-04 00:00:00-04:00
34.80701446533203,2022-08-05 00:00:00-04:00
35.01082992553711,2022-08-08 00:00:00-04:00
35.57597351074219,2022-08-09 00:00:00-04:00
35.789058685302734,2022-08-10 00:00:00-04:00
35.881710052490234,2022-08-11 00:00:00-04:00
35.826114654541016,2022-08-12 00:00:00-04:00
35.724205017089844,2022-08-15 00:00:00-04:00
35.97434997558594,2022-08-16 00:00:00-04:00
35.390689849853516,2022-08-17 00:00:00-04:00
35.44627380371094,2022-08-18 00:00:00-04:00
35.6964111328125,2022-08-19 00:00:00-04:00
35.58523941040039,2022-08-22 00:00:00-04:00
35.8724365234375,2022-08-23 00:00:00-04:00
36.04846954345703,2022-08-24 00:00:00-04:00
36.14207458496094,2022-08-25 00:00:00-04:00
35.67403793334961,2022-08-26 00:00:00-04:00
35.65531539916992,2022-08-29 00:00:00-04:00
35.01877975463867,2022-08-30 00:00:00-04:00
35.00941848754883,2022-08-31 00:00:00-04:00
35.29023742675781,2022-09-01 00:00:00-04:00
34.9251708984375,2022-09-02 00:00:00-04:00
35.03750228881836,2022-09-06 00:00:00-04:00
34.93452835083008,2022-09-07 00:00:00-04:00
33.755069732666016,2022-09-08 00:00:00-04:00
34.12950134277344,2022-09-09 00:00:00-04:00
34.38224792480469,2022-09-12 00:00:00-04:00
32.818992614746094,2022-09-13 00:00:00-04:00
32.725379943847656,2022-09-14 00:00:00-04:00
32.39775085449219,2022-09-15 00:00:00-04:00
32.49135971069336,2022-09-16 00:00:00-04:00
32.39775085449219,2022-09-19 00:00:00-04:00
31.77057456970215,2022-09-20 00:00:00-04:00
32.238616943359375,2022-09-21 00:00:00-04:00
32.070125579833984,2022-09-22 00:00:00-04:00
31.751853942871094,2022-09-23 00:00:00-04:00
31.88290786743164,2022-09-26 00:00:00-04:00
30.843862533569336,2022-09-27 00:00:00-04:00
31.471033096313477,2022-09-28 00:00:00-04:00
31.414867401123047,2022-09-29 00:00:00-04:00
31.218290328979492,2022-09-30 00:00:00-04:00
31.789302825927734,2022-10-03 00:00:00-04:00
32.135650634765625,2022-10-04 00:00:00-04:00
31.723770141601562,2022-10-05 00:00:00-04:00
31.2838134765625,2022-10-06 00:00:00-04:00
30.91874122619629,2022-10-07 00:00:00-04:00
31.892271041870117,2022-10-10 00:00:00-04:00
32.70665740966797,2022-10-11 00:00:00-04:00
33.04365158081055,2022-10-12 00:00:00-04:00
33.49296951293945,2022-10-13 00:00:00-04:00
33.44615936279297,2022-10-14 00:00:00-04:00
33.221500396728516,2022-10-17 00:00:00-04:00
33.76443099975586,2022-10-18 00:00:00-04:00
33.970367431640625,2022-10-19 00:00:00-04:00
33.081092834472656,2022-10-20 00:00:00-04:00
32.95940017700195,2022-10-21 00:00:00-04:00
34.18566131591797,2022-10-24 00:00:00-04:00
34.69115447998047,2022-10-25 00:00:00-04:00
34.55073547363281,2022-10-26 00:00:00-04:00
35.58979034423828,2022-10-27 00:00:00-04:00
36.45098114013672,2022-10-28 00:00:00-04:00
36.01102066040039,2022-10-31 00:00:00-04:00
35.77700424194336,2022-11-01 00:00:00-04:00
35.68339157104492,2022-11-02 00:00:00-04:00
35.56170654296875,2022-11-03 00:00:00-04:00
35.58979034423828,2022-11-04 00:00:00-04:00
35.73019790649414,2022-11-07 00:00:00-05:00
35.664669036865234,2022-11-08 00:00:00-05:00
35.318328857421875,2022-11-09 00:00:00-05:00
35.44937515258789,2022-11-10 00:00:00-05:00
34.62562561035156,2022-11-11 00:00:00-05:00
34.46649169921875,2022-11-14 00:00:00-05:00
34.672428131103516,2022-11-15 00:00:00-05:00
35.280879974365234,2022-11-16 00:00:00-05:00
35.337039947509766,2022-11-17 00:00:00-05:00
35.664669036865234,2022-11-18 00:00:00-05:00
35.982940673828125,2022-11-21 00:00:00-05:00
36.469703674316406,2022-11-22 00:00:00-05:00
36.7912712097168,2022-11-23 00:00:00-05:00
36.7912712097168,2022-11-25 00:00:00-05:00
36.76289749145508,2022-11-28 00:00:00-05:00
36.92368698120117,2022-11-29 00:00:00-05:00
37.21687316894531,2022-11-30 00:00:00-05:00
37.34929275512695,2022-12-01 00:00:00-05:00
37.670867919921875,2022-12-02 00:00:00-05:00
37.47224044799805,2022-12-05 00:00:00-05:00
37.2830810546875,2022-12-06 00:00:00-05:00
37.72760772705078,2022-12-07 00:00:00-05:00
37.96405029296875,2022-12-08 00:00:00-05:00
37.77489471435547,2022-12-09 00:00:00-05:00
38.09646224975586,2022-12-12 00:00:00-05:00
37.80326843261719,2022-12-13 00:00:00-05:00
37.982975006103516,2022-12-14 00:00:00-05:00
37.670867919921875,2022-12-15 00:00:00-05:00
37.755977630615234,2022-12-16 00:00:00-05:00
37.93568420410156,2022-12-19 00:00:00-05:00
37.633026123046875,2022-12-20 00:00:00-05:00
38.00188446044922,2022-12-21 00:00:00-05:00
38.1721305847168,2022-12-22 00:00:00-05:00
38.32345199584961,2022-12-23 00:00:00-05:00
38.739601135253906,2022-12-27 00:00:00-05:00
38.2477912902832,2022-12-28 00:00:00-05:00
38.47478103637695,2022-12-29 00:00:00-05:00
38.50315475463867,2022-12-30 00:00:00-05:00
38.569358825683594,2023-01-03 00:00:00-05:00
39.00442123413086,2023-01-04 00:00:00-05:00
39.089542388916016,2023-01-05 00:00:00-05:00
40.281246185302734,2023-01-06 00:00:00-05:00
39.912384033203125,2023-01-09 00:00:00-05:00
40.035335540771484,2023-01-10 00:00:00-05:00
40.252872467041016,2023-01-11 00:00:00-05:00
40.12990951538086,2023-01-12 00:00:00-05:00
40.12045669555664,2023-01-13 00:00:00-05:00
40.035335540771484,2023-01-17 00:00:00-05:00
37.510074615478516,2023-01-18 00:00:00-05:00
37.869476318359375,2023-01-19 00:00:00-05:00
37.7181510925293,2023-01-20 00:00:00-05:00
38.07754898071289,2023-01-23 00:00:00-05:00
37.661399841308594,2023-01-24 00:00:00-05:00
37.78435134887695,2023-01-25 00:00:00-05:00
37.510074615478516,2023-01-26 00:00:00-05:00
37.538448333740234,2023-01-27 00:00:00-05:00
38.181583404541016,2023-01-30 00:00:00-05:00
38.332908630371094,2023-01-31 00:00:00-05:00
38.34237289428711,2023-02-01 00:00:00-05:00
37.82218551635742,2023-02-02 00:00:00-05:00
37.2452507019043,2023-02-03 00:00:00-05:00
37.76544189453125,2023-02-06 00:00:00-05:00
37.396583557128906,2023-02-07 00:00:00-05:00
36.952056884765625,2023-02-08 00:00:00-05:00
36.78181457519531,2023-02-09 00:00:00-05:00
37.48170471191406,2023-02-10 00:00:00-05:00
38.14375686645508,2023-02-13 00:00:00-05:00
37.7181510925293,2023-02-14 00:00:00-05:00
37.95459747314453,2023-02-15 00:00:00-05:00
37.62356948852539,2023-02-16 00:00:00-05:00
37.83163833618164,2023-02-17 00:00:00-05:00
37.70869064331055,2023-02-21 00:00:00-05:00
37.43441390991211,2023-02-22 00:00:00-05:00
37.595191955566406,2023-02-23 00:00:00-05:00
37.46278762817383,2023-02-24 00:00:00-05:00
37.510074615478516,2023-02-27 00:00:00-05:00
36.829105377197266,2023-02-28 00:00:00-05:00
36.31837844848633,2023-03-01 00:00:00-05:00
36.56428146362305,2023-03-02 00:00:00-05:00
36.92368698120117,2023-03-03 00:00:00-05:00
36.87639617919922,2023-03-06 00:00:00-05:00
36.54536819458008,2023-03-07 00:00:00-05:00
36.242713928222656,2023-03-08 00:00:00-05:00
36.118465423583984,2023-03-09 00:00:00-05:00
36.2618293762207,2023-03-10 00:00:00-05:00
36.433868408203125,2023-03-13 00:00:00-04:00
36.45298385620117,2023-03-14 00:00:00-04:00
36.42431640625,2023-03-15 00:00:00-04:00
36.491214752197266,2023-03-16 00:00:00-04:00
35.965545654296875,2023-03-17 00:00:00-04:00
36.2618293762207,2023-03-20 00:00:00-04:00
36.35740661621094,2023-03-21 00:00:00-04:00
35.9081916809082,2023-03-22 00:00:00-04:00
35.764827728271484,2023-03-23 00:00:00-04:00
36.491214752197266,2023-03-24 00:00:00-04:00
36.892635345458984,2023-03-27 00:00:00-04:00
36.691925048828125,2023-03-28 00:00:00-04:00
36.959537506103516,2023-03-29 00:00:00-04:00
37.12202072143555,2023-03-30 00:00:00-04:00
36.959537506103516,2023-03-31 00:00:00-04:00
37.13157653808594,2023-04-03 00:00:00-04:00
36.90219497680664,2023-04-04 00:00:00-04:00
37.29405975341797,2023-04-05 00:00:00-04:00
37.408748626708984,2023-04-06 00:00:00-04:00
37.37051773071289,2023-04-10 00:00:00-04:00
37.513885498046875,2023-04-11 00:00:00-04:00
37.54255676269531,2023-04-12 00:00:00-04:00
37.43741989135742,2023-04-13 00:00:00-04:00
37.37051773071289,2023-04-14 00:00:00-04:00
37.79106140136719,2023-04-17 00:00:00-04:00
37.714595794677734,2023-04-18 00:00:00-04:00
37.724151611328125,2023-04-19 00:00:00-04:00
37.66680908203125,2023-04-20 00:00:00-04:00
37.48521423339844,2023-04-21 00:00:00-04:00
37.446983337402344,2023-04-24 00:00:00-04:00
37.69548034667969,2023-04-25 00:00:00-04:00
37.619022369384766,2023-04-26 00:00:00-04:00
37.924869537353516,2023-04-27 00:00:00-04:00
37.53300094604492,2023-04-28 00:00:00-04:00
38.00132369995117,2023-05-01 00:00:00-04:00
37.705039978027344,2023-05-02 00:00:00-04:00
38.46965408325195,2023-05-03 00:00:00-04:00
39.0335578918457,2023-05-04 00:00:00-04:00
39.49232482910156,2023-05-05 00:00:00-04:00
39.262943267822266,2023-05-08 00:00:00-04:00
39.0717887878418,2023-05-09 00:00:00-04:00
38.88063430786133,2023-05-10 00:00:00-04:00
38.851959228515625,2023-05-11 00:00:00-04:00
38.86151885986328,2023-05-12 00:00:00-04:00
38.393192291259766,2023-05-15 00:00:00-04:00
37.27494430541992,2023-05-16 00:00:00-04:00
37.188926696777344,2023-05-17 00:00:00-04:00
37.188926696777344,2023-05-18 00:00:00-04:00
37.34184646606445,2023-05-19 00:00:00-04:00
37.02644729614258,2023-05-22 00:00:00-04:00
36.97865295410156,2023-05-23 00:00:00-04:00
37.007328033447266,2023-05-24 00:00:00-04:00
36.56767654418945,2023-05-25 00:00:00-04:00
36.64413833618164,2023-05-26 00:00:00-04:00
36.17580795288086,2023-05-30 00:00:00-04:00
36.52944564819336,2023-05-31 00:00:00-04:00
36.50076675415039,2023-06-01 00:00:00-04:00
36.806617736816406,2023-06-02 00:00:00-04:00
36.758331298828125,2023-06-05 00:00:00-04:00
36.497562408447266,2023-06-06 00:00:00-04:00
35.68628692626953,2023-06-07 00:00:00-04:00
35.9180793762207,2023-06-08 00:00:00-04:00
35.618682861328125,2023-06-09 00:00:00-04:00
35.32894515991211,2023-06-12 00:00:00-04:00
35.54141616821289,2023-06-13 00:00:00-04:00
35.41586685180664,2023-06-14 00:00:00-04:00
35.60902786254883,2023-06-15 00:00:00-04:00
35.72492218017578,2023-06-16 00:00:00-04:00
35.36757278442383,2023-06-20 00:00:00-04:00
34.836387634277344,2023-06-21 00:00:00-04:00
34.836387634277344,2023-06-22 00:00:00-04:00
34.68185806274414,2023-06-23 00:00:00-04:00
34.33416748046875,2023-06-26 00:00:00-04:00
34.3631477355957,2023-06-27 00:00:00-04:00
33.822296142578125,2023-06-28 00:00:00-04:00
33.822296142578125,2023-06-29 00:00:00-04:00
34.28588104248047,2023-06-30 00:00:00-04:00
34.58528137207031,2023-07-03 00:00:00-04:00
34.623905181884766,2023-07-05 00:00:00-04:00
34.440406799316406,2023-07-06 00:00:00-04:00
34.24724578857422,2023-07-07 00:00:00-04:00
34.189300537109375,2023-07-10 00:00:00-04:00
34.41143798828125,2023-07-11 00:00:00-04:00
34.536983489990234,2023-07-12 00:00:00-04:00
34.42108917236328,2023-07-13 00:00:00-04:00
34.623905181884766,2023-07-14 00:00:00-04:00
34.295536041259766,2023-07-17 00:00:00-04:00
34.295536041259766,2023-07-18 00:00:00-04:00
34.903987884521484,2023-07-19 00:00:00-04:00
35.15510177612305,2023-07-20 00:00:00-04:00
35.07783508300781,2023-07-21 00:00:00-04:00
35.106807708740234,2023-07-24 00:00:00-04:00
35.29996871948242,2023-07-25 00:00:00-04:00
35.11647033691406,2023-07-26 00:00:00-04:00
34.96194076538086,2023-07-27 00:00:00-04:00
34.923309326171875,2023-07-28 00:00:00-04:00
34.942626953125,2023-07-31 00:00:00-04:00
34.65288543701172,2023-08-01 00:00:00-04:00
35.07783508300781,2023-08-02 00:00:00-04:00
34.353485107421875,2023-08-03 00:00:00-04:00
34.073402404785156,2023-08-04 00:00:00-04:00
33.802982330322266,2023-08-07 00:00:00-04:00
33.28144454956055,2023-08-08 00:00:00-04:00
33.33939743041992,2023-08-09 00:00:00-04:00
33.213844299316406,2023-08-10 00:00:00-04:00
33.368370056152344,2023-08-11 00:00:00-04:00
33.06897735595703,2023-08-14 00:00:00-04:00
32.60538864135742,2023-08-15 00:00:00-04:00
32.412227630615234,2023-08-16 00:00:00-04:00
32.344627380371094,2023-08-17 00:00:00-04:00
32.50880432128906,2023-08-18 00:00:00-04:00
32.334964752197266,2023-08-21 00:00:00-04:00
32.1611213684082,2023-08-22 00:00:00-04:00
32.344627380371094,2023-08-23 00:00:00-04:00
32.373600006103516,2023-08-24 00:00:00-04:00
32.69231033325195,2023-08-25 00:00:00-04:00
32.682655334472656,2023-08-28 00:00:00-04:00
32.60538864135742,2023-08-29 00:00:00-04:00
32.51846694946289,2023-08-30 00:00:00-04:00
32.342533111572266,2023-08-31 00:00:00-04:00
31.844057083129883,2023-09-01 00:00:00-04:00
31.81473159790039,2023-09-05 00:00:00-04:00
31.83428192138672,2023-09-06 00:00:00-04:00
31.94179344177246,2023-09-07 00:00:00-04:00
32.21546936035156,2023-09-08 00:00:00-04:00
32.87033462524414,2023-09-11 00:00:00-04:00
32.801918029785156,2023-09-12 00:00:00-04:00
32.440277099609375,2023-09-13 00:00:00-04:00
33.00717544555664,2023-09-14 00:00:00-04:00
32.694400787353516,2023-09-15 00:00:00-04:00
32.665077209472656,2023-09-18 00:00:00-04:00
33.17333221435547,2023-09-19 00:00:00-04:00
33.251529693603516,2023-09-20 00:00:00-04:00
33.71091079711914,2023-09-21 00:00:00-04:00
33.388362884521484,2023-09-22 00:00:00-04:00
33.54475021362305,2023-09-25 00:00:00-04:00
33.72068405151367,2023-09-26 00:00:00-04:00
33.26129913330078,2023-09-27 00:00:00-04:00
32.98762893676758,2023-09-28 00:00:00-04:00
32.88011169433594,2023-09-29 00:00:00-04:00
32.342533111572266,2023-10-02 00:00:00-04:00
32.362083435058594,2023-10-03 00:00:00-04:00
32.52824401855469,2023-10-04 00:00:00-04:00
31.589927673339844,2023-10-05 00:00:00-04:00
31.306476593017578,2023-10-06 00:00:00-04:00
31.756088256835938,2023-10-09 00:00:00-04:00
31.736539840698242,2023-10-10 00:00:00-04:00
31.70721435546875,2023-10-11 00:00:00-04:00
30.114036560058594,2023-10-12 00:00:00-04:00
30.720033645629883,2023-10-13 00:00:00-04:00
30.86664390563965,2023-10-16 00:00:00-04:00
30.79822540283203,2023-10-17 00:00:00-04:00
31.013256072998047,2023-10-18 00:00:00-04:00
30.739580154418945,2023-10-19 00:00:00-04:00
30.602741241455078,2023-10-20 00:00:00-04:00
30.417036056518555,2023-10-23 00:00:00-04:00
30.99370574951172,2023-10-24 00:00:00-04:00
31.355350494384766,2023-10-25 00:00:00-04:00
31.14031982421875,2023-10-26 00:00:00-04:00
30.729806900024414,2023-10-27 00:00:00-04:00
30.90574073791504,2023-10-30 00:00:00-04:00
30.749353408813477,2023-10-31 00:00:00-04:00
31.472639083862305,2023-11-01 00:00:00-04:00
32.75304412841797,2023-11-02 00:00:00-04:00
32.51846694946289,2023-11-03 00:00:00-04:00
32.53801727294922,2023-11-06 00:00:00-05:00
32.342533111572266,2023-11-07 00:00:00-05:00
32.42072677612305,2023-11-08 00:00:00-05:00
32.2056999206543,2023-11-09 00:00:00-05:00
32.14705276489258,2023-11-10 00:00:00-05:00
32.4891471862793,2023-11-13 00:00:00-05:00
32.821468353271484,2023-11-14 00:00:00-05:00
32.801918029785156,2023-11-15 00:00:00-05:00
33.04627227783203,2023-11-16 00:00:00-05:00
32.899658203125,2023-11-17 00:00:00-05:00
33.0267219543457,2023-11-20 00:00:00-05:00
33.37858963012695,2023-11-21 00:00:00-05:00
33.8966178894043,2023-11-22 00:00:00-05:00
34.1507453918457,2023-11-24 00:00:00-05:00
34.10187530517578,2023-11-27 00:00:00-05:00
34.32667922973633,2023-11-28 00:00:00-05:00
34.28758239746094,2023-11-29 00:00:00-05:00
34.71271514892578,2023-11-30 00:00:00-05:00
35.11807632446289,2023-12-01 00:00:00-05:00
35.41468048095703,2023-12-04 00:00:00-05:00
35.43445587158203,2023-12-05 00:00:00-05:00
35.790382385253906,2023-12-06 00:00:00-05:00
36.08698654174805,2023-12-07 00:00:00-05:00
35.82004165649414,2023-12-08 00:00:00-05:00
36.36381912231445,2023-12-11 00:00:00-05:00
36.83838653564453,2023-12-12 00:00:00-05:00
37.23386001586914,2023-12-13 00:00:00-05:00
36.581329345703125,2023-12-14 00:00:00-05:00
36.175968170166016,2023-12-15 00:00:00-05:00
36.29460906982422,2023-12-18 00:00:00-05:00
36.07710266113281,2023-12-19 00:00:00-05:00
35.34547424316406,2023-12-20 00:00:00-05:00
35.553096771240234,2023-12-21 00:00:00-05:00
35.94857406616211,2023-12-22 00:00:00-05:00
36.08698654174805,2023-12-26 00:00:00-05:00
36.10676193237305,2023-12-27 00:00:00-05:00
36.32427215576172,2023-12-28 00:00:00-05:00
36.561553955078125,2023-12-29 00:00:00-05:00
37.688655853271484,2024-01-02 00:00:00-05:00
37.649112701416016,2024-01-03 00:00:00-05:00
37.352500915527344,2024-01-04 00:00:00-05:00
37.51069259643555,2024-01-05 00:00:00-05:00
37.81718444824219,2024-01-08 00:00:00-05:00
38.11378860473633,2024-01-09 00:00:00-05:00
37.46125793457031,2024-01-10 00:00:00-05:00
37.15476989746094,2024-01-11 00:00:00-05:00
37.25363540649414,2024-01-12 00:00:00-05:00
37.18442916870117,2024-01-16 00:00:00-05:00
37.36239242553711,2024-01-17 00:00:00-05:00
36.591217041015625,2024-01-18 00:00:00-05:00
36.66042709350586,2024-01-19 00:00:00-05:00
36.34404373168945,2024-01-22 00:00:00-05:00
36.72963333129883,2024-01-23 00:00:00-05:00
36.40336608886719,2024-01-24 00:00:00-05:00
36.83838653564453,2024-01-25 00:00:00-05:00
36.7889518737793,2024-01-26 00:00:00-05:00
36.88782501220703,2024-01-29 00:00:00-05:00
36.9273681640625,2024-01-30 00:00:00-05:00
36.709861755371094,2024-01-31 00:00:00-05:00
37.33272933959961,2024-02-01 00:00:00-05:00
37.223976135253906,2024-02-02 00:00:00-05:00
36.79884338378906,2024-02-05 00:00:00-05:00
36.7889518737793,2024-02-06 00:00:00-05:00
35.988121032714844,2024-02-07 00:00:00-05:00
36.05732727050781,2024-02-08 00:00:00-05:00
35.562984466552734,2024-02-09 00:00:00-05:00
35.94857406616211,2024-02-12 00:00:00-05:00
35.72117614746094,2024-02-13 00:00:00-05:00
33.77346420288086,2024-02-14 00:00:00-05:00
34.574302673339844,2024-02-15 00:00:00-05:00
34.41611099243164,2024-02-16 00:00:00-05:00
35.21694564819336,2024-02-20 00:00:00-05:00
35.978233337402344,2024-02-21 00:00:00-05:00
35.99800491333008,2024-02-22 00:00:00-05:00
35.6420783996582,2024-02-23 00:00:00-05:00
35.553096771240234,2024-02-26 00:00:00-05:00
35.3949089050293,2024-02-27 00:00:00-05:00
35.13785171508789,2024-02-28 00:00:00-05:00
34.88079071044922,2024-02-29 00:00:00-05:00
34.73249053955078,2024-03-01 00:00:00-05:00
34.64350891113281,2024-03-04 00:00:00-05:00
34.73249053955078,2024-03-05 00:00:00-05:00
34.95000076293945,2024-03-06 00:00:00-05:00
34.5,2024-03-07 00:00:00-05:00
34.84000015258789,2024-03-08 00:00:00-05:00
34.97999954223633,2024-03-11 00:00:00-04:00
34.599998474121094,2024-03-12 00:00:00-04:00
34.529998779296875,2024-03-13 00:00:00-04:00
34.31999969482422,2024-03-14 00:00:00-04:00
34.369998931884766,2024-03-15 00:00:00-04:00
34.91999816894531,2024-03-18 00:00:00-04:00
35.27000045776367,2024-03-19 00:00:00-04:00
35.349998474121094,2024-03-20 00:00:00-04:00
35.599998474121094,2024-03-21 00:00:00-04:00
35.849998474121094,2024-03-22 00:00:00-04:00
36.18000030517578,2024-03-25 00:00:00-04:00
36.369998931884766,2024-03-26 00:00:00-04:00
36.529998779296875,2024-03-27 00:00:00-04:00
36.900001525878906,2024-03-28 00:00:00-04:00
37.060001373291016,2024-04-01 00:00:00-04:00
37.38999938964844,2024-04-02 00:00:00-04:00
37.369998931884766,2024-04-03 00:00:00-04:00
37.25,2024-04-04 00:00:00-04:00
37.060001373291016,2024-04-05 00:00:00-04:00
37.04999923706055,2024-04-08 00:00:00-04:00
37.15999984741211,2024-04-09 00:00:00-04:00
36.81999969482422,2024-04-10 00:00:00-04:00
36.58000183105469,2024-04-11 00:00:00-04:00
35.939998626708984,2024-04-12 00:00:00-04:00
36.310001373291016,2024-04-15 00:00:00-04:00
36.59000015258789,2024-04-16 00:00:00-04:00
36.900001525878906,2024-04-17 00:00:00-04:00
37.11000061035156,2024-04-18 00:00:00-04:00
37.779998779296875,2024-04-19 00:00:00-04:00
38.150001525878906,2024-04-22 00:00:00-04:00
38.06999969482422,2024-04-23 00:00:00-04:00
38.56999969482422,2024-04-24 00:00:00-04:00
38.369998931884766,2024-04-25 00:00:00-04:00
38.15999984741211,2024-04-26 00:00:00-04:00
38.650001525878906,2024-04-29 00:00:00-04:00
38.61000061035156,2024-04-30 00:00:00-04:00
36.20500183105469,2024-05-01 00:00:00-04:00
