PDD,Date
26.700000762939453,2018-07-26 00:00:00-04:00
24.600000381469727,2018-07-27 00:00:00-04:00
22.5,2018-07-30 00:00:00-04:00
22.59000015258789,2018-07-31 00:00:00-04:00
20.309999465942383,2018-08-01 00:00:00-04:00
19.65999984741211,2018-08-02 00:00:00-04:00
19.06999969482422,2018-08-03 00:00:00-04:00
20.15999984741211,2018-08-06 00:00:00-04:00
20.889999389648438,2018-08-07 00:00:00-04:00
20.270000457763672,2018-08-08 00:00:00-04:00
20.0,2018-08-09 00:00:00-04:00
19.510000228881836,2018-08-10 00:00:00-04:00
19.440000534057617,2018-08-13 00:00:00-04:00
19.0,2018-08-14 00:00:00-04:00
17.700000762939453,2018-08-15 00:00:00-04:00
19.040000915527344,2018-08-16 00:00:00-04:00
19.0,2018-08-17 00:00:00-04:00
18.950000762939453,2018-08-20 00:00:00-04:00
18.75,2018-08-21 00:00:00-04:00
18.399999618530273,2018-08-22 00:00:00-04:00
18.309999465942383,2018-08-23 00:00:00-04:00
17.219999313354492,2018-08-24 00:00:00-04:00
19.170000076293945,2018-08-27 00:00:00-04:00
19.540000915527344,2018-08-28 00:00:00-04:00
21.149999618530273,2018-08-29 00:00:00-04:00
17.989999771118164,2018-08-30 00:00:00-04:00
19.350000381469727,2018-08-31 00:00:00-04:00
20.75,2018-09-04 00:00:00-04:00
18.799999237060547,2018-09-05 00:00:00-04:00
19.110000610351562,2018-09-06 00:00:00-04:00
19.56999969482422,2018-09-07 00:00:00-04:00
19.739999771118164,2018-09-10 00:00:00-04:00
23.56999969482422,2018-09-11 00:00:00-04:00
23.040000915527344,2018-09-12 00:00:00-04:00
29.959999084472656,2018-09-13 00:00:00-04:00
26.34000015258789,2018-09-14 00:00:00-04:00
24.360000610351562,2018-09-17 00:00:00-04:00
22.639999389648438,2018-09-18 00:00:00-04:00
23.0,2018-09-19 00:00:00-04:00
24.649999618530273,2018-09-20 00:00:00-04:00
25.600000381469727,2018-09-21 00:00:00-04:00
26.489999771118164,2018-09-24 00:00:00-04:00
26.940000534057617,2018-09-25 00:00:00-04:00
26.059999465942383,2018-09-26 00:00:00-04:00
26.329999923706055,2018-09-27 00:00:00-04:00
26.290000915527344,2018-09-28 00:00:00-04:00
27.690000534057617,2018-10-01 00:00:00-04:00
25.65999984741211,2018-10-02 00:00:00-04:00
26.280000686645508,2018-10-03 00:00:00-04:00
22.700000762939453,2018-10-04 00:00:00-04:00
21.780000686645508,2018-10-05 00:00:00-04:00
21.190000534057617,2018-10-08 00:00:00-04:00
22.34000015258789,2018-10-09 00:00:00-04:00
20.329999923706055,2018-10-10 00:00:00-04:00
20.81999969482422,2018-10-11 00:00:00-04:00
21.6200008392334,2018-10-12 00:00:00-04:00
21.110000610351562,2018-10-15 00:00:00-04:00
20.809999465942383,2018-10-16 00:00:00-04:00
19.989999771118164,2018-10-17 00:00:00-04:00
18.799999237060547,2018-10-18 00:00:00-04:00
18.68000030517578,2018-10-19 00:00:00-04:00
19.950000762939453,2018-10-22 00:00:00-04:00
18.510000228881836,2018-10-23 00:00:00-04:00
17.31999969482422,2018-10-24 00:00:00-04:00
18.559999465942383,2018-10-25 00:00:00-04:00
18.200000762939453,2018-10-26 00:00:00-04:00
17.3700008392334,2018-10-29 00:00:00-04:00
17.200000762939453,2018-10-30 00:00:00-04:00
17.649999618530273,2018-10-31 00:00:00-04:00
20.34000015258789,2018-11-01 00:00:00-04:00
20.3700008392334,2018-11-02 00:00:00-04:00
20.049999237060547,2018-11-05 00:00:00-05:00
19.639999389648438,2018-11-06 00:00:00-05:00
20.719999313354492,2018-11-07 00:00:00-05:00
19.280000686645508,2018-11-08 00:00:00-05:00
18.309999465942383,2018-11-09 00:00:00-05:00
17.219999313354492,2018-11-12 00:00:00-05:00
17.149999618530273,2018-11-13 00:00:00-05:00
19.149999618530273,2018-11-14 00:00:00-05:00
20.3799991607666,2018-11-15 00:00:00-05:00
20.829999923706055,2018-11-16 00:00:00-05:00
19.84000015258789,2018-11-19 00:00:00-05:00
23.139999389648438,2018-11-20 00:00:00-05:00
23.65999984741211,2018-11-21 00:00:00-05:00
22.5,2018-11-23 00:00:00-05:00
21.219999313354492,2018-11-26 00:00:00-05:00
22.450000762939453,2018-11-27 00:00:00-05:00
22.899999618530273,2018-11-28 00:00:00-05:00
22.440000534057617,2018-11-29 00:00:00-05:00
22.959999084472656,2018-11-30 00:00:00-05:00
23.969999313354492,2018-12-03 00:00:00-05:00
23.31999969482422,2018-12-04 00:00:00-05:00
22.540000915527344,2018-12-06 00:00:00-05:00
20.610000610351562,2018-12-07 00:00:00-05:00
20.110000610351562,2018-12-10 00:00:00-05:00
20.809999465942383,2018-12-11 00:00:00-05:00
22.649999618530273,2018-12-12 00:00:00-05:00
22.579999923706055,2018-12-13 00:00:00-05:00
23.100000381469727,2018-12-14 00:00:00-05:00
22.18000030517578,2018-12-17 00:00:00-05:00
23.0,2018-12-18 00:00:00-05:00
22.31999969482422,2018-12-19 00:00:00-05:00
21.489999771118164,2018-12-20 00:00:00-05:00
21.1299991607666,2018-12-21 00:00:00-05:00
21.299999237060547,2018-12-24 00:00:00-05:00
21.510000228881836,2018-12-26 00:00:00-05:00
21.899999618530273,2018-12-27 00:00:00-05:00
22.059999465942383,2018-12-28 00:00:00-05:00
22.440000534057617,2018-12-31 00:00:00-05:00
22.209999084472656,2019-01-02 00:00:00-05:00
21.520000457763672,2019-01-03 00:00:00-05:00
22.690000534057617,2019-01-04 00:00:00-05:00
23.209999084472656,2019-01-07 00:00:00-05:00
24.0,2019-01-08 00:00:00-05:00
25.540000915527344,2019-01-09 00:00:00-05:00
26.3799991607666,2019-01-10 00:00:00-05:00
26.15999984741211,2019-01-11 00:00:00-05:00
24.3700008392334,2019-01-14 00:00:00-05:00
24.40999984741211,2019-01-15 00:00:00-05:00
25.139999389648438,2019-01-16 00:00:00-05:00
24.540000915527344,2019-01-17 00:00:00-05:00
24.989999771118164,2019-01-18 00:00:00-05:00
25.170000076293945,2019-01-22 00:00:00-05:00
26.670000076293945,2019-01-23 00:00:00-05:00
28.739999771118164,2019-01-24 00:00:00-05:00
29.5,2019-01-25 00:00:00-05:00
29.0,2019-01-28 00:00:00-05:00
30.190000534057617,2019-01-29 00:00:00-05:00
28.81999969482422,2019-01-30 00:00:00-05:00
29.209999084472656,2019-01-31 00:00:00-05:00
28.959999084472656,2019-02-01 00:00:00-05:00
29.93000030517578,2019-02-04 00:00:00-05:00
30.329999923706055,2019-02-05 00:00:00-05:00
28.0,2019-02-06 00:00:00-05:00
26.510000228881836,2019-02-07 00:00:00-05:00
25.950000762939453,2019-02-08 00:00:00-05:00
26.739999771118164,2019-02-11 00:00:00-05:00
26.950000762939453,2019-02-12 00:00:00-05:00
27.010000228881836,2019-02-13 00:00:00-05:00
27.030000686645508,2019-02-14 00:00:00-05:00
27.520000457763672,2019-02-15 00:00:00-05:00
29.09000015258789,2019-02-19 00:00:00-05:00
29.329999923706055,2019-02-20 00:00:00-05:00
28.5,2019-02-21 00:00:00-05:00
29.3799991607666,2019-02-22 00:00:00-05:00
29.010000228881836,2019-02-25 00:00:00-05:00
29.139999389648438,2019-02-26 00:00:00-05:00
28.559999465942383,2019-02-27 00:00:00-05:00
29.940000534057617,2019-02-28 00:00:00-05:00
29.989999771118164,2019-03-01 00:00:00-05:00
31.139999389648438,2019-03-04 00:00:00-05:00
30.780000686645508,2019-03-05 00:00:00-05:00
29.989999771118164,2019-03-06 00:00:00-05:00
29.09000015258789,2019-03-07 00:00:00-05:00
28.459999084472656,2019-03-08 00:00:00-05:00
29.93000030517578,2019-03-11 00:00:00-04:00
30.43000030517578,2019-03-12 00:00:00-04:00
25.1200008392334,2019-03-13 00:00:00-04:00
24.389999389648438,2019-03-14 00:00:00-04:00
24.520000457763672,2019-03-15 00:00:00-04:00
25.829999923706055,2019-03-18 00:00:00-04:00
25.260000228881836,2019-03-19 00:00:00-04:00
24.610000610351562,2019-03-20 00:00:00-04:00
24.829999923706055,2019-03-21 00:00:00-04:00
23.5,2019-03-22 00:00:00-04:00
23.34000015258789,2019-03-25 00:00:00-04:00
23.360000610351562,2019-03-26 00:00:00-04:00
23.610000610351562,2019-03-27 00:00:00-04:00
23.31999969482422,2019-03-28 00:00:00-04:00
24.799999237060547,2019-03-29 00:00:00-04:00
24.670000076293945,2019-04-01 00:00:00-04:00
24.459999084472656,2019-04-02 00:00:00-04:00
23.510000228881836,2019-04-03 00:00:00-04:00
22.600000381469727,2019-04-04 00:00:00-04:00
21.600000381469727,2019-04-05 00:00:00-04:00
21.829999923706055,2019-04-08 00:00:00-04:00
22.350000381469727,2019-04-09 00:00:00-04:00
21.950000762939453,2019-04-10 00:00:00-04:00
21.670000076293945,2019-04-11 00:00:00-04:00
21.690000534057617,2019-04-12 00:00:00-04:00
22.010000228881836,2019-04-15 00:00:00-04:00
22.5,2019-04-16 00:00:00-04:00
23.020000457763672,2019-04-17 00:00:00-04:00
23.549999237060547,2019-04-18 00:00:00-04:00
24.0,2019-04-22 00:00:00-04:00
24.43000030517578,2019-04-23 00:00:00-04:00
23.940000534057617,2019-04-24 00:00:00-04:00
23.06999969482422,2019-04-25 00:00:00-04:00
21.920000076293945,2019-04-26 00:00:00-04:00
22.280000686645508,2019-04-29 00:00:00-04:00
22.229999542236328,2019-04-30 00:00:00-04:00
23.299999237060547,2019-05-01 00:00:00-04:00
23.1299991607666,2019-05-02 00:00:00-04:00
23.959999084472656,2019-05-03 00:00:00-04:00
23.739999771118164,2019-05-06 00:00:00-04:00
22.81999969482422,2019-05-07 00:00:00-04:00
23.190000534057617,2019-05-08 00:00:00-04:00
23.1299991607666,2019-05-09 00:00:00-04:00
22.399999618530273,2019-05-10 00:00:00-04:00
20.75,2019-05-13 00:00:00-04:00
22.149999618530273,2019-05-14 00:00:00-04:00
22.030000686645508,2019-05-15 00:00:00-04:00
22.860000610351562,2019-05-16 00:00:00-04:00
22.700000762939453,2019-05-17 00:00:00-04:00
20.780000686645508,2019-05-20 00:00:00-04:00
21.520000457763672,2019-05-21 00:00:00-04:00
20.459999084472656,2019-05-22 00:00:00-04:00
20.530000686645508,2019-05-23 00:00:00-04:00
20.280000686645508,2019-05-24 00:00:00-04:00
20.229999542236328,2019-05-28 00:00:00-04:00
19.979999542236328,2019-05-29 00:00:00-04:00
19.649999618530273,2019-05-30 00:00:00-04:00
19.420000076293945,2019-05-31 00:00:00-04:00
19.030000686645508,2019-06-03 00:00:00-04:00
19.280000686645508,2019-06-04 00:00:00-04:00
19.1299991607666,2019-06-05 00:00:00-04:00
19.3700008392334,2019-06-06 00:00:00-04:00
19.780000686645508,2019-06-07 00:00:00-04:00
20.200000762939453,2019-06-10 00:00:00-04:00
20.049999237060547,2019-06-11 00:00:00-04:00
20.40999984741211,2019-06-12 00:00:00-04:00
20.469999313354492,2019-06-13 00:00:00-04:00
20.510000228881836,2019-06-14 00:00:00-04:00
20.59000015258789,2019-06-17 00:00:00-04:00
20.889999389648438,2019-06-18 00:00:00-04:00
20.959999084472656,2019-06-19 00:00:00-04:00
20.950000762939453,2019-06-20 00:00:00-04:00
21.049999237060547,2019-06-21 00:00:00-04:00
20.75,2019-06-24 00:00:00-04:00
20.540000915527344,2019-06-25 00:00:00-04:00
20.450000762939453,2019-06-26 00:00:00-04:00
20.760000228881836,2019-06-27 00:00:00-04:00
20.6299991607666,2019-06-28 00:00:00-04:00
20.639999389648438,2019-07-01 00:00:00-04:00
20.309999465942383,2019-07-02 00:00:00-04:00
20.09000015258789,2019-07-03 00:00:00-04:00
20.290000915527344,2019-07-05 00:00:00-04:00
20.040000915527344,2019-07-08 00:00:00-04:00
20.479999542236328,2019-07-09 00:00:00-04:00
19.84000015258789,2019-07-10 00:00:00-04:00
19.34000015258789,2019-07-11 00:00:00-04:00
19.139999389648438,2019-07-12 00:00:00-04:00
19.350000381469727,2019-07-15 00:00:00-04:00
20.1200008392334,2019-07-16 00:00:00-04:00
19.969999313354492,2019-07-17 00:00:00-04:00
20.190000534057617,2019-07-18 00:00:00-04:00
20.049999237060547,2019-07-19 00:00:00-04:00
20.139999389648438,2019-07-22 00:00:00-04:00
20.989999771118164,2019-07-23 00:00:00-04:00
20.93000030517578,2019-07-24 00:00:00-04:00
21.510000228881836,2019-07-25 00:00:00-04:00
21.610000610351562,2019-07-26 00:00:00-04:00
21.90999984741211,2019-07-29 00:00:00-04:00
21.950000762939453,2019-07-30 00:00:00-04:00
22.270000457763672,2019-07-31 00:00:00-04:00
22.65999984741211,2019-08-01 00:00:00-04:00
22.989999771118164,2019-08-02 00:00:00-04:00
22.170000076293945,2019-08-05 00:00:00-04:00
21.959999084472656,2019-08-06 00:00:00-04:00
22.1299991607666,2019-08-07 00:00:00-04:00
22.809999465942383,2019-08-08 00:00:00-04:00
22.600000381469727,2019-08-09 00:00:00-04:00
22.360000610351562,2019-08-12 00:00:00-04:00
23.780000686645508,2019-08-13 00:00:00-04:00
23.559999465942383,2019-08-14 00:00:00-04:00
23.8700008392334,2019-08-15 00:00:00-04:00
25.010000228881836,2019-08-16 00:00:00-04:00
25.56999969482422,2019-08-19 00:00:00-04:00
25.959999084472656,2019-08-20 00:00:00-04:00
30.110000610351562,2019-08-21 00:00:00-04:00
30.59000015258789,2019-08-22 00:00:00-04:00
29.489999771118164,2019-08-23 00:00:00-04:00
30.610000610351562,2019-08-26 00:00:00-04:00
30.8700008392334,2019-08-27 00:00:00-04:00
30.93000030517578,2019-08-28 00:00:00-04:00
33.61000061035156,2019-08-29 00:00:00-04:00
32.77000045776367,2019-08-30 00:00:00-04:00
33.25,2019-09-03 00:00:00-04:00
34.0,2019-09-04 00:00:00-04:00
34.869998931884766,2019-09-05 00:00:00-04:00
34.97999954223633,2019-09-06 00:00:00-04:00
34.97999954223633,2019-09-09 00:00:00-04:00
34.849998474121094,2019-09-10 00:00:00-04:00
36.66999816894531,2019-09-11 00:00:00-04:00
36.15999984741211,2019-09-12 00:00:00-04:00
35.900001525878906,2019-09-13 00:00:00-04:00
34.72999954223633,2019-09-16 00:00:00-04:00
35.43000030517578,2019-09-17 00:00:00-04:00
34.369998931884766,2019-09-18 00:00:00-04:00
34.619998931884766,2019-09-19 00:00:00-04:00
34.08000183105469,2019-09-20 00:00:00-04:00
33.81999969482422,2019-09-23 00:00:00-04:00
30.989999771118164,2019-09-24 00:00:00-04:00
32.25,2019-09-25 00:00:00-04:00
32.650001525878906,2019-09-26 00:00:00-04:00
31.280000686645508,2019-09-27 00:00:00-04:00
32.220001220703125,2019-09-30 00:00:00-04:00
32.75,2019-10-01 00:00:00-04:00
32.59000015258789,2019-10-02 00:00:00-04:00
32.95000076293945,2019-10-03 00:00:00-04:00
33.349998474121094,2019-10-04 00:00:00-04:00
31.670000076293945,2019-10-07 00:00:00-04:00
31.25,2019-10-08 00:00:00-04:00
31.780000686645508,2019-10-09 00:00:00-04:00
31.940000534057617,2019-10-10 00:00:00-04:00
32.86000061035156,2019-10-11 00:00:00-04:00
32.84000015258789,2019-10-14 00:00:00-04:00
33.939998626708984,2019-10-15 00:00:00-04:00
33.7400016784668,2019-10-16 00:00:00-04:00
34.20000076293945,2019-10-17 00:00:00-04:00
33.380001068115234,2019-10-18 00:00:00-04:00
34.0,2019-10-21 00:00:00-04:00
34.369998931884766,2019-10-22 00:00:00-04:00
35.5,2019-10-23 00:00:00-04:00
39.959999084472656,2019-10-24 00:00:00-04:00
40.84000015258789,2019-10-25 00:00:00-04:00
42.58000183105469,2019-10-28 00:00:00-04:00
40.5,2019-10-29 00:00:00-04:00
40.880001068115234,2019-10-30 00:00:00-04:00
40.880001068115234,2019-10-31 00:00:00-04:00
41.4900016784668,2019-11-01 00:00:00-04:00
42.529998779296875,2019-11-04 00:00:00-05:00
43.529998779296875,2019-11-05 00:00:00-05:00
43.4900016784668,2019-11-06 00:00:00-05:00
43.310001373291016,2019-11-07 00:00:00-05:00
43.22999954223633,2019-11-08 00:00:00-05:00
41.91999816894531,2019-11-11 00:00:00-05:00
41.56999969482422,2019-11-12 00:00:00-05:00
41.689998626708984,2019-11-13 00:00:00-05:00
41.31999969482422,2019-11-14 00:00:00-05:00
42.7599983215332,2019-11-15 00:00:00-05:00
41.5099983215332,2019-11-18 00:00:00-05:00
40.720001220703125,2019-11-19 00:00:00-05:00
31.399999618530273,2019-11-20 00:00:00-05:00
31.579999923706055,2019-11-21 00:00:00-05:00
33.9900016784668,2019-11-22 00:00:00-05:00
36.52000045776367,2019-11-25 00:00:00-05:00
36.97999954223633,2019-11-26 00:00:00-05:00
35.86000061035156,2019-11-27 00:00:00-05:00
35.95000076293945,2019-11-29 00:00:00-05:00
36.040000915527344,2019-12-02 00:00:00-05:00
36.16999816894531,2019-12-03 00:00:00-05:00
35.849998474121094,2019-12-04 00:00:00-05:00
36.58000183105469,2019-12-05 00:00:00-05:00
37.52000045776367,2019-12-06 00:00:00-05:00
37.52000045776367,2019-12-09 00:00:00-05:00
38.130001068115234,2019-12-10 00:00:00-05:00
37.310001373291016,2019-12-11 00:00:00-05:00
38.09000015258789,2019-12-12 00:00:00-05:00
36.459999084472656,2019-12-13 00:00:00-05:00
38.68000030517578,2019-12-16 00:00:00-05:00
38.709999084472656,2019-12-17 00:00:00-05:00
37.720001220703125,2019-12-18 00:00:00-05:00
37.52000045776367,2019-12-19 00:00:00-05:00
37.36000061035156,2019-12-20 00:00:00-05:00
37.88999938964844,2019-12-23 00:00:00-05:00
38.040000915527344,2019-12-24 00:00:00-05:00
38.56999969482422,2019-12-26 00:00:00-05:00
39.2400016784668,2019-12-27 00:00:00-05:00
38.150001525878906,2019-12-30 00:00:00-05:00
37.81999969482422,2019-12-31 00:00:00-05:00
41.22999954223633,2020-01-02 00:00:00-05:00
40.88999938964844,2020-01-03 00:00:00-05:00
40.09000015258789,2020-01-06 00:00:00-05:00
41.209999084472656,2020-01-07 00:00:00-05:00
40.5,2020-01-08 00:00:00-05:00
39.65999984741211,2020-01-09 00:00:00-05:00
38.41999816894531,2020-01-10 00:00:00-05:00
39.349998474121094,2020-01-13 00:00:00-05:00
38.02000045776367,2020-01-14 00:00:00-05:00
38.66999816894531,2020-01-15 00:00:00-05:00
39.5099983215332,2020-01-16 00:00:00-05:00
39.43000030517578,2020-01-17 00:00:00-05:00
39.34000015258789,2020-01-21 00:00:00-05:00
38.790000915527344,2020-01-22 00:00:00-05:00
38.369998931884766,2020-01-23 00:00:00-05:00
37.34000015258789,2020-01-24 00:00:00-05:00
36.59000015258789,2020-01-27 00:00:00-05:00
36.959999084472656,2020-01-28 00:00:00-05:00
36.7400016784668,2020-01-29 00:00:00-05:00
35.93000030517578,2020-01-30 00:00:00-05:00
35.220001220703125,2020-01-31 00:00:00-05:00
35.790000915527344,2020-02-03 00:00:00-05:00
36.5099983215332,2020-02-04 00:00:00-05:00
35.720001220703125,2020-02-05 00:00:00-05:00
36.380001068115234,2020-02-06 00:00:00-05:00
34.279998779296875,2020-02-07 00:00:00-05:00
34.5,2020-02-10 00:00:00-05:00
36.0,2020-02-11 00:00:00-05:00
36.810001373291016,2020-02-12 00:00:00-05:00
37.41999816894531,2020-02-13 00:00:00-05:00
37.119998931884766,2020-02-14 00:00:00-05:00
36.439998626708984,2020-02-18 00:00:00-05:00
37.130001068115234,2020-02-19 00:00:00-05:00
36.31999969482422,2020-02-20 00:00:00-05:00
34.56999969482422,2020-02-21 00:00:00-05:00
33.13999938964844,2020-02-24 00:00:00-05:00
32.79999923706055,2020-02-25 00:00:00-05:00
34.529998779296875,2020-02-26 00:00:00-05:00
35.18000030517578,2020-02-27 00:00:00-05:00
35.779998779296875,2020-02-28 00:00:00-05:00
37.5099983215332,2020-03-02 00:00:00-05:00
35.790000915527344,2020-03-03 00:00:00-05:00
36.290000915527344,2020-03-04 00:00:00-05:00
36.119998931884766,2020-03-05 00:00:00-05:00
36.7599983215332,2020-03-06 00:00:00-05:00
36.5099983215332,2020-03-09 00:00:00-04:00
37.689998626708984,2020-03-10 00:00:00-04:00
35.060001373291016,2020-03-11 00:00:00-04:00
32.810001373291016,2020-03-12 00:00:00-04:00
33.7599983215332,2020-03-13 00:00:00-04:00
32.189998626708984,2020-03-16 00:00:00-04:00
33.38999938964844,2020-03-17 00:00:00-04:00
31.770000457763672,2020-03-18 00:00:00-04:00
33.79999923706055,2020-03-19 00:00:00-04:00
33.56999969482422,2020-03-20 00:00:00-04:00
34.099998474121094,2020-03-23 00:00:00-04:00
36.04999923706055,2020-03-24 00:00:00-04:00
37.2599983215332,2020-03-25 00:00:00-04:00
37.0099983215332,2020-03-26 00:00:00-04:00
35.31999969482422,2020-03-27 00:00:00-04:00
35.630001068115234,2020-03-30 00:00:00-04:00
36.029998779296875,2020-03-31 00:00:00-04:00
35.900001525878906,2020-04-01 00:00:00-04:00
36.279998779296875,2020-04-02 00:00:00-04:00
36.900001525878906,2020-04-03 00:00:00-04:00
38.4900016784668,2020-04-06 00:00:00-04:00
40.630001068115234,2020-04-07 00:00:00-04:00
39.709999084472656,2020-04-08 00:00:00-04:00
41.040000915527344,2020-04-09 00:00:00-04:00
41.41999816894531,2020-04-13 00:00:00-04:00
43.029998779296875,2020-04-14 00:00:00-04:00
43.88999938964844,2020-04-15 00:00:00-04:00
45.119998931884766,2020-04-16 00:00:00-04:00
44.459999084472656,2020-04-17 00:00:00-04:00
50.11000061035156,2020-04-20 00:00:00-04:00
50.939998626708984,2020-04-21 00:00:00-04:00
52.150001525878906,2020-04-22 00:00:00-04:00
49.16999816894531,2020-04-23 00:00:00-04:00
49.56999969482422,2020-04-24 00:00:00-04:00
51.189998626708984,2020-04-27 00:00:00-04:00
48.060001373291016,2020-04-28 00:00:00-04:00
48.86000061035156,2020-04-29 00:00:00-04:00
47.439998626708984,2020-04-30 00:00:00-04:00
45.43000030517578,2020-05-01 00:00:00-04:00
46.369998931884766,2020-05-04 00:00:00-04:00
48.720001220703125,2020-05-05 00:00:00-04:00
49.20000076293945,2020-05-06 00:00:00-04:00
50.04999923706055,2020-05-07 00:00:00-04:00
54.599998474121094,2020-05-08 00:00:00-04:00
54.939998626708984,2020-05-11 00:00:00-04:00
57.83000183105469,2020-05-12 00:00:00-04:00
59.83000183105469,2020-05-13 00:00:00-04:00
60.84000015258789,2020-05-14 00:00:00-04:00
61.29999923706055,2020-05-15 00:00:00-04:00
66.45999908447266,2020-05-18 00:00:00-04:00
63.09000015258789,2020-05-19 00:00:00-04:00
60.900001525878906,2020-05-20 00:00:00-04:00
60.0,2020-05-21 00:00:00-04:00
68.69999694824219,2020-05-22 00:00:00-04:00
64.88999938964844,2020-05-26 00:00:00-04:00
60.31999969482422,2020-05-27 00:00:00-04:00
60.36000061035156,2020-05-28 00:00:00-04:00
66.87000274658203,2020-05-29 00:00:00-04:00
65.76000213623047,2020-06-01 00:00:00-04:00
67.30000305175781,2020-06-02 00:00:00-04:00
68.1500015258789,2020-06-03 00:00:00-04:00
66.2699966430664,2020-06-04 00:00:00-04:00
69.69999694824219,2020-06-05 00:00:00-04:00
68.30999755859375,2020-06-08 00:00:00-04:00
69.37999725341797,2020-06-09 00:00:00-04:00
72.80000305175781,2020-06-10 00:00:00-04:00
71.51000213623047,2020-06-11 00:00:00-04:00
73.11000061035156,2020-06-12 00:00:00-04:00
77.66999816894531,2020-06-15 00:00:00-04:00
78.0,2020-06-16 00:00:00-04:00
82.80000305175781,2020-06-17 00:00:00-04:00
82.41999816894531,2020-06-18 00:00:00-04:00
87.58000183105469,2020-06-19 00:00:00-04:00
81.79000091552734,2020-06-22 00:00:00-04:00
83.63999938964844,2020-06-23 00:00:00-04:00
84.5,2020-06-24 00:00:00-04:00
86.0,2020-06-25 00:00:00-04:00
85.16000366210938,2020-06-26 00:00:00-04:00
87.47000122070312,2020-06-29 00:00:00-04:00
85.83999633789062,2020-06-30 00:00:00-04:00
85.44999694824219,2020-07-01 00:00:00-04:00
93.0,2020-07-02 00:00:00-04:00
87.0,2020-07-06 00:00:00-04:00
91.0,2020-07-07 00:00:00-04:00
92.30999755859375,2020-07-08 00:00:00-04:00
90.25,2020-07-09 00:00:00-04:00
87.30000305175781,2020-07-10 00:00:00-04:00
88.27999877929688,2020-07-13 00:00:00-04:00
87.33000183105469,2020-07-14 00:00:00-04:00
85.30000305175781,2020-07-15 00:00:00-04:00
83.55000305175781,2020-07-16 00:00:00-04:00
82.47000122070312,2020-07-17 00:00:00-04:00
84.83000183105469,2020-07-20 00:00:00-04:00
82.58000183105469,2020-07-21 00:00:00-04:00
80.76000213623047,2020-07-22 00:00:00-04:00
79.05000305175781,2020-07-23 00:00:00-04:00
78.94999694824219,2020-07-24 00:00:00-04:00
83.44000244140625,2020-07-27 00:00:00-04:00
83.7699966430664,2020-07-28 00:00:00-04:00
84.02999877929688,2020-07-29 00:00:00-04:00
84.94000244140625,2020-07-30 00:00:00-04:00
91.80000305175781,2020-07-31 00:00:00-04:00
96.02999877929688,2020-08-03 00:00:00-04:00
94.0199966430664,2020-08-04 00:00:00-04:00
97.45999908447266,2020-08-05 00:00:00-04:00
91.62000274658203,2020-08-06 00:00:00-04:00
88.19999694824219,2020-08-07 00:00:00-04:00
87.52999877929688,2020-08-10 00:00:00-04:00
87.2699966430664,2020-08-11 00:00:00-04:00
90.11000061035156,2020-08-12 00:00:00-04:00
88.8499984741211,2020-08-13 00:00:00-04:00
85.04000091552734,2020-08-14 00:00:00-04:00
89.18000030517578,2020-08-17 00:00:00-04:00
91.58999633789062,2020-08-18 00:00:00-04:00
95.94000244140625,2020-08-19 00:00:00-04:00
97.12999725341797,2020-08-20 00:00:00-04:00
84.0,2020-08-21 00:00:00-04:00
83.16000366210938,2020-08-24 00:00:00-04:00
87.23999786376953,2020-08-25 00:00:00-04:00
89.25,2020-08-26 00:00:00-04:00
88.81999969482422,2020-08-27 00:00:00-04:00
89.19999694824219,2020-08-28 00:00:00-04:00
88.94000244140625,2020-08-31 00:00:00-04:00
91.36000061035156,2020-09-01 00:00:00-04:00
90.29000091552734,2020-09-02 00:00:00-04:00
85.76000213623047,2020-09-03 00:00:00-04:00
85.04000091552734,2020-09-04 00:00:00-04:00
81.70999908447266,2020-09-08 00:00:00-04:00
84.6500015258789,2020-09-09 00:00:00-04:00
83.87000274658203,2020-09-10 00:00:00-04:00
84.73999786376953,2020-09-11 00:00:00-04:00
85.27999877929688,2020-09-14 00:00:00-04:00
82.6500015258789,2020-09-15 00:00:00-04:00
82.6500015258789,2020-09-16 00:00:00-04:00
81.0199966430664,2020-09-17 00:00:00-04:00
79.80999755859375,2020-09-18 00:00:00-04:00
79.95999908447266,2020-09-21 00:00:00-04:00
80.04000091552734,2020-09-22 00:00:00-04:00
76.63999938964844,2020-09-23 00:00:00-04:00
75.29000091552734,2020-09-24 00:00:00-04:00
74.33000183105469,2020-09-25 00:00:00-04:00
75.0999984741211,2020-09-28 00:00:00-04:00
73.69999694824219,2020-09-29 00:00:00-04:00
74.1500015258789,2020-09-30 00:00:00-04:00
74.43000030517578,2020-10-01 00:00:00-04:00
71.4000015258789,2020-10-02 00:00:00-04:00
72.06999969482422,2020-10-05 00:00:00-04:00
72.98999786376953,2020-10-06 00:00:00-04:00
74.80000305175781,2020-10-07 00:00:00-04:00
73.41000366210938,2020-10-08 00:00:00-04:00
79.54000091552734,2020-10-09 00:00:00-04:00
84.72000122070312,2020-10-12 00:00:00-04:00
84.6500015258789,2020-10-13 00:00:00-04:00
82.66000366210938,2020-10-14 00:00:00-04:00
82.79000091552734,2020-10-15 00:00:00-04:00
84.0199966430664,2020-10-16 00:00:00-04:00
84.1500015258789,2020-10-19 00:00:00-04:00
89.06999969482422,2020-10-20 00:00:00-04:00
90.2300033569336,2020-10-21 00:00:00-04:00
87.7699966430664,2020-10-22 00:00:00-04:00
86.91000366210938,2020-10-23 00:00:00-04:00
86.91999816894531,2020-10-26 00:00:00-04:00
90.30999755859375,2020-10-27 00:00:00-04:00
89.98999786376953,2020-10-28 00:00:00-04:00
94.12000274658203,2020-10-29 00:00:00-04:00
89.9800033569336,2020-10-30 00:00:00-04:00
91.62000274658203,2020-11-02 00:00:00-05:00
97.72000122070312,2020-11-03 00:00:00-05:00
110.26000213623047,2020-11-04 00:00:00-05:00
113.06999969482422,2020-11-05 00:00:00-05:00
114.52999877929688,2020-11-06 00:00:00-05:00
106.13999938964844,2020-11-09 00:00:00-05:00
103.08999633789062,2020-11-10 00:00:00-05:00
111.45999908447266,2020-11-11 00:00:00-05:00
134.2100067138672,2020-11-12 00:00:00-05:00
151.2899932861328,2020-11-13 00:00:00-05:00
142.02999877929688,2020-11-16 00:00:00-05:00
132.3699951171875,2020-11-17 00:00:00-05:00
132.3800048828125,2020-11-18 00:00:00-05:00
137.66000366210938,2020-11-19 00:00:00-05:00
143.5500030517578,2020-11-20 00:00:00-05:00
141.0500030517578,2020-11-23 00:00:00-05:00
143.94000244140625,2020-11-24 00:00:00-05:00
135.89999389648438,2020-11-25 00:00:00-05:00
144.0500030517578,2020-11-27 00:00:00-05:00
138.80999755859375,2020-11-30 00:00:00-05:00
136.5399932861328,2020-12-01 00:00:00-05:00
144.05999755859375,2020-12-02 00:00:00-05:00
145.16000366210938,2020-12-03 00:00:00-05:00
146.36000061035156,2020-12-04 00:00:00-05:00
146.7899932861328,2020-12-07 00:00:00-05:00
157.49000549316406,2020-12-08 00:00:00-05:00
147.57000732421875,2020-12-09 00:00:00-05:00
154.33999633789062,2020-12-10 00:00:00-05:00
147.64999389648438,2020-12-11 00:00:00-05:00
142.1199951171875,2020-12-14 00:00:00-05:00
142.02999877929688,2020-12-15 00:00:00-05:00
145.47000122070312,2020-12-16 00:00:00-05:00
149.9499969482422,2020-12-17 00:00:00-05:00
149.3699951171875,2020-12-18 00:00:00-05:00
146.8699951171875,2020-12-21 00:00:00-05:00
139.02000427246094,2020-12-22 00:00:00-05:00
140.25,2020-12-23 00:00:00-05:00
152.75,2020-12-24 00:00:00-05:00
143.8000030517578,2020-12-28 00:00:00-05:00
166.19000244140625,2020-12-29 00:00:00-05:00
179.11000061035156,2020-12-30 00:00:00-05:00
177.6699981689453,2020-12-31 00:00:00-05:00
166.77999877929688,2021-01-04 00:00:00-05:00
187.1999969482422,2021-01-05 00:00:00-05:00
176.75,2021-01-06 00:00:00-05:00
180.1199951171875,2021-01-07 00:00:00-05:00
180.77000427246094,2021-01-08 00:00:00-05:00
172.49000549316406,2021-01-11 00:00:00-05:00
169.47999572753906,2021-01-12 00:00:00-05:00
164.8000030517578,2021-01-13 00:00:00-05:00
167.25999450683594,2021-01-14 00:00:00-05:00
161.1999969482422,2021-01-15 00:00:00-05:00
168.7899932861328,2021-01-19 00:00:00-05:00
170.9600067138672,2021-01-20 00:00:00-05:00
172.80999755859375,2021-01-21 00:00:00-05:00
171.88999938964844,2021-01-22 00:00:00-05:00
180.42999267578125,2021-01-25 00:00:00-05:00
173.97999572753906,2021-01-26 00:00:00-05:00
166.3000030517578,2021-01-27 00:00:00-05:00
169.36000061035156,2021-01-28 00:00:00-05:00
165.7100067138672,2021-01-29 00:00:00-05:00
173.9600067138672,2021-02-01 00:00:00-05:00
182.0,2021-02-02 00:00:00-05:00
193.11000061035156,2021-02-03 00:00:00-05:00
197.25999450683594,2021-02-04 00:00:00-05:00
196.16000366210938,2021-02-05 00:00:00-05:00
188.25999450683594,2021-02-08 00:00:00-05:00
189.75999450683594,2021-02-09 00:00:00-05:00
199.61000061035156,2021-02-10 00:00:00-05:00
199.8000030517578,2021-02-11 00:00:00-05:00
196.58999633789062,2021-02-12 00:00:00-05:00
202.80999755859375,2021-02-16 00:00:00-05:00
202.82000732421875,2021-02-17 00:00:00-05:00
195.77999877929688,2021-02-18 00:00:00-05:00
195.97999572753906,2021-02-19 00:00:00-05:00
188.24000549316406,2021-02-22 00:00:00-05:00
187.91000366210938,2021-02-23 00:00:00-05:00
179.32000732421875,2021-02-24 00:00:00-05:00
171.05999755859375,2021-02-25 00:00:00-05:00
171.16000366210938,2021-02-26 00:00:00-05:00
186.14999389648438,2021-03-01 00:00:00-05:00
175.52000427246094,2021-03-02 00:00:00-05:00
168.75,2021-03-03 00:00:00-05:00
158.39999389648438,2021-03-04 00:00:00-05:00
156.82000732421875,2021-03-05 00:00:00-05:00
137.60000610351562,2021-03-08 00:00:00-05:00
154.17999267578125,2021-03-09 00:00:00-05:00
148.13999938964844,2021-03-10 00:00:00-05:00
162.39999389648438,2021-03-11 00:00:00-05:00
161.05999755859375,2021-03-12 00:00:00-05:00
159.1300048828125,2021-03-15 00:00:00-04:00
160.88999938964844,2021-03-16 00:00:00-04:00
149.4600067138672,2021-03-17 00:00:00-04:00
141.82000732421875,2021-03-18 00:00:00-04:00
141.8000030517578,2021-03-19 00:00:00-04:00
137.14999389648438,2021-03-22 00:00:00-04:00
136.05999755859375,2021-03-23 00:00:00-04:00
124.18000030517578,2021-03-24 00:00:00-04:00
127.52999877929688,2021-03-25 00:00:00-04:00
131.2899932861328,2021-03-26 00:00:00-04:00
131.52999877929688,2021-03-29 00:00:00-04:00
135.44000244140625,2021-03-30 00:00:00-04:00
133.8800048828125,2021-03-31 00:00:00-04:00
143.92999267578125,2021-04-01 00:00:00-04:00
142.91000366210938,2021-04-05 00:00:00-04:00
148.1300048828125,2021-04-06 00:00:00-04:00
137.88999938964844,2021-04-07 00:00:00-04:00
140.1999969482422,2021-04-08 00:00:00-04:00
137.6199951171875,2021-04-09 00:00:00-04:00
133.77000427246094,2021-04-12 00:00:00-04:00
135.14999389648438,2021-04-13 00:00:00-04:00
132.61000061035156,2021-04-14 00:00:00-04:00
132.3800048828125,2021-04-15 00:00:00-04:00
133.30999755859375,2021-04-16 00:00:00-04:00
132.8000030517578,2021-04-19 00:00:00-04:00
125.61000061035156,2021-04-20 00:00:00-04:00
128.6699981689453,2021-04-21 00:00:00-04:00
133.32000732421875,2021-04-22 00:00:00-04:00
138.61000061035156,2021-04-23 00:00:00-04:00
141.5,2021-04-26 00:00:00-04:00
140.0800018310547,2021-04-27 00:00:00-04:00
142.3699951171875,2021-04-28 00:00:00-04:00
137.49000549316406,2021-04-29 00:00:00-04:00
133.92999267578125,2021-04-30 00:00:00-04:00
133.42999267578125,2021-05-03 00:00:00-04:00
132.1699981689453,2021-05-04 00:00:00-04:00
131.11000061035156,2021-05-05 00:00:00-04:00
134.64999389648438,2021-05-06 00:00:00-04:00
133.7899932861328,2021-05-07 00:00:00-04:00
121.5999984741211,2021-05-10 00:00:00-04:00
125.83000183105469,2021-05-11 00:00:00-04:00
124.05999755859375,2021-05-12 00:00:00-04:00
115.2300033569336,2021-05-13 00:00:00-04:00
118.33000183105469,2021-05-14 00:00:00-04:00
118.0199966430664,2021-05-17 00:00:00-04:00
122.23999786376953,2021-05-18 00:00:00-04:00
127.16999816894531,2021-05-19 00:00:00-04:00
131.0,2021-05-20 00:00:00-04:00
129.2899932861328,2021-05-21 00:00:00-04:00
130.41000366210938,2021-05-24 00:00:00-04:00
130.82000732421875,2021-05-25 00:00:00-04:00
123.56999969482422,2021-05-26 00:00:00-04:00
119.66000366210938,2021-05-27 00:00:00-04:00
124.87999725341797,2021-05-28 00:00:00-04:00
139.33999633789062,2021-06-01 00:00:00-04:00
139.89999389648438,2021-06-02 00:00:00-04:00
133.4499969482422,2021-06-03 00:00:00-04:00
132.1699981689453,2021-06-04 00:00:00-04:00
127.93000030517578,2021-06-07 00:00:00-04:00
127.0,2021-06-08 00:00:00-04:00
125.5199966430664,2021-06-09 00:00:00-04:00
123.19999694824219,2021-06-10 00:00:00-04:00
121.97000122070312,2021-06-11 00:00:00-04:00
121.61000061035156,2021-06-14 00:00:00-04:00
121.91000366210938,2021-06-15 00:00:00-04:00
122.81999969482422,2021-06-16 00:00:00-04:00
125.79000091552734,2021-06-17 00:00:00-04:00
125.02999877929688,2021-06-18 00:00:00-04:00
120.77999877929688,2021-06-21 00:00:00-04:00
118.30000305175781,2021-06-22 00:00:00-04:00
121.61000061035156,2021-06-23 00:00:00-04:00
127.72000122070312,2021-06-24 00:00:00-04:00
127.5999984741211,2021-06-25 00:00:00-04:00
124.91000366210938,2021-06-28 00:00:00-04:00
133.5500030517578,2021-06-29 00:00:00-04:00
127.0199966430664,2021-06-30 00:00:00-04:00
121.83999633789062,2021-07-01 00:00:00-04:00
119.19999694824219,2021-07-02 00:00:00-04:00
113.0999984741211,2021-07-06 00:00:00-04:00
110.29000091552734,2021-07-07 00:00:00-04:00
108.7699966430664,2021-07-08 00:00:00-04:00
111.06999969482422,2021-07-09 00:00:00-04:00
110.5199966430664,2021-07-12 00:00:00-04:00
112.06999969482422,2021-07-13 00:00:00-04:00
108.94000244140625,2021-07-14 00:00:00-04:00
110.73999786376953,2021-07-15 00:00:00-04:00
107.44999694824219,2021-07-16 00:00:00-04:00
104.69000244140625,2021-07-19 00:00:00-04:00
102.25,2021-07-20 00:00:00-04:00
104.5199966430664,2021-07-21 00:00:00-04:00
104.95999908447266,2021-07-22 00:00:00-04:00
97.30999755859375,2021-07-23 00:00:00-04:00
88.70999908447266,2021-07-26 00:00:00-04:00
79.52999877929688,2021-07-27 00:00:00-04:00
91.88999938964844,2021-07-28 00:00:00-04:00
92.0999984741211,2021-07-29 00:00:00-04:00
91.61000061035156,2021-07-30 00:00:00-04:00
91.4800033569336,2021-08-02 00:00:00-04:00
88.91000366210938,2021-08-03 00:00:00-04:00
89.27999877929688,2021-08-04 00:00:00-04:00
88.73999786376953,2021-08-05 00:00:00-04:00
87.45999908447266,2021-08-06 00:00:00-04:00
92.70999908447266,2021-08-09 00:00:00-04:00
91.58999633789062,2021-08-10 00:00:00-04:00
89.61000061035156,2021-08-11 00:00:00-04:00
87.41999816894531,2021-08-12 00:00:00-04:00
84.37999725341797,2021-08-13 00:00:00-04:00
82.22000122070312,2021-08-16 00:00:00-04:00
79.44999694824219,2021-08-17 00:00:00-04:00
80.95999908447266,2021-08-18 00:00:00-04:00
74.69000244140625,2021-08-19 00:00:00-04:00
77.29000091552734,2021-08-20 00:00:00-04:00
81.08000183105469,2021-08-23 00:00:00-04:00
99.12000274658203,2021-08-24 00:00:00-04:00
97.83999633789062,2021-08-25 00:00:00-04:00
95.86000061035156,2021-08-26 00:00:00-04:00
94.62999725341797,2021-08-27 00:00:00-04:00
94.9800033569336,2021-08-30 00:00:00-04:00
100.0199966430664,2021-08-31 00:00:00-04:00
106.83000183105469,2021-09-01 00:00:00-04:00
102.76000213623047,2021-09-02 00:00:00-04:00
102.2300033569336,2021-09-03 00:00:00-04:00
107.73999786376953,2021-09-07 00:00:00-04:00
104.72000122070312,2021-09-08 00:00:00-04:00
104.27999877929688,2021-09-09 00:00:00-04:00
103.75,2021-09-10 00:00:00-04:00
104.16000366210938,2021-09-13 00:00:00-04:00
101.77999877929688,2021-09-14 00:00:00-04:00
99.30000305175781,2021-09-15 00:00:00-04:00
99.88999938964844,2021-09-16 00:00:00-04:00
100.7300033569336,2021-09-17 00:00:00-04:00
94.18000030517578,2021-09-20 00:00:00-04:00
95.0999984741211,2021-09-21 00:00:00-04:00
97.5999984741211,2021-09-22 00:00:00-04:00
98.27999877929688,2021-09-23 00:00:00-04:00
94.55000305175781,2021-09-24 00:00:00-04:00
96.31999969482422,2021-09-27 00:00:00-04:00
89.0,2021-09-28 00:00:00-04:00
89.05999755859375,2021-09-29 00:00:00-04:00
90.66999816894531,2021-09-30 00:00:00-04:00
88.1500015258789,2021-10-01 00:00:00-04:00
85.08000183105469,2021-10-04 00:00:00-04:00
87.41999816894531,2021-10-05 00:00:00-04:00
89.31999969482422,2021-10-06 00:00:00-04:00
94.94999694824219,2021-10-07 00:00:00-04:00
96.22000122070312,2021-10-08 00:00:00-04:00
94.83000183105469,2021-10-11 00:00:00-04:00
93.5199966430664,2021-10-12 00:00:00-04:00
97.58000183105469,2021-10-13 00:00:00-04:00
94.02999877929688,2021-10-14 00:00:00-04:00
94.01000213623047,2021-10-15 00:00:00-04:00
97.0,2021-10-18 00:00:00-04:00
97.5199966430664,2021-10-19 00:00:00-04:00
99.4000015258789,2021-10-20 00:00:00-04:00
97.1500015258789,2021-10-21 00:00:00-04:00
99.05000305175781,2021-10-22 00:00:00-04:00
100.63999938964844,2021-10-25 00:00:00-04:00
93.19000244140625,2021-10-26 00:00:00-04:00
92.29000091552734,2021-10-27 00:00:00-04:00
92.44999694824219,2021-10-28 00:00:00-04:00
88.91999816894531,2021-10-29 00:00:00-04:00
93.4800033569336,2021-11-01 00:00:00-04:00
92.27999877929688,2021-11-02 00:00:00-04:00
92.38999938964844,2021-11-03 00:00:00-04:00
86.66999816894531,2021-11-04 00:00:00-04:00
83.66999816894531,2021-11-05 00:00:00-04:00
83.23999786376953,2021-11-08 00:00:00-05:00
83.23999786376953,2021-11-09 00:00:00-05:00
86.51000213623047,2021-11-10 00:00:00-05:00
92.87000274658203,2021-11-11 00:00:00-05:00
95.0,2021-11-12 00:00:00-05:00
91.37000274658203,2021-11-15 00:00:00-05:00
93.95999908447266,2021-11-16 00:00:00-05:00
89.7699966430664,2021-11-17 00:00:00-05:00
85.08000183105469,2021-11-18 00:00:00-05:00
81.87000274658203,2021-11-19 00:00:00-05:00
79.5199966430664,2021-11-22 00:00:00-05:00
79.2699966430664,2021-11-23 00:00:00-05:00
81.36000061035156,2021-11-24 00:00:00-05:00
68.45999908447266,2021-11-26 00:00:00-05:00
71.95999908447266,2021-11-29 00:00:00-05:00
66.5,2021-11-30 00:00:00-05:00
62.11000061035156,2021-12-01 00:00:00-05:00
59.279998779296875,2021-12-02 00:00:00-05:00
54.439998626708984,2021-12-03 00:00:00-05:00
56.0099983215332,2021-12-06 00:00:00-05:00
63.029998779296875,2021-12-07 00:00:00-05:00
62.43000030517578,2021-12-08 00:00:00-05:00
62.18000030517578,2021-12-09 00:00:00-05:00
63.619998931884766,2021-12-10 00:00:00-05:00
61.61000061035156,2021-12-13 00:00:00-05:00
61.619998931884766,2021-12-14 00:00:00-05:00
59.130001068115234,2021-12-15 00:00:00-05:00
57.09000015258789,2021-12-16 00:00:00-05:00
58.060001373291016,2021-12-17 00:00:00-05:00
54.779998779296875,2021-12-20 00:00:00-05:00
59.310001373291016,2021-12-21 00:00:00-05:00
58.439998626708984,2021-12-22 00:00:00-05:00
57.709999084472656,2021-12-23 00:00:00-05:00
56.959999084472656,2021-12-27 00:00:00-05:00
56.040000915527344,2021-12-28 00:00:00-05:00
54.0099983215332,2021-12-29 00:00:00-05:00
59.45000076293945,2021-12-30 00:00:00-05:00
58.29999923706055,2021-12-31 00:00:00-05:00
56.099998474121094,2022-01-03 00:00:00-05:00
49.81999969482422,2022-01-04 00:00:00-05:00
48.529998779296875,2022-01-05 00:00:00-05:00
52.130001068115234,2022-01-06 00:00:00-05:00
55.900001525878906,2022-01-07 00:00:00-05:00
56.9900016784668,2022-01-10 00:00:00-05:00
60.02000045776367,2022-01-11 00:00:00-05:00
60.380001068115234,2022-01-12 00:00:00-05:00
57.619998931884766,2022-01-13 00:00:00-05:00
60.40999984741211,2022-01-14 00:00:00-05:00
61.529998779296875,2022-01-18 00:00:00-05:00
64.3499984741211,2022-01-19 00:00:00-05:00
66.12000274658203,2022-01-20 00:00:00-05:00
62.40999984741211,2022-01-21 00:00:00-05:00
60.52000045776367,2022-01-24 00:00:00-05:00
59.5,2022-01-25 00:00:00-05:00
54.08000183105469,2022-01-26 00:00:00-05:00
50.83000183105469,2022-01-27 00:00:00-05:00
53.04999923706055,2022-01-28 00:00:00-05:00
59.84000015258789,2022-01-31 00:00:00-05:00
59.599998474121094,2022-02-01 00:00:00-05:00
57.790000915527344,2022-02-02 00:00:00-05:00
55.130001068115234,2022-02-03 00:00:00-05:00
55.849998474121094,2022-02-04 00:00:00-05:00
53.33000183105469,2022-02-07 00:00:00-05:00
60.15999984741211,2022-02-08 00:00:00-05:00
62.279998779296875,2022-02-09 00:00:00-05:00
63.20000076293945,2022-02-10 00:00:00-05:00
60.0,2022-02-11 00:00:00-05:00
59.15999984741211,2022-02-14 00:00:00-05:00
61.22999954223633,2022-02-15 00:00:00-05:00
60.20000076293945,2022-02-16 00:00:00-05:00
59.63999938964844,2022-02-17 00:00:00-05:00
56.029998779296875,2022-02-18 00:00:00-05:00
54.400001525878906,2022-02-22 00:00:00-05:00
51.81999969482422,2022-02-23 00:00:00-05:00
51.060001373291016,2022-02-24 00:00:00-05:00
51.650001525878906,2022-02-25 00:00:00-05:00
51.86000061035156,2022-02-28 00:00:00-05:00
50.97999954223633,2022-03-01 00:00:00-05:00
48.77000045776367,2022-03-02 00:00:00-05:00
45.220001220703125,2022-03-03 00:00:00-05:00
41.27000045776367,2022-03-04 00:00:00-05:00
38.61000061035156,2022-03-07 00:00:00-05:00
40.02000045776367,2022-03-08 00:00:00-05:00
43.34000015258789,2022-03-09 00:00:00-05:00
35.7599983215332,2022-03-10 00:00:00-05:00
32.130001068115234,2022-03-11 00:00:00-05:00
25.530000686645508,2022-03-14 00:00:00-04:00
27.309999465942383,2022-03-15 00:00:00-04:00
42.619998931884766,2022-03-16 00:00:00-04:00
39.369998931884766,2022-03-17 00:00:00-04:00
42.599998474121094,2022-03-18 00:00:00-04:00
39.9900016784668,2022-03-21 00:00:00-04:00
47.529998779296875,2022-03-22 00:00:00-04:00
49.400001525878906,2022-03-23 00:00:00-04:00
44.939998626708984,2022-03-24 00:00:00-04:00
44.2400016784668,2022-03-25 00:00:00-04:00
43.66999816894531,2022-03-28 00:00:00-04:00
44.29999923706055,2022-03-29 00:00:00-04:00
43.7599983215332,2022-03-30 00:00:00-04:00
40.11000061035156,2022-03-31 00:00:00-04:00
42.650001525878906,2022-04-01 00:00:00-04:00
49.29999923706055,2022-04-04 00:00:00-04:00
46.81999969482422,2022-04-05 00:00:00-04:00
45.290000915527344,2022-04-06 00:00:00-04:00
42.369998931884766,2022-04-07 00:00:00-04:00
42.599998474121094,2022-04-08 00:00:00-04:00
42.220001220703125,2022-04-11 00:00:00-04:00
41.470001220703125,2022-04-12 00:00:00-04:00
43.90999984741211,2022-04-13 00:00:00-04:00
40.029998779296875,2022-04-14 00:00:00-04:00
40.0099983215332,2022-04-18 00:00:00-04:00
39.79999923706055,2022-04-19 00:00:00-04:00
37.310001373291016,2022-04-20 00:00:00-04:00
34.75,2022-04-21 00:00:00-04:00
34.72999954223633,2022-04-22 00:00:00-04:00
35.599998474121094,2022-04-25 00:00:00-04:00
34.84000015258789,2022-04-26 00:00:00-04:00
37.41999816894531,2022-04-27 00:00:00-04:00
37.95000076293945,2022-04-28 00:00:00-04:00
43.09000015258789,2022-04-29 00:00:00-04:00
44.65999984741211,2022-05-02 00:00:00-04:00
43.90999984741211,2022-05-03 00:00:00-04:00
45.349998474121094,2022-05-04 00:00:00-04:00
40.279998779296875,2022-05-05 00:00:00-04:00
38.189998626708984,2022-05-06 00:00:00-04:00
34.95000076293945,2022-05-09 00:00:00-04:00
35.560001373291016,2022-05-10 00:00:00-04:00
33.84000015258789,2022-05-11 00:00:00-04:00
34.22999954223633,2022-05-12 00:00:00-04:00
37.720001220703125,2022-05-13 00:00:00-04:00
37.84000015258789,2022-05-16 00:00:00-04:00
40.15999984741211,2022-05-17 00:00:00-04:00
38.59000015258789,2022-05-18 00:00:00-04:00
42.04999923706055,2022-05-19 00:00:00-04:00
40.900001525878906,2022-05-20 00:00:00-04:00
40.45000076293945,2022-05-23 00:00:00-04:00
36.959999084472656,2022-05-24 00:00:00-04:00
38.310001373291016,2022-05-25 00:00:00-04:00
41.93000030517578,2022-05-26 00:00:00-04:00
48.29999923706055,2022-05-27 00:00:00-04:00
50.349998474121094,2022-05-31 00:00:00-04:00
49.0,2022-06-01 00:00:00-04:00
52.66999816894531,2022-06-02 00:00:00-04:00
50.900001525878906,2022-06-03 00:00:00-04:00
53.75,2022-06-06 00:00:00-04:00
59.189998626708984,2022-06-07 00:00:00-04:00
64.94999694824219,2022-06-08 00:00:00-04:00
58.70000076293945,2022-06-09 00:00:00-04:00
59.95000076293945,2022-06-10 00:00:00-04:00
54.40999984741211,2022-06-13 00:00:00-04:00
60.91999816894531,2022-06-14 00:00:00-04:00
60.189998626708984,2022-06-15 00:00:00-04:00
58.7599983215332,2022-06-16 00:00:00-04:00
59.0,2022-06-17 00:00:00-04:00
63.04999923706055,2022-06-21 00:00:00-04:00
60.36000061035156,2022-06-22 00:00:00-04:00
64.2300033569336,2022-06-23 00:00:00-04:00
65.95999908447266,2022-06-24 00:00:00-04:00
64.73999786376953,2022-06-27 00:00:00-04:00
62.959999084472656,2022-06-28 00:00:00-04:00
63.06999969482422,2022-06-29 00:00:00-04:00
61.79999923706055,2022-06-30 00:00:00-04:00
64.81999969482422,2022-07-01 00:00:00-04:00
66.62000274658203,2022-07-05 00:00:00-04:00
61.689998626708984,2022-07-06 00:00:00-04:00
62.22999954223633,2022-07-07 00:00:00-04:00
60.79999923706055,2022-07-08 00:00:00-04:00
54.70000076293945,2022-07-11 00:00:00-04:00
56.209999084472656,2022-07-12 00:00:00-04:00
56.349998474121094,2022-07-13 00:00:00-04:00
54.70000076293945,2022-07-14 00:00:00-04:00
54.709999084472656,2022-07-15 00:00:00-04:00
55.119998931884766,2022-07-18 00:00:00-04:00
54.95000076293945,2022-07-19 00:00:00-04:00
53.43000030517578,2022-07-20 00:00:00-04:00
55.79999923706055,2022-07-21 00:00:00-04:00
54.380001068115234,2022-07-22 00:00:00-04:00
56.209999084472656,2022-07-25 00:00:00-04:00
55.15999984741211,2022-07-26 00:00:00-04:00
54.9900016784668,2022-07-27 00:00:00-04:00
50.90999984741211,2022-07-28 00:00:00-04:00
49.0099983215332,2022-07-29 00:00:00-04:00
47.689998626708984,2022-08-01 00:00:00-04:00
48.97999954223633,2022-08-02 00:00:00-04:00
49.650001525878906,2022-08-03 00:00:00-04:00
51.2599983215332,2022-08-04 00:00:00-04:00
50.25,2022-08-05 00:00:00-04:00
47.66999816894531,2022-08-08 00:00:00-04:00
47.33000183105469,2022-08-09 00:00:00-04:00
47.2599983215332,2022-08-10 00:00:00-04:00
49.619998931884766,2022-08-11 00:00:00-04:00
48.79999923706055,2022-08-12 00:00:00-04:00
51.130001068115234,2022-08-15 00:00:00-04:00
49.34000015258789,2022-08-16 00:00:00-04:00
47.5099983215332,2022-08-17 00:00:00-04:00
46.83000183105469,2022-08-18 00:00:00-04:00
45.7599983215332,2022-08-19 00:00:00-04:00
47.93000030517578,2022-08-22 00:00:00-04:00
50.5099983215332,2022-08-23 00:00:00-04:00
53.209999084472656,2022-08-24 00:00:00-04:00
59.83000183105469,2022-08-25 00:00:00-04:00
57.56999969482422,2022-08-26 00:00:00-04:00
66.04000091552734,2022-08-29 00:00:00-04:00
66.5,2022-08-30 00:00:00-04:00
71.30000305175781,2022-08-31 00:00:00-04:00
71.41999816894531,2022-09-01 00:00:00-04:00
72.19000244140625,2022-09-02 00:00:00-04:00
66.62000274658203,2022-09-06 00:00:00-04:00
68.41000366210938,2022-09-07 00:00:00-04:00
68.19000244140625,2022-09-08 00:00:00-04:00
69.76000213623047,2022-09-09 00:00:00-04:00
71.55999755859375,2022-09-12 00:00:00-04:00
67.81999969482422,2022-09-13 00:00:00-04:00
69.87000274658203,2022-09-14 00:00:00-04:00
68.44000244140625,2022-09-15 00:00:00-04:00
65.66999816894531,2022-09-16 00:00:00-04:00
65.79000091552734,2022-09-19 00:00:00-04:00
66.0999984741211,2022-09-20 00:00:00-04:00
62.4900016784668,2022-09-21 00:00:00-04:00
63.459999084472656,2022-09-22 00:00:00-04:00
60.04999923706055,2022-09-23 00:00:00-04:00
60.65999984741211,2022-09-26 00:00:00-04:00
60.9900016784668,2022-09-27 00:00:00-04:00
62.97999954223633,2022-09-28 00:00:00-04:00
60.77000045776367,2022-09-29 00:00:00-04:00
62.58000183105469,2022-09-30 00:00:00-04:00
62.650001525878906,2022-10-03 00:00:00-04:00
66.47000122070312,2022-10-04 00:00:00-04:00
66.16999816894531,2022-10-05 00:00:00-04:00
65.26000213623047,2022-10-06 00:00:00-04:00
63.560001373291016,2022-10-07 00:00:00-04:00
58.2599983215332,2022-10-10 00:00:00-04:00
55.709999084472656,2022-10-11 00:00:00-04:00
55.939998626708984,2022-10-12 00:00:00-04:00
55.369998931884766,2022-10-13 00:00:00-04:00
52.91999816894531,2022-10-14 00:00:00-04:00
55.47999954223633,2022-10-17 00:00:00-04:00
58.369998931884766,2022-10-18 00:00:00-04:00
54.4900016784668,2022-10-19 00:00:00-04:00
55.88999938964844,2022-10-20 00:00:00-04:00
58.970001220703125,2022-10-21 00:00:00-04:00
44.459999084472656,2022-10-24 00:00:00-04:00
47.529998779296875,2022-10-25 00:00:00-04:00
53.09000015258789,2022-10-26 00:00:00-04:00
53.11000061035156,2022-10-27 00:00:00-04:00
52.95000076293945,2022-10-28 00:00:00-04:00
54.83000183105469,2022-10-31 00:00:00-04:00
53.88999938964844,2022-11-01 00:00:00-04:00
53.61000061035156,2022-11-02 00:00:00-04:00
56.970001220703125,2022-11-03 00:00:00-04:00
61.88999938964844,2022-11-04 00:00:00-04:00
61.720001220703125,2022-11-07 00:00:00-05:00
62.91999816894531,2022-11-08 00:00:00-05:00
59.15999984741211,2022-11-09 00:00:00-05:00
64.05000305175781,2022-11-10 00:00:00-05:00
65.18000030517578,2022-11-11 00:00:00-05:00
65.38999938964844,2022-11-14 00:00:00-05:00
70.97000122070312,2022-11-15 00:00:00-05:00
67.55999755859375,2022-11-16 00:00:00-05:00
70.55000305175781,2022-11-17 00:00:00-05:00
70.1500015258789,2022-11-18 00:00:00-05:00
67.62000274658203,2022-11-21 00:00:00-05:00
66.76000213623047,2022-11-22 00:00:00-05:00
66.70999908447266,2022-11-23 00:00:00-05:00
65.75,2022-11-25 00:00:00-05:00
74.05000305175781,2022-11-28 00:00:00-05:00
78.43000030517578,2022-11-29 00:00:00-05:00
82.04000091552734,2022-11-30 00:00:00-05:00
83.73999786376953,2022-12-01 00:00:00-05:00
86.33999633789062,2022-12-02 00:00:00-05:00
87.80000305175781,2022-12-05 00:00:00-05:00
86.91000366210938,2022-12-06 00:00:00-05:00
85.81999969482422,2022-12-07 00:00:00-05:00
91.11000061035156,2022-12-08 00:00:00-05:00
89.70999908447266,2022-12-09 00:00:00-05:00
86.06999969482422,2022-12-12 00:00:00-05:00
88.73999786376953,2022-12-13 00:00:00-05:00
90.01000213623047,2022-12-14 00:00:00-05:00
87.1500015258789,2022-12-15 00:00:00-05:00
87.02999877929688,2022-12-16 00:00:00-05:00
86.94999694824219,2022-12-19 00:00:00-05:00
85.6500015258789,2022-12-20 00:00:00-05:00
85.93000030517578,2022-12-21 00:00:00-05:00
85.48999786376953,2022-12-22 00:00:00-05:00
84.02999877929688,2022-12-23 00:00:00-05:00
85.19999694824219,2022-12-27 00:00:00-05:00
81.41999816894531,2022-12-28 00:00:00-05:00
82.41000366210938,2022-12-29 00:00:00-05:00
81.55000305175781,2022-12-30 00:00:00-05:00
84.52999877929688,2023-01-03 00:00:00-05:00
91.05999755859375,2023-01-04 00:00:00-05:00
95.43000030517578,2023-01-05 00:00:00-05:00
95.95999908447266,2023-01-06 00:00:00-05:00
95.5199966430664,2023-01-09 00:00:00-05:00
94.08999633789062,2023-01-10 00:00:00-05:00
93.0199966430664,2023-01-11 00:00:00-05:00
93.45999908447266,2023-01-12 00:00:00-05:00
97.0,2023-01-13 00:00:00-05:00
94.8499984741211,2023-01-17 00:00:00-05:00
89.55000305175781,2023-01-18 00:00:00-05:00
90.22000122070312,2023-01-19 00:00:00-05:00
92.83999633789062,2023-01-20 00:00:00-05:00
95.30000305175781,2023-01-23 00:00:00-05:00
96.30999755859375,2023-01-24 00:00:00-05:00
96.48999786376953,2023-01-25 00:00:00-05:00
104.66000366210938,2023-01-26 00:00:00-05:00
104.68000030517578,2023-01-27 00:00:00-05:00
97.1500015258789,2023-01-30 00:00:00-05:00
97.9800033569336,2023-01-31 00:00:00-05:00
102.9800033569336,2023-02-01 00:00:00-05:00
99.61000061035156,2023-02-02 00:00:00-05:00
95.6500015258789,2023-02-03 00:00:00-05:00
93.80999755859375,2023-02-06 00:00:00-05:00
94.44999694824219,2023-02-07 00:00:00-05:00
92.43000030517578,2023-02-08 00:00:00-05:00
93.87999725341797,2023-02-09 00:00:00-05:00
92.44999694824219,2023-02-10 00:00:00-05:00
96.0999984741211,2023-02-13 00:00:00-05:00
95.88999938964844,2023-02-14 00:00:00-05:00
94.45999908447266,2023-02-15 00:00:00-05:00
96.79000091552734,2023-02-16 00:00:00-05:00
93.41999816894531,2023-02-17 00:00:00-05:00
84.51000213623047,2023-02-21 00:00:00-05:00
83.41999816894531,2023-02-22 00:00:00-05:00
86.11000061035156,2023-02-23 00:00:00-05:00
83.72000122070312,2023-02-24 00:00:00-05:00
86.0,2023-02-27 00:00:00-05:00
87.7300033569336,2023-02-28 00:00:00-05:00
91.04000091552734,2023-03-01 00:00:00-05:00
95.76000213623047,2023-03-02 00:00:00-05:00
95.69000244140625,2023-03-03 00:00:00-05:00
93.77999877929688,2023-03-06 00:00:00-05:00
93.66999816894531,2023-03-07 00:00:00-05:00
93.02999877929688,2023-03-08 00:00:00-05:00
85.6500015258789,2023-03-09 00:00:00-05:00
85.7300033569336,2023-03-10 00:00:00-05:00
91.16999816894531,2023-03-13 00:00:00-04:00
92.7300033569336,2023-03-14 00:00:00-04:00
91.20999908447266,2023-03-15 00:00:00-04:00
94.5199966430664,2023-03-16 00:00:00-04:00
91.94000244140625,2023-03-17 00:00:00-04:00
78.91000366210938,2023-03-20 00:00:00-04:00
78.93000030517578,2023-03-21 00:00:00-04:00
75.58000183105469,2023-03-22 00:00:00-04:00
77.44999694824219,2023-03-23 00:00:00-04:00
73.95999908447266,2023-03-24 00:00:00-04:00
71.68000030517578,2023-03-27 00:00:00-04:00
72.83999633789062,2023-03-28 00:00:00-04:00
72.86000061035156,2023-03-29 00:00:00-04:00
76.44000244140625,2023-03-30 00:00:00-04:00
75.9000015258789,2023-03-31 00:00:00-04:00
74.83999633789062,2023-04-03 00:00:00-04:00
73.19999694824219,2023-04-04 00:00:00-04:00
72.31999969482422,2023-04-05 00:00:00-04:00
72.02999877929688,2023-04-06 00:00:00-04:00
71.30999755859375,2023-04-10 00:00:00-04:00
70.70999908447266,2023-04-11 00:00:00-04:00
67.0199966430664,2023-04-12 00:00:00-04:00
68.52999877929688,2023-04-13 00:00:00-04:00
67.68000030517578,2023-04-14 00:00:00-04:00
68.94999694824219,2023-04-17 00:00:00-04:00
70.26000213623047,2023-04-18 00:00:00-04:00
70.08999633789062,2023-04-19 00:00:00-04:00
69.69000244140625,2023-04-20 00:00:00-04:00
69.2300033569336,2023-04-21 00:00:00-04:00
66.75,2023-04-24 00:00:00-04:00
64.58000183105469,2023-04-25 00:00:00-04:00
65.1500015258789,2023-04-26 00:00:00-04:00
66.12000274658203,2023-04-27 00:00:00-04:00
68.1500015258789,2023-04-28 00:00:00-04:00
68.58999633789062,2023-05-01 00:00:00-04:00
64.19000244140625,2023-05-02 00:00:00-04:00
63.52000045776367,2023-05-03 00:00:00-04:00
64.13999938964844,2023-05-04 00:00:00-04:00
63.060001373291016,2023-05-05 00:00:00-04:00
61.959999084472656,2023-05-08 00:00:00-04:00
61.40999984741211,2023-05-09 00:00:00-04:00
60.880001068115234,2023-05-10 00:00:00-04:00
65.16999816894531,2023-05-11 00:00:00-04:00
63.31999969482422,2023-05-12 00:00:00-04:00
66.06999969482422,2023-05-15 00:00:00-04:00
66.01000213623047,2023-05-16 00:00:00-04:00
66.44999694824219,2023-05-17 00:00:00-04:00
61.599998474121094,2023-05-18 00:00:00-04:00
60.529998779296875,2023-05-19 00:00:00-04:00
63.040000915527344,2023-05-22 00:00:00-04:00
61.93000030517578,2023-05-23 00:00:00-04:00
60.939998626708984,2023-05-24 00:00:00-04:00
60.02000045776367,2023-05-25 00:00:00-04:00
71.41999816894531,2023-05-26 00:00:00-04:00
67.62999725341797,2023-05-30 00:00:00-04:00
65.31999969482422,2023-05-31 00:00:00-04:00
69.08999633789062,2023-06-01 00:00:00-04:00
69.54000091552734,2023-06-02 00:00:00-04:00
68.05999755859375,2023-06-05 00:00:00-04:00
72.80999755859375,2023-06-06 00:00:00-04:00
72.5,2023-06-07 00:00:00-04:00
74.93000030517578,2023-06-08 00:00:00-04:00
76.0999984741211,2023-06-09 00:00:00-04:00
76.08999633789062,2023-06-12 00:00:00-04:00
77.45999908447266,2023-06-13 00:00:00-04:00
78.66999816894531,2023-06-14 00:00:00-04:00
80.81999969482422,2023-06-15 00:00:00-04:00
79.87000274658203,2023-06-16 00:00:00-04:00
74.31999969482422,2023-06-20 00:00:00-04:00
73.02999877929688,2023-06-21 00:00:00-04:00
72.88999938964844,2023-06-22 00:00:00-04:00
69.80000305175781,2023-06-23 00:00:00-04:00
69.58000183105469,2023-06-26 00:00:00-04:00
71.68000030517578,2023-06-27 00:00:00-04:00
70.20999908447266,2023-06-28 00:00:00-04:00
68.9000015258789,2023-06-29 00:00:00-04:00
69.13999938964844,2023-06-30 00:00:00-04:00
71.29000091552734,2023-07-03 00:00:00-04:00
71.83999633789062,2023-07-05 00:00:00-04:00
67.69000244140625,2023-07-06 00:00:00-04:00
70.0,2023-07-07 00:00:00-04:00
70.13999938964844,2023-07-10 00:00:00-04:00
71.04000091552734,2023-07-11 00:00:00-04:00
75.33999633789062,2023-07-12 00:00:00-04:00
80.93000030517578,2023-07-13 00:00:00-04:00
79.48999786376953,2023-07-14 00:00:00-04:00
79.0999984741211,2023-07-17 00:00:00-04:00
75.66999816894531,2023-07-18 00:00:00-04:00
75.2300033569336,2023-07-19 00:00:00-04:00
74.87999725341797,2023-07-20 00:00:00-04:00
75.97000122070312,2023-07-21 00:00:00-04:00
78.8499984741211,2023-07-24 00:00:00-04:00
82.98999786376953,2023-07-25 00:00:00-04:00
84.11000061035156,2023-07-26 00:00:00-04:00
84.52999877929688,2023-07-27 00:00:00-04:00
89.3499984741211,2023-07-28 00:00:00-04:00
89.81999969482422,2023-07-31 00:00:00-04:00
90.08999633789062,2023-08-01 00:00:00-04:00
84.01000213623047,2023-08-02 00:00:00-04:00
88.80999755859375,2023-08-03 00:00:00-04:00
87.5199966430664,2023-08-04 00:00:00-04:00
85.5999984741211,2023-08-07 00:00:00-04:00
83.72000122070312,2023-08-08 00:00:00-04:00
83.4800033569336,2023-08-09 00:00:00-04:00
84.72000122070312,2023-08-10 00:00:00-04:00
81.55000305175781,2023-08-11 00:00:00-04:00
81.44999694824219,2023-08-14 00:00:00-04:00
78.83999633789062,2023-08-15 00:00:00-04:00
79.0199966430664,2023-08-16 00:00:00-04:00
79.66000366210938,2023-08-17 00:00:00-04:00
76.9800033569336,2023-08-18 00:00:00-04:00
78.05999755859375,2023-08-21 00:00:00-04:00
77.48999786376953,2023-08-22 00:00:00-04:00
77.91999816894531,2023-08-23 00:00:00-04:00
78.2699966430664,2023-08-24 00:00:00-04:00
79.91000366210938,2023-08-25 00:00:00-04:00
80.76000213623047,2023-08-28 00:00:00-04:00
93.22000122070312,2023-08-29 00:00:00-04:00
98.13999938964844,2023-08-30 00:00:00-04:00
98.97000122070312,2023-08-31 00:00:00-04:00
103.29000091552734,2023-09-01 00:00:00-04:00
101.05999755859375,2023-09-05 00:00:00-04:00
101.58999633789062,2023-09-06 00:00:00-04:00
96.61000061035156,2023-09-07 00:00:00-04:00
95.33999633789062,2023-09-08 00:00:00-04:00
97.4000015258789,2023-09-11 00:00:00-04:00
98.87999725341797,2023-09-12 00:00:00-04:00
98.26000213623047,2023-09-13 00:00:00-04:00
99.06999969482422,2023-09-14 00:00:00-04:00
99.45999908447266,2023-09-15 00:00:00-04:00
99.80999755859375,2023-09-18 00:00:00-04:00
98.3499984741211,2023-09-19 00:00:00-04:00
94.4800033569336,2023-09-20 00:00:00-04:00
92.16999816894531,2023-09-21 00:00:00-04:00
95.93000030517578,2023-09-22 00:00:00-04:00
96.69000244140625,2023-09-25 00:00:00-04:00
93.93000030517578,2023-09-26 00:00:00-04:00
95.0,2023-09-27 00:00:00-04:00
95.61000061035156,2023-09-28 00:00:00-04:00
98.06999969482422,2023-09-29 00:00:00-04:00
99.66999816894531,2023-10-02 00:00:00-04:00
97.9000015258789,2023-10-03 00:00:00-04:00
98.16000366210938,2023-10-04 00:00:00-04:00
98.36000061035156,2023-10-05 00:00:00-04:00
105.63999938964844,2023-10-06 00:00:00-04:00
106.95999908447266,2023-10-09 00:00:00-04:00
109.55000305175781,2023-10-10 00:00:00-04:00
110.06999969482422,2023-10-11 00:00:00-04:00
106.9000015258789,2023-10-12 00:00:00-04:00
106.0999984741211,2023-10-13 00:00:00-04:00
105.31999969482422,2023-10-16 00:00:00-04:00
104.8499984741211,2023-10-17 00:00:00-04:00
105.33000183105469,2023-10-18 00:00:00-04:00
104.06999969482422,2023-10-19 00:00:00-04:00
102.77999877929688,2023-10-20 00:00:00-04:00
104.19000244140625,2023-10-23 00:00:00-04:00
108.33999633789062,2023-10-24 00:00:00-04:00
107.48999786376953,2023-10-25 00:00:00-04:00
107.58000183105469,2023-10-26 00:00:00-04:00
108.27999877929688,2023-10-27 00:00:00-04:00
104.26000213623047,2023-10-30 00:00:00-04:00
101.41999816894531,2023-10-31 00:00:00-04:00
102.93000030517578,2023-11-01 00:00:00-04:00
101.30999755859375,2023-11-02 00:00:00-04:00
106.41999816894531,2023-11-03 00:00:00-04:00
107.12999725341797,2023-11-06 00:00:00-05:00
109.37000274658203,2023-11-07 00:00:00-05:00
109.6500015258789,2023-11-08 00:00:00-05:00
108.33000183105469,2023-11-09 00:00:00-05:00
109.04000091552734,2023-11-10 00:00:00-05:00
109.2300033569336,2023-11-13 00:00:00-05:00
111.0,2023-11-14 00:00:00-05:00
114.41999816894531,2023-11-15 00:00:00-05:00
113.05000305175781,2023-11-16 00:00:00-05:00
115.1500015258789,2023-11-17 00:00:00-05:00
118.77999877929688,2023-11-20 00:00:00-05:00
117.33999633789062,2023-11-21 00:00:00-05:00
117.44000244140625,2023-11-22 00:00:00-05:00
118.69999694824219,2023-11-24 00:00:00-05:00
117.72000122070312,2023-11-27 00:00:00-05:00
139.0,2023-11-28 00:00:00-05:00
141.72999572753906,2023-11-29 00:00:00-05:00
147.44000244140625,2023-11-30 00:00:00-05:00
145.27000427246094,2023-12-01 00:00:00-05:00
142.8300018310547,2023-12-04 00:00:00-05:00
143.4600067138672,2023-12-05 00:00:00-05:00
141.99000549316406,2023-12-06 00:00:00-05:00
140.2899932861328,2023-12-07 00:00:00-05:00
138.9600067138672,2023-12-08 00:00:00-05:00
143.00999450683594,2023-12-11 00:00:00-05:00
147.17999267578125,2023-12-12 00:00:00-05:00
146.41000366210938,2023-12-13 00:00:00-05:00
146.41000366210938,2023-12-14 00:00:00-05:00
148.35000610351562,2023-12-15 00:00:00-05:00
148.41000366210938,2023-12-18 00:00:00-05:00
150.08999633789062,2023-12-19 00:00:00-05:00
146.42999267578125,2023-12-20 00:00:00-05:00
146.72000122070312,2023-12-21 00:00:00-05:00
144.47999572753906,2023-12-22 00:00:00-05:00
145.22000122070312,2023-12-26 00:00:00-05:00
144.4499969482422,2023-12-27 00:00:00-05:00
145.35000610351562,2023-12-28 00:00:00-05:00
146.30999755859375,2023-12-29 00:00:00-05:00
145.63999938964844,2024-01-02 00:00:00-05:00
148.9499969482422,2024-01-03 00:00:00-05:00
147.74000549316406,2024-01-04 00:00:00-05:00
146.52999877929688,2024-01-05 00:00:00-05:00
147.5500030517578,2024-01-08 00:00:00-05:00
150.47999572753906,2024-01-09 00:00:00-05:00
149.19000244140625,2024-01-10 00:00:00-05:00
151.3300018310547,2024-01-11 00:00:00-05:00
148.6300048828125,2024-01-12 00:00:00-05:00
143.16000366210938,2024-01-16 00:00:00-05:00
142.14999389648438,2024-01-17 00:00:00-05:00
142.05999755859375,2024-01-18 00:00:00-05:00
143.63999938964844,2024-01-19 00:00:00-05:00
141.3699951171875,2024-01-22 00:00:00-05:00
140.89999389648438,2024-01-23 00:00:00-05:00
144.5,2024-01-24 00:00:00-05:00
144.42999267578125,2024-01-25 00:00:00-05:00
141.77000427246094,2024-01-26 00:00:00-05:00
130.14999389648438,2024-01-29 00:00:00-05:00
125.27999877929688,2024-01-30 00:00:00-05:00
126.87000274658203,2024-01-31 00:00:00-05:00
126.58999633789062,2024-02-01 00:00:00-05:00
124.58999633789062,2024-02-02 00:00:00-05:00
121.13999938964844,2024-02-05 00:00:00-05:00
125.77999877929688,2024-02-06 00:00:00-05:00
128.77999877929688,2024-02-07 00:00:00-05:00
126.66000366210938,2024-02-08 00:00:00-05:00
127.4800033569336,2024-02-09 00:00:00-05:00
131.57000732421875,2024-02-12 00:00:00-05:00
129.0399932861328,2024-02-13 00:00:00-05:00
132.00999450683594,2024-02-14 00:00:00-05:00
135.32000732421875,2024-02-15 00:00:00-05:00
135.25999450683594,2024-02-16 00:00:00-05:00
131.3000030517578,2024-02-20 00:00:00-05:00
129.75999450683594,2024-02-21 00:00:00-05:00
131.6300048828125,2024-02-22 00:00:00-05:00
127.69000244140625,2024-02-23 00:00:00-05:00
126.4800033569336,2024-02-26 00:00:00-05:00
128.3300018310547,2024-02-27 00:00:00-05:00
125.01000213623047,2024-02-28 00:00:00-05:00
124.54000091552734,2024-02-29 00:00:00-05:00
126.8499984741211,2024-03-01 00:00:00-05:00
122.12000274658203,2024-03-04 00:00:00-05:00
121.33000183105469,2024-03-05 00:00:00-05:00
116.63999938964844,2024-03-06 00:00:00-05:00
117.13999938964844,2024-03-07 00:00:00-05:00
110.33999633789062,2024-03-08 00:00:00-05:00
111.88999938964844,2024-03-11 00:00:00-04:00
118.16000366210938,2024-03-12 00:00:00-04:00
122.36000061035156,2024-03-13 00:00:00-04:00
123.19999694824219,2024-03-14 00:00:00-04:00
123.73999786376953,2024-03-15 00:00:00-04:00
128.7100067138672,2024-03-18 00:00:00-04:00
127.68000030517578,2024-03-19 00:00:00-04:00
132.1699981689453,2024-03-20 00:00:00-04:00
122.30000305175781,2024-03-21 00:00:00-04:00
122.98999786376953,2024-03-22 00:00:00-04:00
119.87000274658203,2024-03-25 00:00:00-04:00
120.0999984741211,2024-03-26 00:00:00-04:00
116.66000366210938,2024-03-27 00:00:00-04:00
116.25,2024-03-28 00:00:00-04:00
119.16000366210938,2024-04-01 00:00:00-04:00
118.23999786376953,2024-04-02 00:00:00-04:00
119.5199966430664,2024-04-03 00:00:00-04:00
117.47000122070312,2024-04-04 00:00:00-04:00
117.87000274658203,2024-04-05 00:00:00-04:00
117.62000274658203,2024-04-08 00:00:00-04:00
121.0999984741211,2024-04-09 00:00:00-04:00
119.69999694824219,2024-04-10 00:00:00-04:00
121.12999725341797,2024-04-11 00:00:00-04:00
115.5,2024-04-12 00:00:00-04:00
114.29000091552734,2024-04-15 00:00:00-04:00
113.5199966430664,2024-04-16 00:00:00-04:00
113.43000030517578,2024-04-17 00:00:00-04:00
113.69999694824219,2024-04-18 00:00:00-04:00
113.48999786376953,2024-04-19 00:00:00-04:00
124.13999938964844,2024-04-22 00:00:00-04:00
128.02000427246094,2024-04-23 00:00:00-04:00
127.55000305175781,2024-04-24 00:00:00-04:00
125.79000091552734,2024-04-25 00:00:00-04:00
129.30999755859375,2024-04-26 00:00:00-04:00
126.81999969482422,2024-04-29 00:00:00-04:00
125.18000030517578,2024-04-30 00:00:00-04:00
124.16999816894531,2024-05-01 00:00:00-04:00
