PYPL,Date
36.709999084472656,2015-07-06 00:00:00-04:00
36.619998931884766,2015-07-07 00:00:00-04:00
34.70000076293945,2015-07-08 00:00:00-04:00
34.5,2015-07-09 00:00:00-04:00
34.689998626708984,2015-07-10 00:00:00-04:00
36.779998779296875,2015-07-13 00:00:00-04:00
36.93000030517578,2015-07-14 00:00:00-04:00
37.5099983215332,2015-07-15 00:00:00-04:00
38.630001068115234,2015-07-16 00:00:00-04:00
38.38999938964844,2015-07-17 00:00:00-04:00
40.470001220703125,2015-07-20 00:00:00-04:00
39.349998474121094,2015-07-21 00:00:00-04:00
38.38999938964844,2015-07-22 00:00:00-04:00
37.0099983215332,2015-07-23 00:00:00-04:00
37.0,2015-07-24 00:00:00-04:00
36.38999938964844,2015-07-27 00:00:00-04:00
37.599998474121094,2015-07-28 00:00:00-04:00
37.95000076293945,2015-07-29 00:00:00-04:00
38.45000076293945,2015-07-30 00:00:00-04:00
38.70000076293945,2015-07-31 00:00:00-04:00
39.38999938964844,2015-08-03 00:00:00-04:00
38.95000076293945,2015-08-04 00:00:00-04:00
39.27000045776367,2015-08-05 00:00:00-04:00
38.849998474121094,2015-08-06 00:00:00-04:00
39.130001068115234,2015-08-07 00:00:00-04:00
39.04999923706055,2015-08-10 00:00:00-04:00
38.849998474121094,2015-08-11 00:00:00-04:00
38.189998626708984,2015-08-12 00:00:00-04:00
37.619998931884766,2015-08-13 00:00:00-04:00
38.13999938964844,2015-08-14 00:00:00-04:00
38.72999954223633,2015-08-17 00:00:00-04:00
37.9900016784668,2015-08-18 00:00:00-04:00
37.189998626708984,2015-08-19 00:00:00-04:00
35.97999954223633,2015-08-20 00:00:00-04:00
34.25,2015-08-21 00:00:00-04:00
33.75,2015-08-24 00:00:00-04:00
32.70000076293945,2015-08-25 00:00:00-04:00
33.16999816894531,2015-08-26 00:00:00-04:00
34.619998931884766,2015-08-27 00:00:00-04:00
35.040000915527344,2015-08-28 00:00:00-04:00
35.0,2015-08-31 00:00:00-04:00
33.77000045776367,2015-09-01 00:00:00-04:00
35.06999969482422,2015-09-02 00:00:00-04:00
35.310001373291016,2015-09-03 00:00:00-04:00
34.290000915527344,2015-09-04 00:00:00-04:00
34.70000076293945,2015-09-08 00:00:00-04:00
34.369998931884766,2015-09-09 00:00:00-04:00
33.459999084472656,2015-09-10 00:00:00-04:00
33.54999923706055,2015-09-11 00:00:00-04:00
33.77000045776367,2015-09-14 00:00:00-04:00
33.79999923706055,2015-09-15 00:00:00-04:00
33.77000045776367,2015-09-16 00:00:00-04:00
33.31999969482422,2015-09-17 00:00:00-04:00
32.91999816894531,2015-09-18 00:00:00-04:00
34.25,2015-09-21 00:00:00-04:00
33.349998474121094,2015-09-22 00:00:00-04:00
34.15999984741211,2015-09-23 00:00:00-04:00
33.90999984741211,2015-09-24 00:00:00-04:00
33.77000045776367,2015-09-25 00:00:00-04:00
32.25,2015-09-28 00:00:00-04:00
30.6299991607666,2015-09-29 00:00:00-04:00
31.040000915527344,2015-09-30 00:00:00-04:00
31.479999542236328,2015-10-01 00:00:00-04:00
32.83000183105469,2015-10-02 00:00:00-04:00
32.66999816894531,2015-10-05 00:00:00-04:00
31.860000610351562,2015-10-06 00:00:00-04:00
32.380001068115234,2015-10-07 00:00:00-04:00
31.670000076293945,2015-10-08 00:00:00-04:00
32.060001373291016,2015-10-09 00:00:00-04:00
32.630001068115234,2015-10-12 00:00:00-04:00
33.220001220703125,2015-10-13 00:00:00-04:00
34.04999923706055,2015-10-14 00:00:00-04:00
34.619998931884766,2015-10-15 00:00:00-04:00
34.290000915527344,2015-10-16 00:00:00-04:00
34.84000015258789,2015-10-19 00:00:00-04:00
34.869998931884766,2015-10-20 00:00:00-04:00
33.83000183105469,2015-10-21 00:00:00-04:00
34.790000915527344,2015-10-22 00:00:00-04:00
34.9900016784668,2015-10-23 00:00:00-04:00
36.439998626708984,2015-10-26 00:00:00-04:00
35.939998626708984,2015-10-27 00:00:00-04:00
36.52000045776367,2015-10-28 00:00:00-04:00
35.90999984741211,2015-10-29 00:00:00-04:00
36.0099983215332,2015-10-30 00:00:00-04:00
36.9900016784668,2015-11-02 00:00:00-05:00
37.900001525878906,2015-11-03 00:00:00-05:00
37.599998474121094,2015-11-04 00:00:00-05:00
36.709999084472656,2015-11-05 00:00:00-05:00
36.2400016784668,2015-11-06 00:00:00-05:00
36.599998474121094,2015-11-09 00:00:00-05:00
37.0,2015-11-10 00:00:00-05:00
36.33000183105469,2015-11-11 00:00:00-05:00
35.56999969482422,2015-11-12 00:00:00-05:00
34.529998779296875,2015-11-13 00:00:00-05:00
35.61000061035156,2015-11-16 00:00:00-05:00
36.209999084472656,2015-11-17 00:00:00-05:00
36.220001220703125,2015-11-18 00:00:00-05:00
36.189998626708984,2015-11-19 00:00:00-05:00
36.36000061035156,2015-11-20 00:00:00-05:00
35.560001373291016,2015-11-23 00:00:00-05:00
35.119998931884766,2015-11-24 00:00:00-05:00
35.36000061035156,2015-11-25 00:00:00-05:00
35.18000030517578,2015-11-27 00:00:00-05:00
35.2599983215332,2015-11-30 00:00:00-05:00
35.16999816894531,2015-12-01 00:00:00-05:00
35.150001525878906,2015-12-02 00:00:00-05:00
34.22999954223633,2015-12-03 00:00:00-05:00
35.619998931884766,2015-12-04 00:00:00-05:00
35.15999984741211,2015-12-07 00:00:00-05:00
35.599998474121094,2015-12-08 00:00:00-05:00
35.06999969482422,2015-12-09 00:00:00-05:00
35.4900016784668,2015-12-10 00:00:00-05:00
34.689998626708984,2015-12-11 00:00:00-05:00
35.0099983215332,2015-12-14 00:00:00-05:00
36.31999969482422,2015-12-15 00:00:00-05:00
35.97999954223633,2015-12-16 00:00:00-05:00
35.540000915527344,2015-12-17 00:00:00-05:00
34.97999954223633,2015-12-18 00:00:00-05:00
36.08000183105469,2015-12-21 00:00:00-05:00
36.80500030517578,2015-12-22 00:00:00-05:00
37.11000061035156,2015-12-23 00:00:00-05:00
37.06999969482422,2015-12-24 00:00:00-05:00
36.61000061035156,2015-12-28 00:00:00-05:00
37.08000183105469,2015-12-29 00:00:00-05:00
36.47999954223633,2015-12-30 00:00:00-05:00
36.20000076293945,2015-12-31 00:00:00-05:00
34.75,2016-01-04 00:00:00-05:00
34.310001373291016,2016-01-05 00:00:00-05:00
33.97999954223633,2016-01-06 00:00:00-05:00
33.130001068115234,2016-01-07 00:00:00-05:00
32.689998626708984,2016-01-08 00:00:00-05:00
33.040000915527344,2016-01-11 00:00:00-05:00
33.08000183105469,2016-01-12 00:00:00-05:00
32.119998931884766,2016-01-13 00:00:00-05:00
32.869998931884766,2016-01-14 00:00:00-05:00
32.310001373291016,2016-01-15 00:00:00-05:00
32.20000076293945,2016-01-19 00:00:00-05:00
31.200000762939453,2016-01-20 00:00:00-05:00
31.200000762939453,2016-01-21 00:00:00-05:00
31.690000534057617,2016-01-22 00:00:00-05:00
31.469999313354492,2016-01-25 00:00:00-05:00
31.969999313354492,2016-01-26 00:00:00-05:00
31.59000015258789,2016-01-27 00:00:00-05:00
34.2400016784668,2016-01-28 00:00:00-05:00
36.13999938964844,2016-01-29 00:00:00-05:00
37.08000183105469,2016-02-01 00:00:00-05:00
36.83000183105469,2016-02-02 00:00:00-05:00
37.0099983215332,2016-02-03 00:00:00-05:00
37.16999816894531,2016-02-04 00:00:00-05:00
35.06999969482422,2016-02-05 00:00:00-05:00
33.61000061035156,2016-02-08 00:00:00-05:00
32.70000076293945,2016-02-09 00:00:00-05:00
32.900001525878906,2016-02-10 00:00:00-05:00
33.52000045776367,2016-02-11 00:00:00-05:00
34.29999923706055,2016-02-12 00:00:00-05:00
35.459999084472656,2016-02-16 00:00:00-05:00
36.36000061035156,2016-02-17 00:00:00-05:00
36.310001373291016,2016-02-18 00:00:00-05:00
35.7599983215332,2016-02-19 00:00:00-05:00
36.0,2016-02-22 00:00:00-05:00
35.47999954223633,2016-02-23 00:00:00-05:00
36.470001220703125,2016-02-24 00:00:00-05:00
36.7400016784668,2016-02-25 00:00:00-05:00
37.4900016784668,2016-02-26 00:00:00-05:00
38.13999938964844,2016-02-29 00:00:00-05:00
39.25,2016-03-01 00:00:00-05:00
39.15999984741211,2016-03-02 00:00:00-05:00
39.02000045776367,2016-03-03 00:00:00-05:00
39.040000915527344,2016-03-04 00:00:00-05:00
38.97999954223633,2016-03-07 00:00:00-05:00
38.15999984741211,2016-03-08 00:00:00-05:00
38.56999969482422,2016-03-09 00:00:00-05:00
38.4900016784668,2016-03-10 00:00:00-05:00
39.4900016784668,2016-03-11 00:00:00-05:00
39.380001068115234,2016-03-14 00:00:00-04:00
39.27000045776367,2016-03-15 00:00:00-04:00
39.84000015258789,2016-03-16 00:00:00-04:00
39.93000030517578,2016-03-17 00:00:00-04:00
39.40999984741211,2016-03-18 00:00:00-04:00
41.13999938964844,2016-03-21 00:00:00-04:00
41.31999969482422,2016-03-22 00:00:00-04:00
40.52000045776367,2016-03-23 00:00:00-04:00
38.91999816894531,2016-03-24 00:00:00-04:00
38.7400016784668,2016-03-28 00:00:00-04:00
39.529998779296875,2016-03-29 00:00:00-04:00
39.040000915527344,2016-03-30 00:00:00-04:00
38.599998474121094,2016-03-31 00:00:00-04:00
39.400001525878906,2016-04-01 00:00:00-04:00
38.790000915527344,2016-04-04 00:00:00-04:00
38.54999923706055,2016-04-05 00:00:00-04:00
39.15999984741211,2016-04-06 00:00:00-04:00
38.279998779296875,2016-04-07 00:00:00-04:00
38.40999984741211,2016-04-08 00:00:00-04:00
38.060001373291016,2016-04-11 00:00:00-04:00
37.79999923706055,2016-04-12 00:00:00-04:00
38.790000915527344,2016-04-13 00:00:00-04:00
38.63999938964844,2016-04-14 00:00:00-04:00
38.58000183105469,2016-04-15 00:00:00-04:00
39.63999938964844,2016-04-18 00:00:00-04:00
39.2400016784668,2016-04-19 00:00:00-04:00
40.08000183105469,2016-04-20 00:00:00-04:00
40.099998474121094,2016-04-21 00:00:00-04:00
40.310001373291016,2016-04-22 00:00:00-04:00
39.81999969482422,2016-04-25 00:00:00-04:00
39.72999954223633,2016-04-26 00:00:00-04:00
40.0099983215332,2016-04-27 00:00:00-04:00
40.06999969482422,2016-04-28 00:00:00-04:00
39.18000030517578,2016-04-29 00:00:00-04:00
39.02000045776367,2016-05-02 00:00:00-04:00
38.36000061035156,2016-05-03 00:00:00-04:00
38.310001373291016,2016-05-04 00:00:00-04:00
38.95000076293945,2016-05-05 00:00:00-04:00
39.47999954223633,2016-05-06 00:00:00-04:00
39.619998931884766,2016-05-09 00:00:00-04:00
40.11000061035156,2016-05-10 00:00:00-04:00
39.709999084472656,2016-05-11 00:00:00-04:00
39.5099983215332,2016-05-12 00:00:00-04:00
39.47999954223633,2016-05-13 00:00:00-04:00
39.29999923706055,2016-05-16 00:00:00-04:00
39.064998626708984,2016-05-17 00:00:00-04:00
38.97999954223633,2016-05-18 00:00:00-04:00
37.650001525878906,2016-05-19 00:00:00-04:00
37.529998779296875,2016-05-20 00:00:00-04:00
38.06999969482422,2016-05-23 00:00:00-04:00
38.91999816894531,2016-05-24 00:00:00-04:00
38.7599983215332,2016-05-25 00:00:00-04:00
38.06999969482422,2016-05-26 00:00:00-04:00
38.09000015258789,2016-05-27 00:00:00-04:00
37.790000915527344,2016-05-31 00:00:00-04:00
38.310001373291016,2016-06-01 00:00:00-04:00
38.560001373291016,2016-06-02 00:00:00-04:00
38.33000183105469,2016-06-03 00:00:00-04:00
38.099998474121094,2016-06-06 00:00:00-04:00
37.56999969482422,2016-06-07 00:00:00-04:00
37.54999923706055,2016-06-08 00:00:00-04:00
37.130001068115234,2016-06-09 00:00:00-04:00
36.77000045776367,2016-06-10 00:00:00-04:00
36.540000915527344,2016-06-13 00:00:00-04:00
37.15999984741211,2016-06-14 00:00:00-04:00
36.84000015258789,2016-06-15 00:00:00-04:00
36.970001220703125,2016-06-16 00:00:00-04:00
36.970001220703125,2016-06-17 00:00:00-04:00
36.86000061035156,2016-06-20 00:00:00-04:00
36.15999984741211,2016-06-21 00:00:00-04:00
36.0,2016-06-22 00:00:00-04:00
36.65999984741211,2016-06-23 00:00:00-04:00
35.08000183105469,2016-06-24 00:00:00-04:00
34.20000076293945,2016-06-27 00:00:00-04:00
35.2400016784668,2016-06-28 00:00:00-04:00
35.77000045776367,2016-06-29 00:00:00-04:00
36.5099983215332,2016-06-30 00:00:00-04:00
36.349998474121094,2016-07-01 00:00:00-04:00
36.119998931884766,2016-07-05 00:00:00-04:00
35.93000030517578,2016-07-06 00:00:00-04:00
36.31999969482422,2016-07-07 00:00:00-04:00
37.36000061035156,2016-07-08 00:00:00-04:00
38.150001525878906,2016-07-11 00:00:00-04:00
38.790000915527344,2016-07-12 00:00:00-04:00
39.279998779296875,2016-07-13 00:00:00-04:00
39.959999084472656,2016-07-14 00:00:00-04:00
39.09000015258789,2016-07-15 00:00:00-04:00
38.91999816894531,2016-07-18 00:00:00-04:00
39.369998931884766,2016-07-19 00:00:00-04:00
40.04999923706055,2016-07-20 00:00:00-04:00
40.130001068115234,2016-07-21 00:00:00-04:00
37.41999816894531,2016-07-22 00:00:00-04:00
37.779998779296875,2016-07-25 00:00:00-04:00
37.689998626708984,2016-07-26 00:00:00-04:00
37.220001220703125,2016-07-27 00:00:00-04:00
37.220001220703125,2016-07-28 00:00:00-04:00
37.2400016784668,2016-07-29 00:00:00-04:00
37.060001373291016,2016-08-01 00:00:00-04:00
36.540000915527344,2016-08-02 00:00:00-04:00
36.58000183105469,2016-08-03 00:00:00-04:00
37.29999923706055,2016-08-04 00:00:00-04:00
38.099998474121094,2016-08-05 00:00:00-04:00
37.90999984741211,2016-08-08 00:00:00-04:00
38.099998474121094,2016-08-09 00:00:00-04:00
38.06999969482422,2016-08-10 00:00:00-04:00
38.459999084472656,2016-08-11 00:00:00-04:00
38.5099983215332,2016-08-12 00:00:00-04:00
38.459999084472656,2016-08-15 00:00:00-04:00
38.380001068115234,2016-08-16 00:00:00-04:00
38.13999938964844,2016-08-17 00:00:00-04:00
38.220001220703125,2016-08-18 00:00:00-04:00
38.09000015258789,2016-08-19 00:00:00-04:00
38.11000061035156,2016-08-22 00:00:00-04:00
37.86000061035156,2016-08-23 00:00:00-04:00
37.52000045776367,2016-08-24 00:00:00-04:00
37.5099983215332,2016-08-25 00:00:00-04:00
37.650001525878906,2016-08-26 00:00:00-04:00
37.290000915527344,2016-08-29 00:00:00-04:00
37.0,2016-08-30 00:00:00-04:00
37.150001525878906,2016-08-31 00:00:00-04:00
36.83000183105469,2016-09-01 00:00:00-04:00
37.06999969482422,2016-09-02 00:00:00-04:00
37.18000030517578,2016-09-06 00:00:00-04:00
38.560001373291016,2016-09-07 00:00:00-04:00
39.27000045776367,2016-09-08 00:00:00-04:00
38.0099983215332,2016-09-09 00:00:00-04:00
38.77000045776367,2016-09-12 00:00:00-04:00
39.86000061035156,2016-09-13 00:00:00-04:00
39.959999084472656,2016-09-14 00:00:00-04:00
40.83000183105469,2016-09-15 00:00:00-04:00
40.70000076293945,2016-09-16 00:00:00-04:00
40.0099983215332,2016-09-19 00:00:00-04:00
39.689998626708984,2016-09-20 00:00:00-04:00
40.290000915527344,2016-09-21 00:00:00-04:00
40.4900016784668,2016-09-22 00:00:00-04:00
40.06999969482422,2016-09-23 00:00:00-04:00
40.34000015258789,2016-09-26 00:00:00-04:00
41.060001373291016,2016-09-27 00:00:00-04:00
40.970001220703125,2016-09-28 00:00:00-04:00
40.38999938964844,2016-09-29 00:00:00-04:00
40.970001220703125,2016-09-30 00:00:00-04:00
40.59000015258789,2016-10-03 00:00:00-04:00
40.779998779296875,2016-10-04 00:00:00-04:00
40.439998626708984,2016-10-05 00:00:00-04:00
40.18000030517578,2016-10-06 00:00:00-04:00
39.880001068115234,2016-10-07 00:00:00-04:00
39.86000061035156,2016-10-10 00:00:00-04:00
39.189998626708984,2016-10-11 00:00:00-04:00
39.529998779296875,2016-10-12 00:00:00-04:00
39.20000076293945,2016-10-13 00:00:00-04:00
39.2400016784668,2016-10-14 00:00:00-04:00
39.47999954223633,2016-10-17 00:00:00-04:00
39.83000183105469,2016-10-18 00:00:00-04:00
40.2400016784668,2016-10-19 00:00:00-04:00
40.09000015258789,2016-10-20 00:00:00-04:00
44.150001525878906,2016-10-21 00:00:00-04:00
43.869998931884766,2016-10-24 00:00:00-04:00
43.310001373291016,2016-10-25 00:00:00-04:00
42.33000183105469,2016-10-26 00:00:00-04:00
41.689998626708984,2016-10-27 00:00:00-04:00
41.7599983215332,2016-10-28 00:00:00-04:00
41.65999984741211,2016-10-31 00:00:00-04:00
41.540000915527344,2016-11-01 00:00:00-04:00
41.349998474121094,2016-11-02 00:00:00-04:00
41.189998626708984,2016-11-03 00:00:00-04:00
40.900001525878906,2016-11-04 00:00:00-04:00
41.279998779296875,2016-11-07 00:00:00-05:00
41.58000183105469,2016-11-08 00:00:00-05:00
41.2599983215332,2016-11-09 00:00:00-05:00
40.45000076293945,2016-11-10 00:00:00-05:00
40.08000183105469,2016-11-11 00:00:00-05:00
38.810001373291016,2016-11-14 00:00:00-05:00
38.939998626708984,2016-11-15 00:00:00-05:00
39.06999969482422,2016-11-16 00:00:00-05:00
39.880001068115234,2016-11-17 00:00:00-05:00
40.08000183105469,2016-11-18 00:00:00-05:00
40.630001068115234,2016-11-21 00:00:00-05:00
40.33000183105469,2016-11-22 00:00:00-05:00
40.04999923706055,2016-11-23 00:00:00-05:00
40.2599983215332,2016-11-25 00:00:00-05:00
39.959999084472656,2016-11-28 00:00:00-05:00
39.88999938964844,2016-11-29 00:00:00-05:00
39.279998779296875,2016-11-30 00:00:00-05:00
38.34000015258789,2016-12-01 00:00:00-05:00
38.619998931884766,2016-12-02 00:00:00-05:00
38.9900016784668,2016-12-05 00:00:00-05:00
38.97999954223633,2016-12-06 00:00:00-05:00
39.45000076293945,2016-12-07 00:00:00-05:00
39.61000061035156,2016-12-08 00:00:00-05:00
39.650001525878906,2016-12-09 00:00:00-05:00
39.43000030517578,2016-12-12 00:00:00-05:00
39.43000030517578,2016-12-13 00:00:00-05:00
39.54999923706055,2016-12-14 00:00:00-05:00
39.540000915527344,2016-12-15 00:00:00-05:00
39.31999969482422,2016-12-16 00:00:00-05:00
39.439998626708984,2016-12-19 00:00:00-05:00
39.7400016784668,2016-12-20 00:00:00-05:00
40.09000015258789,2016-12-21 00:00:00-05:00
39.68000030517578,2016-12-22 00:00:00-05:00
39.58000183105469,2016-12-23 00:00:00-05:00
39.720001220703125,2016-12-27 00:00:00-05:00
39.56999969482422,2016-12-28 00:00:00-05:00
39.959999084472656,2016-12-29 00:00:00-05:00
39.470001220703125,2016-12-30 00:00:00-05:00
40.25,2017-01-03 00:00:00-05:00
41.0,2017-01-04 00:00:00-05:00
41.060001373291016,2017-01-05 00:00:00-05:00
41.45000076293945,2017-01-06 00:00:00-05:00
41.400001525878906,2017-01-09 00:00:00-05:00
41.08000183105469,2017-01-10 00:00:00-05:00
41.279998779296875,2017-01-11 00:00:00-05:00
41.560001373291016,2017-01-12 00:00:00-05:00
41.599998474121094,2017-01-13 00:00:00-05:00
41.27000045776367,2017-01-17 00:00:00-05:00
41.349998474121094,2017-01-18 00:00:00-05:00
41.27000045776367,2017-01-19 00:00:00-05:00
41.689998626708984,2017-01-20 00:00:00-05:00
41.619998931884766,2017-01-23 00:00:00-05:00
41.959999084472656,2017-01-24 00:00:00-05:00
41.709999084472656,2017-01-25 00:00:00-05:00
41.5,2017-01-26 00:00:00-05:00
40.27000045776367,2017-01-27 00:00:00-05:00
39.86000061035156,2017-01-30 00:00:00-05:00
39.779998779296875,2017-01-31 00:00:00-05:00
39.310001373291016,2017-02-01 00:00:00-05:00
39.58000183105469,2017-02-02 00:00:00-05:00
39.59000015258789,2017-02-03 00:00:00-05:00
39.7400016784668,2017-02-06 00:00:00-05:00
40.02000045776367,2017-02-07 00:00:00-05:00
40.880001068115234,2017-02-08 00:00:00-05:00
40.83000183105469,2017-02-09 00:00:00-05:00
40.58000183105469,2017-02-10 00:00:00-05:00
41.16999816894531,2017-02-13 00:00:00-05:00
41.619998931884766,2017-02-14 00:00:00-05:00
41.869998931884766,2017-02-15 00:00:00-05:00
42.150001525878906,2017-02-16 00:00:00-05:00
41.959999084472656,2017-02-17 00:00:00-05:00
42.43000030517578,2017-02-21 00:00:00-05:00
42.41999816894531,2017-02-22 00:00:00-05:00
42.529998779296875,2017-02-23 00:00:00-05:00
43.06999969482422,2017-02-24 00:00:00-05:00
42.63999938964844,2017-02-27 00:00:00-05:00
42.0,2017-02-28 00:00:00-05:00
42.43000030517578,2017-03-01 00:00:00-05:00
42.77000045776367,2017-03-02 00:00:00-05:00
43.029998779296875,2017-03-03 00:00:00-05:00
42.869998931884766,2017-03-06 00:00:00-05:00
42.88999938964844,2017-03-07 00:00:00-05:00
42.790000915527344,2017-03-08 00:00:00-05:00
42.91999816894531,2017-03-09 00:00:00-05:00
42.9900016784668,2017-03-10 00:00:00-05:00
42.59000015258789,2017-03-13 00:00:00-04:00
42.099998474121094,2017-03-14 00:00:00-04:00
42.38999938964844,2017-03-15 00:00:00-04:00
42.400001525878906,2017-03-16 00:00:00-04:00
43.08000183105469,2017-03-17 00:00:00-04:00
43.15999984741211,2017-03-20 00:00:00-04:00
42.63999938964844,2017-03-21 00:00:00-04:00
43.189998626708984,2017-03-22 00:00:00-04:00
43.13999938964844,2017-03-23 00:00:00-04:00
43.130001068115234,2017-03-24 00:00:00-04:00
43.08000183105469,2017-03-27 00:00:00-04:00
43.150001525878906,2017-03-28 00:00:00-04:00
43.2400016784668,2017-03-29 00:00:00-04:00
43.540000915527344,2017-03-30 00:00:00-04:00
43.02000045776367,2017-03-31 00:00:00-04:00
42.630001068115234,2017-04-03 00:00:00-04:00
42.720001220703125,2017-04-04 00:00:00-04:00
42.88999938964844,2017-04-05 00:00:00-04:00
42.900001525878906,2017-04-06 00:00:00-04:00
43.040000915527344,2017-04-07 00:00:00-04:00
43.04999923706055,2017-04-10 00:00:00-04:00
42.689998626708984,2017-04-11 00:00:00-04:00
42.4900016784668,2017-04-12 00:00:00-04:00
42.54999923706055,2017-04-13 00:00:00-04:00
43.099998474121094,2017-04-17 00:00:00-04:00
43.09000015258789,2017-04-18 00:00:00-04:00
43.29999923706055,2017-04-19 00:00:00-04:00
43.689998626708984,2017-04-20 00:00:00-04:00
43.810001373291016,2017-04-21 00:00:00-04:00
44.27000045776367,2017-04-24 00:00:00-04:00
44.709999084472656,2017-04-25 00:00:00-04:00
44.40999984741211,2017-04-26 00:00:00-04:00
47.150001525878906,2017-04-27 00:00:00-04:00
47.720001220703125,2017-04-28 00:00:00-04:00
47.540000915527344,2017-05-01 00:00:00-04:00
49.04999923706055,2017-05-02 00:00:00-04:00
49.02000045776367,2017-05-03 00:00:00-04:00
48.90999984741211,2017-05-04 00:00:00-04:00
49.29999923706055,2017-05-05 00:00:00-04:00
49.16999816894531,2017-05-08 00:00:00-04:00
49.220001220703125,2017-05-09 00:00:00-04:00
49.790000915527344,2017-05-10 00:00:00-04:00
49.70000076293945,2017-05-11 00:00:00-04:00
49.369998931884766,2017-05-12 00:00:00-04:00
49.77000045776367,2017-05-15 00:00:00-04:00
50.34000015258789,2017-05-16 00:00:00-04:00
49.04999923706055,2017-05-17 00:00:00-04:00
49.11000061035156,2017-05-18 00:00:00-04:00
49.38999938964844,2017-05-19 00:00:00-04:00
49.77000045776367,2017-05-22 00:00:00-04:00
50.130001068115234,2017-05-23 00:00:00-04:00
51.04999923706055,2017-05-24 00:00:00-04:00
50.93000030517578,2017-05-25 00:00:00-04:00
51.189998626708984,2017-05-26 00:00:00-04:00
51.060001373291016,2017-05-30 00:00:00-04:00
52.209999084472656,2017-05-31 00:00:00-04:00
53.15999984741211,2017-06-01 00:00:00-04:00
53.52000045776367,2017-06-02 00:00:00-04:00
53.79999923706055,2017-06-05 00:00:00-04:00
53.400001525878906,2017-06-06 00:00:00-04:00
53.849998474121094,2017-06-07 00:00:00-04:00
54.38999938964844,2017-06-08 00:00:00-04:00
53.400001525878906,2017-06-09 00:00:00-04:00
52.15999984741211,2017-06-12 00:00:00-04:00
52.060001373291016,2017-06-13 00:00:00-04:00
51.900001525878906,2017-06-14 00:00:00-04:00
52.290000915527344,2017-06-15 00:00:00-04:00
51.84000015258789,2017-06-16 00:00:00-04:00
52.93000030517578,2017-06-19 00:00:00-04:00
52.52000045776367,2017-06-20 00:00:00-04:00
53.540000915527344,2017-06-21 00:00:00-04:00
53.869998931884766,2017-06-22 00:00:00-04:00
54.33000183105469,2017-06-23 00:00:00-04:00
53.7400016784668,2017-06-26 00:00:00-04:00
52.72999954223633,2017-06-27 00:00:00-04:00
54.38999938964844,2017-06-28 00:00:00-04:00
53.41999816894531,2017-06-29 00:00:00-04:00
53.66999816894531,2017-06-30 00:00:00-04:00
52.869998931884766,2017-07-03 00:00:00-04:00
54.61000061035156,2017-07-05 00:00:00-04:00
53.470001220703125,2017-07-06 00:00:00-04:00
53.970001220703125,2017-07-07 00:00:00-04:00
54.939998626708984,2017-07-10 00:00:00-04:00
54.7599983215332,2017-07-11 00:00:00-04:00
56.54999923706055,2017-07-12 00:00:00-04:00
57.900001525878906,2017-07-13 00:00:00-04:00
57.15999984741211,2017-07-14 00:00:00-04:00
57.58000183105469,2017-07-17 00:00:00-04:00
58.959999084472656,2017-07-18 00:00:00-04:00
58.349998474121094,2017-07-19 00:00:00-04:00
59.09000015258789,2017-07-20 00:00:00-04:00
58.66999816894531,2017-07-21 00:00:00-04:00
58.58000183105469,2017-07-24 00:00:00-04:00
58.2599983215332,2017-07-25 00:00:00-04:00
58.790000915527344,2017-07-26 00:00:00-04:00
60.150001525878906,2017-07-27 00:00:00-04:00
59.20000076293945,2017-07-28 00:00:00-04:00
58.54999923706055,2017-07-31 00:00:00-04:00
59.34000015258789,2017-08-01 00:00:00-04:00
59.119998931884766,2017-08-02 00:00:00-04:00
58.41999816894531,2017-08-03 00:00:00-04:00
58.86000061035156,2017-08-04 00:00:00-04:00
59.619998931884766,2017-08-07 00:00:00-04:00
59.47999954223633,2017-08-08 00:00:00-04:00
59.66999816894531,2017-08-09 00:00:00-04:00
58.02000045776367,2017-08-10 00:00:00-04:00
58.040000915527344,2017-08-11 00:00:00-04:00
59.060001373291016,2017-08-14 00:00:00-04:00
59.689998626708984,2017-08-15 00:00:00-04:00
60.290000915527344,2017-08-16 00:00:00-04:00
59.290000915527344,2017-08-17 00:00:00-04:00
59.439998626708984,2017-08-18 00:00:00-04:00
59.400001525878906,2017-08-21 00:00:00-04:00
60.84000015258789,2017-08-22 00:00:00-04:00
60.04999923706055,2017-08-23 00:00:00-04:00
60.0,2017-08-24 00:00:00-04:00
59.970001220703125,2017-08-25 00:00:00-04:00
60.529998779296875,2017-08-28 00:00:00-04:00
61.0099983215332,2017-08-29 00:00:00-04:00
61.77000045776367,2017-08-30 00:00:00-04:00
61.68000030517578,2017-08-31 00:00:00-04:00
61.459999084472656,2017-09-01 00:00:00-04:00
61.27000045776367,2017-09-05 00:00:00-04:00
61.2400016784668,2017-09-06 00:00:00-04:00
62.0,2017-09-07 00:00:00-04:00
61.130001068115234,2017-09-08 00:00:00-04:00
62.63999938964844,2017-09-11 00:00:00-04:00
62.560001373291016,2017-09-12 00:00:00-04:00
62.040000915527344,2017-09-13 00:00:00-04:00
62.2400016784668,2017-09-14 00:00:00-04:00
62.5,2017-09-15 00:00:00-04:00
62.91999816894531,2017-09-18 00:00:00-04:00
63.83000183105469,2017-09-19 00:00:00-04:00
64.73999786376953,2017-09-20 00:00:00-04:00
64.62999725341797,2017-09-21 00:00:00-04:00
65.08000183105469,2017-09-22 00:00:00-04:00
63.5,2017-09-25 00:00:00-04:00
62.939998626708984,2017-09-26 00:00:00-04:00
63.33000183105469,2017-09-27 00:00:00-04:00
63.93000030517578,2017-09-28 00:00:00-04:00
64.02999877929688,2017-09-29 00:00:00-04:00
64.18000030517578,2017-10-02 00:00:00-04:00
64.22000122070312,2017-10-03 00:00:00-04:00
64.01000213623047,2017-10-04 00:00:00-04:00
65.81999969482422,2017-10-05 00:00:00-04:00
66.05000305175781,2017-10-06 00:00:00-04:00
66.2300033569336,2017-10-09 00:00:00-04:00
66.04000091552734,2017-10-10 00:00:00-04:00
67.77999877929688,2017-10-11 00:00:00-04:00
68.86000061035156,2017-10-12 00:00:00-04:00
68.66000366210938,2017-10-13 00:00:00-04:00
67.30999755859375,2017-10-16 00:00:00-04:00
66.66999816894531,2017-10-17 00:00:00-04:00
67.26000213623047,2017-10-18 00:00:00-04:00
67.25,2017-10-19 00:00:00-04:00
70.97000122070312,2017-10-20 00:00:00-04:00
69.80000305175781,2017-10-23 00:00:00-04:00
70.20999908447266,2017-10-24 00:00:00-04:00
71.0199966430664,2017-10-25 00:00:00-04:00
71.33999633789062,2017-10-26 00:00:00-04:00
71.05999755859375,2017-10-27 00:00:00-04:00
71.1500015258789,2017-10-30 00:00:00-04:00
72.55999755859375,2017-10-31 00:00:00-04:00
72.37999725341797,2017-11-01 00:00:00-04:00
72.25,2017-11-02 00:00:00-04:00
73.38999938964844,2017-11-03 00:00:00-04:00
74.73999786376953,2017-11-06 00:00:00-05:00
74.41000366210938,2017-11-07 00:00:00-05:00
74.7699966430664,2017-11-08 00:00:00-05:00
74.0999984741211,2017-11-09 00:00:00-05:00
73.98999786376953,2017-11-10 00:00:00-05:00
74.02999877929688,2017-11-13 00:00:00-05:00
74.48999786376953,2017-11-14 00:00:00-05:00
73.43000030517578,2017-11-15 00:00:00-05:00
77.69999694824219,2017-11-16 00:00:00-05:00
76.37999725341797,2017-11-17 00:00:00-05:00
76.01000213623047,2017-11-20 00:00:00-05:00
77.7699966430664,2017-11-21 00:00:00-05:00
77.56999969482422,2017-11-22 00:00:00-05:00
78.56999969482422,2017-11-24 00:00:00-05:00
77.83999633789062,2017-11-27 00:00:00-05:00
77.79000091552734,2017-11-28 00:00:00-05:00
73.25,2017-11-29 00:00:00-05:00
75.7300033569336,2017-11-30 00:00:00-05:00
75.30000305175781,2017-12-01 00:00:00-05:00
70.97000122070312,2017-12-04 00:00:00-05:00
71.19999694824219,2017-12-05 00:00:00-05:00
73.13999938964844,2017-12-06 00:00:00-05:00
73.69000244140625,2017-12-07 00:00:00-05:00
72.91000366210938,2017-12-08 00:00:00-05:00
73.29000091552734,2017-12-11 00:00:00-05:00
73.62000274658203,2017-12-12 00:00:00-05:00
74.08999633789062,2017-12-13 00:00:00-05:00
74.26000213623047,2017-12-14 00:00:00-05:00
75.6500015258789,2017-12-15 00:00:00-05:00
75.31999969482422,2017-12-18 00:00:00-05:00
74.5,2017-12-19 00:00:00-05:00
74.0,2017-12-20 00:00:00-05:00
74.0199966430664,2017-12-21 00:00:00-05:00
73.88999938964844,2017-12-22 00:00:00-05:00
74.2699966430664,2017-12-26 00:00:00-05:00
74.58999633789062,2017-12-27 00:00:00-05:00
74.16999816894531,2017-12-28 00:00:00-05:00
73.62000274658203,2017-12-29 00:00:00-05:00
73.83999633789062,2018-01-02 00:00:00-05:00
76.75,2018-01-03 00:00:00-05:00
76.7300033569336,2018-01-04 00:00:00-05:00
78.69999694824219,2018-01-05 00:00:00-05:00
79.05000305175781,2018-01-08 00:00:00-05:00
79.19000244140625,2018-01-09 00:00:00-05:00
79.37000274658203,2018-01-10 00:00:00-05:00
79.75,2018-01-11 00:00:00-05:00
80.54000091552734,2018-01-12 00:00:00-05:00
80.41999816894531,2018-01-16 00:00:00-05:00
82.47000122070312,2018-01-17 00:00:00-05:00
82.94000244140625,2018-01-18 00:00:00-05:00
83.83999633789062,2018-01-19 00:00:00-05:00
83.9800033569336,2018-01-22 00:00:00-05:00
84.20999908447266,2018-01-23 00:00:00-05:00
83.70999908447266,2018-01-24 00:00:00-05:00
84.33999633789062,2018-01-25 00:00:00-05:00
85.44999694824219,2018-01-26 00:00:00-05:00
84.30999755859375,2018-01-29 00:00:00-05:00
83.77999877929688,2018-01-30 00:00:00-05:00
85.31999969482422,2018-01-31 00:00:00-05:00
78.4000015258789,2018-02-01 00:00:00-05:00
76.56999969482422,2018-02-02 00:00:00-05:00
74.70500183105469,2018-02-05 00:00:00-05:00
75.68000030517578,2018-02-06 00:00:00-05:00
75.58999633789062,2018-02-07 00:00:00-05:00
72.31999969482422,2018-02-08 00:00:00-05:00
74.75,2018-02-09 00:00:00-05:00
75.27999877929688,2018-02-12 00:00:00-05:00
74.97000122070312,2018-02-13 00:00:00-05:00
77.2699966430664,2018-02-14 00:00:00-05:00
78.29499816894531,2018-02-15 00:00:00-05:00
78.37000274658203,2018-02-16 00:00:00-05:00
77.05999755859375,2018-02-20 00:00:00-05:00
76.51000213623047,2018-02-21 00:00:00-05:00
77.69999694824219,2018-02-22 00:00:00-05:00
79.69000244140625,2018-02-23 00:00:00-05:00
79.3499984741211,2018-02-26 00:00:00-05:00
79.45999908447266,2018-02-27 00:00:00-05:00
79.41000366210938,2018-02-28 00:00:00-05:00
78.63999938964844,2018-03-01 00:00:00-05:00
78.87000274658203,2018-03-02 00:00:00-05:00
79.06999969482422,2018-03-05 00:00:00-05:00
79.2300033569336,2018-03-06 00:00:00-05:00
79.5199966430664,2018-03-07 00:00:00-05:00
79.87000274658203,2018-03-08 00:00:00-05:00
80.70999908447266,2018-03-09 00:00:00-05:00
80.5999984741211,2018-03-12 00:00:00-04:00
80.19999694824219,2018-03-13 00:00:00-04:00
83.30999755859375,2018-03-14 00:00:00-04:00
82.56999969482422,2018-03-15 00:00:00-04:00
82.16000366210938,2018-03-16 00:00:00-04:00
80.30000305175781,2018-03-19 00:00:00-04:00
80.86000061035156,2018-03-20 00:00:00-04:00
81.04000091552734,2018-03-21 00:00:00-04:00
78.55999755859375,2018-03-22 00:00:00-04:00
76.44000244140625,2018-03-23 00:00:00-04:00
78.94999694824219,2018-03-26 00:00:00-04:00
76.30999755859375,2018-03-27 00:00:00-04:00
75.05999755859375,2018-03-28 00:00:00-04:00
75.87000274658203,2018-03-29 00:00:00-04:00
75.0,2018-04-02 00:00:00-04:00
74.55999755859375,2018-04-03 00:00:00-04:00
74.77999877929688,2018-04-04 00:00:00-04:00
76.94999694824219,2018-04-05 00:00:00-04:00
73.86000061035156,2018-04-06 00:00:00-04:00
75.19000244140625,2018-04-09 00:00:00-04:00
76.79000091552734,2018-04-10 00:00:00-04:00
76.5,2018-04-11 00:00:00-04:00
77.45999908447266,2018-04-12 00:00:00-04:00
77.2699966430664,2018-04-13 00:00:00-04:00
77.80000305175781,2018-04-16 00:00:00-04:00
80.02999877929688,2018-04-17 00:00:00-04:00
80.33999633789062,2018-04-18 00:00:00-04:00
79.68000030517578,2018-04-19 00:00:00-04:00
78.7300033569336,2018-04-20 00:00:00-04:00
78.20999908447266,2018-04-23 00:00:00-04:00
75.27999877929688,2018-04-24 00:00:00-04:00
74.0,2018-04-25 00:00:00-04:00
76.02999877929688,2018-04-26 00:00:00-04:00
74.12999725341797,2018-04-27 00:00:00-04:00
74.61000061035156,2018-04-30 00:00:00-04:00
74.80999755859375,2018-05-01 00:00:00-04:00
71.7300033569336,2018-05-02 00:00:00-04:00
73.44999694824219,2018-05-03 00:00:00-04:00
73.98999786376953,2018-05-04 00:00:00-04:00
74.66999816894531,2018-05-07 00:00:00-04:00
75.72000122070312,2018-05-08 00:00:00-04:00
77.01000213623047,2018-05-09 00:00:00-04:00
79.19000244140625,2018-05-10 00:00:00-04:00
79.19999694824219,2018-05-11 00:00:00-04:00
78.80999755859375,2018-05-14 00:00:00-04:00
77.79000091552734,2018-05-15 00:00:00-04:00
77.81999969482422,2018-05-16 00:00:00-04:00
79.19000244140625,2018-05-17 00:00:00-04:00
80.79000091552734,2018-05-18 00:00:00-04:00
81.25,2018-05-21 00:00:00-04:00
80.62000274658203,2018-05-22 00:00:00-04:00
81.08000183105469,2018-05-23 00:00:00-04:00
81.55000305175781,2018-05-24 00:00:00-04:00
80.95999908447266,2018-05-25 00:00:00-04:00
80.7300033569336,2018-05-29 00:00:00-04:00
81.5999984741211,2018-05-30 00:00:00-04:00
82.06999969482422,2018-05-31 00:00:00-04:00
83.25,2018-06-01 00:00:00-04:00
84.56999969482422,2018-06-04 00:00:00-04:00
85.05000305175781,2018-06-05 00:00:00-04:00
85.20999908447266,2018-06-06 00:00:00-04:00
83.2699966430664,2018-06-07 00:00:00-04:00
84.33999633789062,2018-06-08 00:00:00-04:00
83.88999938964844,2018-06-11 00:00:00-04:00
85.0199966430664,2018-06-12 00:00:00-04:00
85.2699966430664,2018-06-13 00:00:00-04:00
85.61000061035156,2018-06-14 00:00:00-04:00
85.30999755859375,2018-06-15 00:00:00-04:00
85.8499984741211,2018-06-18 00:00:00-04:00
84.5199966430664,2018-06-19 00:00:00-04:00
85.94999694824219,2018-06-20 00:00:00-04:00
85.97000122070312,2018-06-21 00:00:00-04:00
85.12000274658203,2018-06-22 00:00:00-04:00
82.19000244140625,2018-06-25 00:00:00-04:00
82.31999969482422,2018-06-26 00:00:00-04:00
80.66999816894531,2018-06-27 00:00:00-04:00
82.4800033569336,2018-06-28 00:00:00-04:00
83.2699966430664,2018-06-29 00:00:00-04:00
83.88999938964844,2018-07-02 00:00:00-04:00
83.2699966430664,2018-07-03 00:00:00-04:00
84.58999633789062,2018-07-05 00:00:00-04:00
85.94000244140625,2018-07-06 00:00:00-04:00
86.2300033569336,2018-07-09 00:00:00-04:00
86.16999816894531,2018-07-10 00:00:00-04:00
86.25,2018-07-11 00:00:00-04:00
89.12999725341797,2018-07-12 00:00:00-04:00
87.98999786376953,2018-07-13 00:00:00-04:00
87.7699966430664,2018-07-16 00:00:00-04:00
88.58000183105469,2018-07-17 00:00:00-04:00
88.22000122070312,2018-07-18 00:00:00-04:00
87.37999725341797,2018-07-19 00:00:00-04:00
87.47000122070312,2018-07-20 00:00:00-04:00
89.23999786376953,2018-07-23 00:00:00-04:00
91.41000366210938,2018-07-24 00:00:00-04:00
91.37000274658203,2018-07-25 00:00:00-04:00
89.13999938964844,2018-07-26 00:00:00-04:00
85.45999908447266,2018-07-27 00:00:00-04:00
82.38999938964844,2018-07-30 00:00:00-04:00
82.13999938964844,2018-07-31 00:00:00-04:00
83.45999908447266,2018-08-01 00:00:00-04:00
85.52999877929688,2018-08-02 00:00:00-04:00
85.19000244140625,2018-08-03 00:00:00-04:00
85.7699966430664,2018-08-06 00:00:00-04:00
86.30000305175781,2018-08-07 00:00:00-04:00
86.73999786376953,2018-08-08 00:00:00-04:00
87.16999816894531,2018-08-09 00:00:00-04:00
87.01000213623047,2018-08-10 00:00:00-04:00
87.01000213623047,2018-08-13 00:00:00-04:00
87.7300033569336,2018-08-14 00:00:00-04:00
85.19000244140625,2018-08-15 00:00:00-04:00
85.31999969482422,2018-08-16 00:00:00-04:00
85.44999694824219,2018-08-17 00:00:00-04:00
85.75,2018-08-20 00:00:00-04:00
86.22000122070312,2018-08-21 00:00:00-04:00
86.94999694824219,2018-08-22 00:00:00-04:00
87.37999725341797,2018-08-23 00:00:00-04:00
90.0999984741211,2018-08-24 00:00:00-04:00
89.97000122070312,2018-08-27 00:00:00-04:00
90.61000061035156,2018-08-28 00:00:00-04:00
92.62000274658203,2018-08-29 00:00:00-04:00
92.08999633789062,2018-08-30 00:00:00-04:00
92.33000183105469,2018-08-31 00:00:00-04:00
93.06999969482422,2018-09-04 00:00:00-04:00
89.05000305175781,2018-09-05 00:00:00-04:00
89.0,2018-09-06 00:00:00-04:00
88.81999969482422,2018-09-07 00:00:00-04:00
89.80000305175781,2018-09-10 00:00:00-04:00
91.43000030517578,2018-09-11 00:00:00-04:00
92.4000015258789,2018-09-12 00:00:00-04:00
92.19000244140625,2018-09-13 00:00:00-04:00
90.77999877929688,2018-09-14 00:00:00-04:00
88.68000030517578,2018-09-17 00:00:00-04:00
89.72000122070312,2018-09-18 00:00:00-04:00
89.30999755859375,2018-09-19 00:00:00-04:00
90.5999984741211,2018-09-20 00:00:00-04:00
90.62000274658203,2018-09-21 00:00:00-04:00
89.62000274658203,2018-09-24 00:00:00-04:00
90.04000091552734,2018-09-25 00:00:00-04:00
89.8499984741211,2018-09-26 00:00:00-04:00
88.98999786376953,2018-09-27 00:00:00-04:00
87.83999633789062,2018-09-28 00:00:00-04:00
87.55000305175781,2018-10-01 00:00:00-04:00
86.68000030517578,2018-10-02 00:00:00-04:00
87.1500015258789,2018-10-03 00:00:00-04:00
84.33999633789062,2018-10-04 00:00:00-04:00
83.18000030517578,2018-10-05 00:00:00-04:00
80.55000305175781,2018-10-08 00:00:00-04:00
80.02999877929688,2018-10-09 00:00:00-04:00
75.44999694824219,2018-10-10 00:00:00-04:00
75.9000015258789,2018-10-11 00:00:00-04:00
79.02999877929688,2018-10-12 00:00:00-04:00
77.2300033569336,2018-10-15 00:00:00-04:00
80.61000061035156,2018-10-16 00:00:00-04:00
80.08999633789062,2018-10-17 00:00:00-04:00
77.4800033569336,2018-10-18 00:00:00-04:00
84.77999877929688,2018-10-19 00:00:00-04:00
85.43000030517578,2018-10-22 00:00:00-04:00
87.56999969482422,2018-10-23 00:00:00-04:00
83.08999633789062,2018-10-24 00:00:00-04:00
85.95999908447266,2018-10-25 00:00:00-04:00
83.37000274658203,2018-10-26 00:00:00-04:00
81.1500015258789,2018-10-29 00:00:00-04:00
80.9000015258789,2018-10-30 00:00:00-04:00
84.19000244140625,2018-10-31 00:00:00-04:00
85.04000091552734,2018-11-01 00:00:00-04:00
83.51000213623047,2018-11-02 00:00:00-04:00
84.05000305175781,2018-11-05 00:00:00-05:00
84.69000244140625,2018-11-06 00:00:00-05:00
88.2300033569336,2018-11-07 00:00:00-05:00
89.04000091552734,2018-11-08 00:00:00-05:00
86.76000213623047,2018-11-09 00:00:00-05:00
83.77999877929688,2018-11-12 00:00:00-05:00
83.77999877929688,2018-11-13 00:00:00-05:00
84.05000305175781,2018-11-14 00:00:00-05:00
86.73999786376953,2018-11-15 00:00:00-05:00
85.05999755859375,2018-11-16 00:00:00-05:00
80.12999725341797,2018-11-19 00:00:00-05:00
77.76000213623047,2018-11-20 00:00:00-05:00
79.12000274658203,2018-11-21 00:00:00-05:00
77.94999694824219,2018-11-23 00:00:00-05:00
80.86000061035156,2018-11-26 00:00:00-05:00
81.97000122070312,2018-11-27 00:00:00-05:00
85.9800033569336,2018-11-28 00:00:00-05:00
84.26000213623047,2018-11-29 00:00:00-05:00
85.80999755859375,2018-11-30 00:00:00-05:00
87.9800033569336,2018-12-03 00:00:00-05:00
84.19000244140625,2018-12-04 00:00:00-05:00
85.81999969482422,2018-12-06 00:00:00-05:00
82.7699966430664,2018-12-07 00:00:00-05:00
84.93000030517578,2018-12-10 00:00:00-05:00
85.51000213623047,2018-12-11 00:00:00-05:00
86.5,2018-12-12 00:00:00-05:00
87.55999755859375,2018-12-13 00:00:00-05:00
85.91999816894531,2018-12-14 00:00:00-05:00
84.0999984741211,2018-12-17 00:00:00-05:00
85.51000213623047,2018-12-18 00:00:00-05:00
84.02999877929688,2018-12-19 00:00:00-05:00
82.44000244140625,2018-12-20 00:00:00-05:00
78.13999938964844,2018-12-21 00:00:00-05:00
77.05999755859375,2018-12-24 00:00:00-05:00
82.80000305175781,2018-12-26 00:00:00-05:00
84.30999755859375,2018-12-27 00:00:00-05:00
83.26000213623047,2018-12-28 00:00:00-05:00
84.08999633789062,2018-12-31 00:00:00-05:00
85.75,2019-01-02 00:00:00-05:00
82.08999633789062,2019-01-03 00:00:00-05:00
86.2699966430664,2019-01-04 00:00:00-05:00
86.93000030517578,2019-01-07 00:00:00-05:00
88.69999694824219,2019-01-08 00:00:00-05:00
89.55000305175781,2019-01-09 00:00:00-05:00
90.69999694824219,2019-01-10 00:00:00-05:00
90.6500015258789,2019-01-11 00:00:00-05:00
90.43000030517578,2019-01-14 00:00:00-05:00
91.5999984741211,2019-01-15 00:00:00-05:00
90.55000305175781,2019-01-16 00:00:00-05:00
90.4000015258789,2019-01-17 00:00:00-05:00
91.12000274658203,2019-01-18 00:00:00-05:00
89.94000244140625,2019-01-22 00:00:00-05:00
90.5,2019-01-23 00:00:00-05:00
92.19999694824219,2019-01-24 00:00:00-05:00
94.27999877929688,2019-01-25 00:00:00-05:00
92.30000305175781,2019-01-28 00:00:00-05:00
91.12000274658203,2019-01-29 00:00:00-05:00
92.41999816894531,2019-01-30 00:00:00-05:00
88.76000213623047,2019-01-31 00:00:00-05:00
90.01000213623047,2019-02-01 00:00:00-05:00
91.66000366210938,2019-02-04 00:00:00-05:00
92.2699966430664,2019-02-05 00:00:00-05:00
92.25,2019-02-06 00:00:00-05:00
90.8499984741211,2019-02-07 00:00:00-05:00
91.87000274658203,2019-02-08 00:00:00-05:00
92.69000244140625,2019-02-11 00:00:00-05:00
94.37999725341797,2019-02-12 00:00:00-05:00
94.01000213623047,2019-02-13 00:00:00-05:00
94.41999816894531,2019-02-14 00:00:00-05:00
94.91000366210938,2019-02-15 00:00:00-05:00
95.0199966430664,2019-02-19 00:00:00-05:00
94.7300033569336,2019-02-20 00:00:00-05:00
94.95999908447266,2019-02-21 00:00:00-05:00
95.9800033569336,2019-02-22 00:00:00-05:00
96.69999694824219,2019-02-25 00:00:00-05:00
96.58999633789062,2019-02-26 00:00:00-05:00
97.86000061035156,2019-02-27 00:00:00-05:00
98.06999969482422,2019-02-28 00:00:00-05:00
98.80000305175781,2019-03-01 00:00:00-05:00
96.56999969482422,2019-03-04 00:00:00-05:00
96.52999877929688,2019-03-05 00:00:00-05:00
96.45999908447266,2019-03-06 00:00:00-05:00
96.20999908447266,2019-03-07 00:00:00-05:00
95.69000244140625,2019-03-08 00:00:00-05:00
97.44999694824219,2019-03-11 00:00:00-04:00
97.5,2019-03-12 00:00:00-04:00
99.30999755859375,2019-03-13 00:00:00-04:00
99.02999877929688,2019-03-14 00:00:00-04:00
100.7300033569336,2019-03-15 00:00:00-04:00
100.2699966430664,2019-03-18 00:00:00-04:00
101.54000091552734,2019-03-19 00:00:00-04:00
102.30999755859375,2019-03-20 00:00:00-04:00
104.1500015258789,2019-03-21 00:00:00-04:00
101.2699966430664,2019-03-22 00:00:00-04:00
101.55000305175781,2019-03-25 00:00:00-04:00
103.1500015258789,2019-03-26 00:00:00-04:00
103.06999969482422,2019-03-27 00:00:00-04:00
103.86000061035156,2019-03-28 00:00:00-04:00
103.83999633789062,2019-03-29 00:00:00-04:00
105.55000305175781,2019-04-01 00:00:00-04:00
105.2300033569336,2019-04-02 00:00:00-04:00
104.69000244140625,2019-04-03 00:00:00-04:00
104.45999908447266,2019-04-04 00:00:00-04:00
105.7300033569336,2019-04-05 00:00:00-04:00
106.56999969482422,2019-04-08 00:00:00-04:00
106.93000030517578,2019-04-09 00:00:00-04:00
107.51000213623047,2019-04-10 00:00:00-04:00
106.45999908447266,2019-04-11 00:00:00-04:00
108.4800033569336,2019-04-12 00:00:00-04:00
108.13999938964844,2019-04-15 00:00:00-04:00
108.19999694824219,2019-04-16 00:00:00-04:00
108.80999755859375,2019-04-17 00:00:00-04:00
107.36000061035156,2019-04-18 00:00:00-04:00
106.80999755859375,2019-04-22 00:00:00-04:00
106.9000015258789,2019-04-23 00:00:00-04:00
107.22000122070312,2019-04-24 00:00:00-04:00
110.22000122070312,2019-04-25 00:00:00-04:00
110.55999755859375,2019-04-26 00:00:00-04:00
112.44000244140625,2019-04-29 00:00:00-04:00
112.7699966430664,2019-04-30 00:00:00-04:00
110.94000244140625,2019-05-01 00:00:00-04:00
109.69999694824219,2019-05-02 00:00:00-04:00
111.95999908447266,2019-05-03 00:00:00-04:00
110.8499984741211,2019-05-06 00:00:00-04:00
108.94999694824219,2019-05-07 00:00:00-04:00
109.06999969482422,2019-05-08 00:00:00-04:00
109.7300033569336,2019-05-09 00:00:00-04:00
110.41000366210938,2019-05-10 00:00:00-04:00
106.83000183105469,2019-05-13 00:00:00-04:00
109.08999633789062,2019-05-14 00:00:00-04:00
111.5,2019-05-15 00:00:00-04:00
113.87000274658203,2019-05-16 00:00:00-04:00
112.80000305175781,2019-05-17 00:00:00-04:00
112.1500015258789,2019-05-20 00:00:00-04:00
112.43000030517578,2019-05-21 00:00:00-04:00
112.47000122070312,2019-05-22 00:00:00-04:00
109.9000015258789,2019-05-23 00:00:00-04:00
109.8499984741211,2019-05-24 00:00:00-04:00
111.79000091552734,2019-05-28 00:00:00-04:00
110.08000183105469,2019-05-29 00:00:00-04:00
111.41000366210938,2019-05-30 00:00:00-04:00
109.75,2019-05-31 00:00:00-04:00
105.5199966430664,2019-06-03 00:00:00-04:00
108.7300033569336,2019-06-04 00:00:00-04:00
110.7699966430664,2019-06-05 00:00:00-04:00
111.77999877929688,2019-06-06 00:00:00-04:00
114.0199966430664,2019-06-07 00:00:00-04:00
115.62000274658203,2019-06-10 00:00:00-04:00
114.5999984741211,2019-06-11 00:00:00-04:00
114.5,2019-06-12 00:00:00-04:00
115.72000122070312,2019-06-13 00:00:00-04:00
116.16999816894531,2019-06-14 00:00:00-04:00
117.16000366210938,2019-06-17 00:00:00-04:00
115.9800033569336,2019-06-18 00:00:00-04:00
117.13999938964844,2019-06-19 00:00:00-04:00
118.79000091552734,2019-06-20 00:00:00-04:00
116.20999908447266,2019-06-21 00:00:00-04:00
116.5,2019-06-24 00:00:00-04:00
114.44000244140625,2019-06-25 00:00:00-04:00
114.1500015258789,2019-06-26 00:00:00-04:00
113.66999816894531,2019-06-27 00:00:00-04:00
114.45999908447266,2019-06-28 00:00:00-04:00
115.02999877929688,2019-07-01 00:00:00-04:00
116.16999816894531,2019-07-02 00:00:00-04:00
117.68000030517578,2019-07-03 00:00:00-04:00
117.16000366210938,2019-07-05 00:00:00-04:00
116.94999694824219,2019-07-08 00:00:00-04:00
118.37000274658203,2019-07-09 00:00:00-04:00
119.63999938964844,2019-07-10 00:00:00-04:00
120.6500015258789,2019-07-11 00:00:00-04:00
120.12000274658203,2019-07-12 00:00:00-04:00
120.9000015258789,2019-07-15 00:00:00-04:00
119.70999908447266,2019-07-16 00:00:00-04:00
118.80999755859375,2019-07-17 00:00:00-04:00
119.87000274658203,2019-07-18 00:00:00-04:00
118.62999725341797,2019-07-19 00:00:00-04:00
118.69000244140625,2019-07-22 00:00:00-04:00
120.22000122070312,2019-07-23 00:00:00-04:00
121.30000305175781,2019-07-24 00:00:00-04:00
115.12000274658203,2019-07-25 00:00:00-04:00
115.48999786376953,2019-07-26 00:00:00-04:00
111.44999694824219,2019-07-29 00:00:00-04:00
112.04000091552734,2019-07-30 00:00:00-04:00
110.4000015258789,2019-07-31 00:00:00-04:00
110.80000305175781,2019-08-01 00:00:00-04:00
107.08999633789062,2019-08-02 00:00:00-04:00
103.5999984741211,2019-08-05 00:00:00-04:00
105.02999877929688,2019-08-06 00:00:00-04:00
106.62999725341797,2019-08-07 00:00:00-04:00
106.79000091552734,2019-08-08 00:00:00-04:00
104.81999969482422,2019-08-09 00:00:00-04:00
102.72000122070312,2019-08-12 00:00:00-04:00
106.04000091552734,2019-08-13 00:00:00-04:00
103.2699966430664,2019-08-14 00:00:00-04:00
104.94999694824219,2019-08-15 00:00:00-04:00
106.16000366210938,2019-08-16 00:00:00-04:00
107.66999816894531,2019-08-19 00:00:00-04:00
107.37000274658203,2019-08-20 00:00:00-04:00
109.81999969482422,2019-08-21 00:00:00-04:00
108.7699966430664,2019-08-22 00:00:00-04:00
106.04000091552734,2019-08-23 00:00:00-04:00
107.66000366210938,2019-08-26 00:00:00-04:00
107.44999694824219,2019-08-27 00:00:00-04:00
107.47000122070312,2019-08-28 00:00:00-04:00
109.20999908447266,2019-08-29 00:00:00-04:00
109.05000305175781,2019-08-30 00:00:00-04:00
106.75,2019-09-03 00:00:00-04:00
108.7300033569336,2019-09-04 00:00:00-04:00
111.45999908447266,2019-09-05 00:00:00-04:00
110.05000305175781,2019-09-06 00:00:00-04:00
105.43000030517578,2019-09-09 00:00:00-04:00
103.05000305175781,2019-09-10 00:00:00-04:00
104.0199966430664,2019-09-11 00:00:00-04:00
107.0999984741211,2019-09-12 00:00:00-04:00
107.0,2019-09-13 00:00:00-04:00
106.5199966430664,2019-09-16 00:00:00-04:00
107.5,2019-09-17 00:00:00-04:00
105.5999984741211,2019-09-18 00:00:00-04:00
106.12000274658203,2019-09-19 00:00:00-04:00
104.63999938964844,2019-09-20 00:00:00-04:00
105.11000061035156,2019-09-23 00:00:00-04:00
103.69000244140625,2019-09-24 00:00:00-04:00
104.13999938964844,2019-09-25 00:00:00-04:00
104.55000305175781,2019-09-26 00:00:00-04:00
102.19999694824219,2019-09-27 00:00:00-04:00
103.58999633789062,2019-09-30 00:00:00-04:00
102.52999877929688,2019-10-01 00:00:00-04:00
99.7300033569336,2019-10-02 00:00:00-04:00
101.02999877929688,2019-10-03 00:00:00-04:00
102.79000091552734,2019-10-04 00:00:00-04:00
101.62000274658203,2019-10-07 00:00:00-04:00
99.33000183105469,2019-10-08 00:00:00-04:00
99.88999938964844,2019-10-09 00:00:00-04:00
100.54000091552734,2019-10-10 00:00:00-04:00
101.58000183105469,2019-10-11 00:00:00-04:00
101.75,2019-10-14 00:00:00-04:00
103.58999633789062,2019-10-15 00:00:00-04:00
103.08999633789062,2019-10-16 00:00:00-04:00
103.62999725341797,2019-10-17 00:00:00-04:00
101.22000122070312,2019-10-18 00:00:00-04:00
101.44000244140625,2019-10-21 00:00:00-04:00
97.36000061035156,2019-10-22 00:00:00-04:00
96.63999938964844,2019-10-23 00:00:00-04:00
104.91000366210938,2019-10-24 00:00:00-04:00
107.19000244140625,2019-10-25 00:00:00-04:00
106.5999984741211,2019-10-28 00:00:00-04:00
105.0,2019-10-29 00:00:00-04:00
106.5,2019-10-30 00:00:00-04:00
104.0999984741211,2019-10-31 00:00:00-04:00
104.9800033569336,2019-11-01 00:00:00-04:00
102.80999755859375,2019-11-04 00:00:00-05:00
100.98999786376953,2019-11-05 00:00:00-05:00
100.62999725341797,2019-11-06 00:00:00-05:00
100.47000122070312,2019-11-07 00:00:00-05:00
101.41999816894531,2019-11-08 00:00:00-05:00
102.66999816894531,2019-11-11 00:00:00-05:00
102.02999877929688,2019-11-12 00:00:00-05:00
102.12000274658203,2019-11-13 00:00:00-05:00
103.7300033569336,2019-11-14 00:00:00-05:00
104.19999694824219,2019-11-15 00:00:00-05:00
103.66000366210938,2019-11-18 00:00:00-05:00
104.94999694824219,2019-11-19 00:00:00-05:00
104.08999633789062,2019-11-20 00:00:00-05:00
102.55000305175781,2019-11-21 00:00:00-05:00
101.7699966430664,2019-11-22 00:00:00-05:00
104.44999694824219,2019-11-25 00:00:00-05:00
106.19999694824219,2019-11-26 00:00:00-05:00
107.75,2019-11-27 00:00:00-05:00
108.01000213623047,2019-11-29 00:00:00-05:00
106.20999908447266,2019-12-02 00:00:00-05:00
105.58999633789062,2019-12-03 00:00:00-05:00
105.0,2019-12-04 00:00:00-05:00
104.58999633789062,2019-12-05 00:00:00-05:00
104.33999633789062,2019-12-06 00:00:00-05:00
103.77999877929688,2019-12-09 00:00:00-05:00
103.62000274658203,2019-12-10 00:00:00-05:00
105.51000213623047,2019-12-11 00:00:00-05:00
105.66999816894531,2019-12-12 00:00:00-05:00
107.6500015258789,2019-12-13 00:00:00-05:00
109.56999969482422,2019-12-16 00:00:00-05:00
108.45999908447266,2019-12-17 00:00:00-05:00
107.83000183105469,2019-12-18 00:00:00-05:00
108.87999725341797,2019-12-19 00:00:00-05:00
108.75,2019-12-20 00:00:00-05:00
108.61000061035156,2019-12-23 00:00:00-05:00
108.69000244140625,2019-12-24 00:00:00-05:00
109.75,2019-12-26 00:00:00-05:00
109.4000015258789,2019-12-27 00:00:00-05:00
107.97000122070312,2019-12-30 00:00:00-05:00
108.16999816894531,2019-12-31 00:00:00-05:00
110.75,2020-01-02 00:00:00-05:00
108.76000213623047,2020-01-03 00:00:00-05:00
110.16999816894531,2020-01-06 00:00:00-05:00
109.66999816894531,2020-01-07 00:00:00-05:00
111.81999969482422,2020-01-08 00:00:00-05:00
112.56999969482422,2020-01-09 00:00:00-05:00
112.93000030517578,2020-01-10 00:00:00-05:00
115.27999877929688,2020-01-13 00:00:00-05:00
114.63999938964844,2020-01-14 00:00:00-05:00
114.8499984741211,2020-01-15 00:00:00-05:00
115.4000015258789,2020-01-16 00:00:00-05:00
116.04000091552734,2020-01-17 00:00:00-05:00
116.1500015258789,2020-01-21 00:00:00-05:00
115.5,2020-01-22 00:00:00-05:00
117.88999938964844,2020-01-23 00:00:00-05:00
116.9800033569336,2020-01-24 00:00:00-05:00
115.23999786376953,2020-01-27 00:00:00-05:00
116.5199966430664,2020-01-28 00:00:00-05:00
116.66000366210938,2020-01-29 00:00:00-05:00
117.12000274658203,2020-01-30 00:00:00-05:00
113.88999938964844,2020-01-31 00:00:00-05:00
116.51000213623047,2020-02-03 00:00:00-05:00
120.08000183105469,2020-02-04 00:00:00-05:00
119.72000122070312,2020-02-05 00:00:00-05:00
119.88999938964844,2020-02-06 00:00:00-05:00
118.87999725341797,2020-02-07 00:00:00-05:00
120.05999755859375,2020-02-10 00:00:00-05:00
118.83999633789062,2020-02-11 00:00:00-05:00
118.55999755859375,2020-02-12 00:00:00-05:00
120.51000213623047,2020-02-13 00:00:00-05:00
122.98999786376953,2020-02-14 00:00:00-05:00
122.2699966430664,2020-02-18 00:00:00-05:00
123.91000366210938,2020-02-19 00:00:00-05:00
122.43000030517578,2020-02-20 00:00:00-05:00
119.48999786376953,2020-02-21 00:00:00-05:00
116.44000244140625,2020-02-24 00:00:00-05:00
109.66000366210938,2020-02-25 00:00:00-05:00
109.11000061035156,2020-02-26 00:00:00-05:00
107.83999633789062,2020-02-27 00:00:00-05:00
107.98999786376953,2020-02-28 00:00:00-05:00
112.86000061035156,2020-03-02 00:00:00-05:00
109.76000213623047,2020-03-03 00:00:00-05:00
115.30000305175781,2020-03-04 00:00:00-05:00
112.18000030517578,2020-03-05 00:00:00-05:00
110.88999938964844,2020-03-06 00:00:00-05:00
101.62999725341797,2020-03-09 00:00:00-04:00
109.73999786376953,2020-03-10 00:00:00-04:00
103.9000015258789,2020-03-11 00:00:00-04:00
96.95999908447266,2020-03-12 00:00:00-04:00
110.1500015258789,2020-03-13 00:00:00-04:00
92.72000122070312,2020-03-16 00:00:00-04:00
97.87000274658203,2020-03-17 00:00:00-04:00
91.45999908447266,2020-03-18 00:00:00-04:00
93.69000244140625,2020-03-19 00:00:00-04:00
86.68000030517578,2020-03-20 00:00:00-04:00
85.26000213623047,2020-03-23 00:00:00-04:00
97.29000091552734,2020-03-24 00:00:00-04:00
95.70999908447266,2020-03-25 00:00:00-04:00
100.62999725341797,2020-03-26 00:00:00-04:00
93.4800033569336,2020-03-27 00:00:00-04:00
97.02999877929688,2020-03-30 00:00:00-04:00
95.73999786376953,2020-03-31 00:00:00-04:00
91.37999725341797,2020-04-01 00:00:00-04:00
93.5199966430664,2020-04-02 00:00:00-04:00
92.38999938964844,2020-04-03 00:00:00-04:00
101.66999816894531,2020-04-06 00:00:00-04:00
100.27999877929688,2020-04-07 00:00:00-04:00
105.05999755859375,2020-04-08 00:00:00-04:00
105.83999633789062,2020-04-09 00:00:00-04:00
105.9800033569336,2020-04-13 00:00:00-04:00
109.78500366210938,2020-04-14 00:00:00-04:00
107.94999694824219,2020-04-15 00:00:00-04:00
108.30999755859375,2020-04-16 00:00:00-04:00
111.8499984741211,2020-04-17 00:00:00-04:00
112.16999816894531,2020-04-20 00:00:00-04:00
107.54000091552734,2020-04-21 00:00:00-04:00
115.19000244140625,2020-04-22 00:00:00-04:00
115.23999786376953,2020-04-23 00:00:00-04:00
120.18000030517578,2020-04-24 00:00:00-04:00
120.52999877929688,2020-04-27 00:00:00-04:00
116.13999938964844,2020-04-28 00:00:00-04:00
123.58000183105469,2020-04-29 00:00:00-04:00
123.0,2020-04-30 00:00:00-04:00
120.61000061035156,2020-05-01 00:00:00-04:00
123.66000366210938,2020-05-04 00:00:00-04:00
125.43000030517578,2020-05-05 00:00:00-04:00
128.30999755859375,2020-05-06 00:00:00-04:00
146.2899932861328,2020-05-07 00:00:00-04:00
144.9600067138672,2020-05-08 00:00:00-04:00
143.9600067138672,2020-05-11 00:00:00-04:00
141.02999877929688,2020-05-12 00:00:00-04:00
143.72999572753906,2020-05-13 00:00:00-04:00
144.41000366210938,2020-05-14 00:00:00-04:00
145.50999450683594,2020-05-15 00:00:00-04:00
146.24000549316406,2020-05-18 00:00:00-04:00
145.38999938964844,2020-05-19 00:00:00-04:00
150.94000244140625,2020-05-20 00:00:00-04:00
148.22000122070312,2020-05-21 00:00:00-04:00
150.86000061035156,2020-05-22 00:00:00-04:00
147.0,2020-05-26 00:00:00-04:00
145.9600067138672,2020-05-27 00:00:00-04:00
148.7899932861328,2020-05-28 00:00:00-04:00
155.00999450683594,2020-05-29 00:00:00-04:00
154.52999877929688,2020-06-01 00:00:00-04:00
157.49000549316406,2020-06-02 00:00:00-04:00
156.77999877929688,2020-06-03 00:00:00-04:00
154.60000610351562,2020-06-04 00:00:00-04:00
156.0,2020-06-05 00:00:00-04:00
156.08999633789062,2020-06-08 00:00:00-04:00
156.86000061035156,2020-06-09 00:00:00-04:00
159.91000366210938,2020-06-10 00:00:00-04:00
153.0399932861328,2020-06-11 00:00:00-04:00
155.25999450683594,2020-06-12 00:00:00-04:00
157.5500030517578,2020-06-15 00:00:00-04:00
161.22000122070312,2020-06-16 00:00:00-04:00
163.8300018310547,2020-06-17 00:00:00-04:00
168.0500030517578,2020-06-18 00:00:00-04:00
164.36000061035156,2020-06-19 00:00:00-04:00
170.25999450683594,2020-06-22 00:00:00-04:00
172.7899932861328,2020-06-23 00:00:00-04:00
168.0,2020-06-24 00:00:00-04:00
172.5,2020-06-25 00:00:00-04:00
170.8699951171875,2020-06-26 00:00:00-04:00
168.35000610351562,2020-06-29 00:00:00-04:00
174.22999572753906,2020-06-30 00:00:00-04:00
177.42999267578125,2020-07-01 00:00:00-04:00
177.2100067138672,2020-07-02 00:00:00-04:00
176.17999267578125,2020-07-06 00:00:00-04:00
177.27999877929688,2020-07-07 00:00:00-04:00
181.57000732421875,2020-07-08 00:00:00-04:00
183.22999572753906,2020-07-09 00:00:00-04:00
178.39999389648438,2020-07-10 00:00:00-04:00
171.50999450683594,2020-07-13 00:00:00-04:00
172.3000030517578,2020-07-14 00:00:00-04:00
172.05999755859375,2020-07-15 00:00:00-04:00
169.80999755859375,2020-07-16 00:00:00-04:00
173.9199981689453,2020-07-17 00:00:00-04:00
178.82000732421875,2020-07-20 00:00:00-04:00
175.5800018310547,2020-07-21 00:00:00-04:00
178.4199981689453,2020-07-22 00:00:00-04:00
173.86000061035156,2020-07-23 00:00:00-04:00
172.55999755859375,2020-07-24 00:00:00-04:00
177.97999572753906,2020-07-27 00:00:00-04:00
176.27000427246094,2020-07-28 00:00:00-04:00
184.60000610351562,2020-07-29 00:00:00-04:00
192.50999450683594,2020-07-30 00:00:00-04:00
196.07000732421875,2020-07-31 00:00:00-04:00
197.07000732421875,2020-08-03 00:00:00-04:00
197.3300018310547,2020-08-04 00:00:00-04:00
202.91000366210938,2020-08-05 00:00:00-04:00
204.08999633789062,2020-08-06 00:00:00-04:00
198.6300048828125,2020-08-07 00:00:00-04:00
193.32000732421875,2020-08-10 00:00:00-04:00
189.02999877929688,2020-08-11 00:00:00-04:00
191.32000732421875,2020-08-12 00:00:00-04:00
193.07000732421875,2020-08-13 00:00:00-04:00
191.4600067138672,2020-08-14 00:00:00-04:00
196.2899932861328,2020-08-17 00:00:00-04:00
194.57000732421875,2020-08-18 00:00:00-04:00
192.44000244140625,2020-08-19 00:00:00-04:00
198.17999267578125,2020-08-20 00:00:00-04:00
196.7899932861328,2020-08-21 00:00:00-04:00
198.8800048828125,2020-08-24 00:00:00-04:00
201.6699981689453,2020-08-25 00:00:00-04:00
203.47999572753906,2020-08-26 00:00:00-04:00
204.33999633789062,2020-08-27 00:00:00-04:00
204.47999572753906,2020-08-28 00:00:00-04:00
204.13999938964844,2020-08-31 00:00:00-04:00
208.92999267578125,2020-09-01 00:00:00-04:00
210.82000732421875,2020-09-02 00:00:00-04:00
204.99000549316406,2020-09-03 00:00:00-04:00
191.83999633789062,2020-09-04 00:00:00-04:00
185.9499969482422,2020-09-08 00:00:00-04:00
194.60000610351562,2020-09-09 00:00:00-04:00
190.08999633789062,2020-09-10 00:00:00-04:00
184.0,2020-09-11 00:00:00-04:00
186.9600067138672,2020-09-14 00:00:00-04:00
186.02000427246094,2020-09-15 00:00:00-04:00
180.91000366210938,2020-09-16 00:00:00-04:00
175.7899932861328,2020-09-17 00:00:00-04:00
176.07000732421875,2020-09-18 00:00:00-04:00
183.2100067138672,2020-09-21 00:00:00-04:00
187.77999877929688,2020-09-22 00:00:00-04:00
181.61000061035156,2020-09-23 00:00:00-04:00
182.19000244140625,2020-09-24 00:00:00-04:00
187.25,2020-09-25 00:00:00-04:00
192.02000427246094,2020-09-28 00:00:00-04:00
194.5,2020-09-29 00:00:00-04:00
197.02999877929688,2020-09-30 00:00:00-04:00
196.94000244140625,2020-10-01 00:00:00-04:00
191.91000366210938,2020-10-02 00:00:00-04:00
196.85000610351562,2020-10-05 00:00:00-04:00
191.66000366210938,2020-10-06 00:00:00-04:00
194.61000061035156,2020-10-07 00:00:00-04:00
193.05999755859375,2020-10-08 00:00:00-04:00
197.27000427246094,2020-10-09 00:00:00-04:00
201.50999450683594,2020-10-12 00:00:00-04:00
207.74000549316406,2020-10-13 00:00:00-04:00
203.60000610351562,2020-10-14 00:00:00-04:00
203.13999938964844,2020-10-15 00:00:00-04:00
204.4499969482422,2020-10-16 00:00:00-04:00
200.05999755859375,2020-10-19 00:00:00-04:00
201.9600067138672,2020-10-20 00:00:00-04:00
213.07000732421875,2020-10-21 00:00:00-04:00
203.92999267578125,2020-10-22 00:00:00-04:00
203.0399932861328,2020-10-23 00:00:00-04:00
197.22000122070312,2020-10-26 00:00:00-04:00
200.42999267578125,2020-10-27 00:00:00-04:00
192.30999755859375,2020-10-28 00:00:00-04:00
195.0399932861328,2020-10-29 00:00:00-04:00
186.1300048828125,2020-10-30 00:00:00-04:00
187.75999450683594,2020-11-02 00:00:00-05:00
179.80999755859375,2020-11-03 00:00:00-05:00
194.2899932861328,2020-11-04 00:00:00-05:00
204.55999755859375,2020-11-05 00:00:00-05:00
202.72999572753906,2020-11-06 00:00:00-05:00
184.72000122070312,2020-11-09 00:00:00-05:00
183.36000061035156,2020-11-10 00:00:00-05:00
192.33999633789062,2020-11-11 00:00:00-05:00
189.10000610351562,2020-11-12 00:00:00-05:00
188.6199951171875,2020-11-13 00:00:00-05:00
191.94000244140625,2020-11-16 00:00:00-05:00
192.3000030517578,2020-11-17 00:00:00-05:00
190.1199951171875,2020-11-18 00:00:00-05:00
190.89999389648438,2020-11-19 00:00:00-05:00
192.6699981689453,2020-11-20 00:00:00-05:00
200.82000732421875,2020-11-23 00:00:00-05:00
206.0,2020-11-24 00:00:00-05:00
214.4600067138672,2020-11-25 00:00:00-05:00
211.38999938964844,2020-11-27 00:00:00-05:00
214.1199951171875,2020-11-30 00:00:00-05:00
216.5399932861328,2020-12-01 00:00:00-05:00
212.55999755859375,2020-12-02 00:00:00-05:00
214.5399932861328,2020-12-03 00:00:00-05:00
217.77000427246094,2020-12-04 00:00:00-05:00
217.92999267578125,2020-12-07 00:00:00-05:00
216.94000244140625,2020-12-08 00:00:00-05:00
210.8000030517578,2020-12-09 00:00:00-05:00
215.33999633789062,2020-12-10 00:00:00-05:00
214.05999755859375,2020-12-11 00:00:00-05:00
220.7899932861328,2020-12-14 00:00:00-05:00
221.60000610351562,2020-12-15 00:00:00-05:00
230.1999969482422,2020-12-16 00:00:00-05:00
235.50999450683594,2020-12-17 00:00:00-05:00
236.4499969482422,2020-12-18 00:00:00-05:00
237.72000122070312,2020-12-21 00:00:00-05:00
243.49000549316406,2020-12-22 00:00:00-05:00
239.44000244140625,2020-12-23 00:00:00-05:00
238.63999938964844,2020-12-24 00:00:00-05:00
235.72999572753906,2020-12-28 00:00:00-05:00
231.02999877929688,2020-12-29 00:00:00-05:00
231.50999450683594,2020-12-30 00:00:00-05:00
234.1999969482422,2020-12-31 00:00:00-05:00
231.9199981689453,2021-01-04 00:00:00-05:00
234.91000366210938,2021-01-05 00:00:00-05:00
226.8300018310547,2021-01-06 00:00:00-05:00
235.0399932861328,2021-01-07 00:00:00-05:00
242.4600067138672,2021-01-08 00:00:00-05:00
237.5,2021-01-11 00:00:00-05:00
237.63999938964844,2021-01-12 00:00:00-05:00
244.89999389648438,2021-01-13 00:00:00-05:00
242.05999755859375,2021-01-14 00:00:00-05:00
239.7899932861328,2021-01-15 00:00:00-05:00
247.25,2021-01-19 00:00:00-05:00
244.25999450683594,2021-01-20 00:00:00-05:00
248.63999938964844,2021-01-21 00:00:00-05:00
252.0,2021-01-22 00:00:00-05:00
247.75,2021-01-25 00:00:00-05:00
241.0,2021-01-26 00:00:00-05:00
229.94000244140625,2021-01-27 00:00:00-05:00
237.7899932861328,2021-01-28 00:00:00-05:00
234.30999755859375,2021-01-29 00:00:00-05:00
241.85000610351562,2021-02-01 00:00:00-05:00
249.10000610351562,2021-02-02 00:00:00-05:00
251.89999389648438,2021-02-03 00:00:00-05:00
270.42999267578125,2021-02-04 00:00:00-05:00
269.44000244140625,2021-02-05 00:00:00-05:00
282.1700134277344,2021-02-08 00:00:00-05:00
284.20001220703125,2021-02-09 00:00:00-05:00
283.17999267578125,2021-02-10 00:00:00-05:00
285.0299987792969,2021-02-11 00:00:00-05:00
298.3699951171875,2021-02-12 00:00:00-05:00
304.7900085449219,2021-02-16 00:00:00-05:00
297.20001220703125,2021-02-17 00:00:00-05:00
290.80999755859375,2021-02-18 00:00:00-05:00
286.9200134277344,2021-02-19 00:00:00-05:00
273.8500061035156,2021-02-22 00:00:00-05:00
265.0,2021-02-23 00:00:00-05:00
266.07000732421875,2021-02-24 00:00:00-05:00
253.94000244140625,2021-02-25 00:00:00-05:00
259.8500061035156,2021-02-26 00:00:00-05:00
273.6300048828125,2021-03-01 00:00:00-05:00
269.19000244140625,2021-03-02 00:00:00-05:00
255.05999755859375,2021-03-03 00:00:00-05:00
239.07000732421875,2021-03-04 00:00:00-05:00
239.0500030517578,2021-03-05 00:00:00-05:00
226.08999633789062,2021-03-08 00:00:00-05:00
241.75999450683594,2021-03-09 00:00:00-05:00
242.07000732421875,2021-03-10 00:00:00-05:00
253.8300018310547,2021-03-11 00:00:00-05:00
250.35000610351562,2021-03-12 00:00:00-05:00
249.97999572753906,2021-03-15 00:00:00-04:00
249.30999755859375,2021-03-16 00:00:00-04:00
251.47000122070312,2021-03-17 00:00:00-04:00
238.41000366210938,2021-03-18 00:00:00-04:00
241.27999877929688,2021-03-19 00:00:00-04:00
244.38499450683594,2021-03-22 00:00:00-04:00
243.77000427246094,2021-03-23 00:00:00-04:00
234.27000427246094,2021-03-24 00:00:00-04:00
234.24000549316406,2021-03-25 00:00:00-04:00
241.02999877929688,2021-03-26 00:00:00-04:00
235.6699981689453,2021-03-29 00:00:00-04:00
236.5399932861328,2021-03-30 00:00:00-04:00
242.83999633789062,2021-03-31 00:00:00-04:00
247.5399932861328,2021-04-01 00:00:00-04:00
251.02000427246094,2021-04-05 00:00:00-04:00
253.19000244140625,2021-04-06 00:00:00-04:00
255.60000610351562,2021-04-07 00:00:00-04:00
264.5,2021-04-08 00:00:00-04:00
266.7699890136719,2021-04-09 00:00:00-04:00
269.0299987792969,2021-04-12 00:00:00-04:00
275.42999267578125,2021-04-13 00:00:00-04:00
267.2099914550781,2021-04-14 00:00:00-04:00
274.0,2021-04-15 00:00:00-04:00
269.8699951171875,2021-04-16 00:00:00-04:00
267.9100036621094,2021-04-19 00:00:00-04:00
264.42999267578125,2021-04-20 00:00:00-04:00
264.8900146484375,2021-04-21 00:00:00-04:00
262.2699890136719,2021-04-22 00:00:00-04:00
266.0299987792969,2021-04-23 00:00:00-04:00
271.7200012207031,2021-04-26 00:00:00-04:00
268.82000732421875,2021-04-27 00:00:00-04:00
271.0899963378906,2021-04-28 00:00:00-04:00
267.8500061035156,2021-04-29 00:00:00-04:00
262.2900085449219,2021-04-30 00:00:00-04:00
259.0899963378906,2021-05-03 00:00:00-04:00
250.16000366210938,2021-05-04 00:00:00-04:00
247.39999389648438,2021-05-05 00:00:00-04:00
252.02000427246094,2021-05-06 00:00:00-04:00
253.36000061035156,2021-05-07 00:00:00-04:00
243.6300048828125,2021-05-10 00:00:00-04:00
248.60000610351562,2021-05-11 00:00:00-04:00
239.91000366210938,2021-05-12 00:00:00-04:00
240.8000030517578,2021-05-13 00:00:00-04:00
246.2899932861328,2021-05-14 00:00:00-04:00
244.36000061035156,2021-05-17 00:00:00-04:00
243.2100067138672,2021-05-18 00:00:00-04:00
244.6300048828125,2021-05-19 00:00:00-04:00
251.5399932861328,2021-05-20 00:00:00-04:00
250.69000244140625,2021-05-21 00:00:00-04:00
257.1700134277344,2021-05-24 00:00:00-04:00
258.6499938964844,2021-05-25 00:00:00-04:00
261.3699951171875,2021-05-26 00:00:00-04:00
259.4700012207031,2021-05-27 00:00:00-04:00
260.0199890136719,2021-05-28 00:00:00-04:00
259.2699890136719,2021-06-01 00:00:00-04:00
262.1700134277344,2021-06-02 00:00:00-04:00
257.7900085449219,2021-06-03 00:00:00-04:00
263.0400085449219,2021-06-04 00:00:00-04:00
260.6000061035156,2021-06-07 00:00:00-04:00
263.1499938964844,2021-06-08 00:00:00-04:00
263.6000061035156,2021-06-09 00:00:00-04:00
269.4700012207031,2021-06-10 00:00:00-04:00
271.45001220703125,2021-06-11 00:00:00-04:00
274.92999267578125,2021-06-14 00:00:00-04:00
271.8900146484375,2021-06-15 00:00:00-04:00
268.82000732421875,2021-06-16 00:00:00-04:00
278.1099853515625,2021-06-17 00:00:00-04:00
283.3800048828125,2021-06-18 00:00:00-04:00
283.1000061035156,2021-06-21 00:00:00-04:00
286.75,2021-06-22 00:00:00-04:00
288.1199951171875,2021-06-23 00:00:00-04:00
293.2099914550781,2021-06-24 00:00:00-04:00
289.6000061035156,2021-06-25 00:00:00-04:00
293.6499938964844,2021-06-28 00:00:00-04:00
292.760009765625,2021-06-29 00:00:00-04:00
291.4800109863281,2021-06-30 00:00:00-04:00
289.0,2021-07-01 00:00:00-04:00
290.239990234375,2021-07-02 00:00:00-04:00
292.6400146484375,2021-07-06 00:00:00-04:00
297.1300048828125,2021-07-07 00:00:00-04:00
295.04998779296875,2021-07-08 00:00:00-04:00
300.2099914550781,2021-07-09 00:00:00-04:00
302.9700012207031,2021-07-12 00:00:00-04:00
301.19000244140625,2021-07-13 00:00:00-04:00
300.75,2021-07-14 00:00:00-04:00
296.510009765625,2021-07-15 00:00:00-04:00
294.6300048828125,2021-07-16 00:00:00-04:00
294.8500061035156,2021-07-19 00:00:00-04:00
298.07000732421875,2021-07-20 00:00:00-04:00
301.7699890136719,2021-07-21 00:00:00-04:00
303.69000244140625,2021-07-22 00:00:00-04:00
308.5299987792969,2021-07-23 00:00:00-04:00
306.79998779296875,2021-07-26 00:00:00-04:00
300.4800109863281,2021-07-27 00:00:00-04:00
301.9800109863281,2021-07-28 00:00:00-04:00
283.1700134277344,2021-07-29 00:00:00-04:00
275.5299987792969,2021-07-30 00:00:00-04:00
270.989990234375,2021-08-02 00:00:00-04:00
273.5,2021-08-03 00:00:00-04:00
275.5,2021-08-04 00:00:00-04:00
280.6700134277344,2021-08-05 00:00:00-04:00
279.5400085449219,2021-08-06 00:00:00-04:00
278.1499938964844,2021-08-09 00:00:00-04:00
274.3699951171875,2021-08-10 00:00:00-04:00
276.4100036621094,2021-08-11 00:00:00-04:00
274.5899963378906,2021-08-12 00:00:00-04:00
274.9100036621094,2021-08-13 00:00:00-04:00
278.2799987792969,2021-08-16 00:00:00-04:00
271.1000061035156,2021-08-17 00:00:00-04:00
268.8399963378906,2021-08-18 00:00:00-04:00
270.5799865722656,2021-08-19 00:00:00-04:00
272.9599914550781,2021-08-20 00:00:00-04:00
276.9800109863281,2021-08-23 00:00:00-04:00
279.510009765625,2021-08-24 00:00:00-04:00
277.69000244140625,2021-08-25 00:00:00-04:00
273.6199951171875,2021-08-26 00:00:00-04:00
278.3299865722656,2021-08-27 00:00:00-04:00
288.4700012207031,2021-08-30 00:00:00-04:00
288.6600036621094,2021-08-31 00:00:00-04:00
286.75,2021-09-01 00:00:00-04:00
285.5299987792969,2021-09-02 00:00:00-04:00
289.1300048828125,2021-09-03 00:00:00-04:00
293.260009765625,2021-09-07 00:00:00-04:00
285.2300109863281,2021-09-08 00:00:00-04:00
286.8800048828125,2021-09-09 00:00:00-04:00
284.32000732421875,2021-09-10 00:00:00-04:00
280.489990234375,2021-09-13 00:00:00-04:00
282.239990234375,2021-09-14 00:00:00-04:00
282.42999267578125,2021-09-15 00:00:00-04:00
282.9700012207031,2021-09-16 00:00:00-04:00
276.3399963378906,2021-09-17 00:00:00-04:00
269.9100036621094,2021-09-20 00:00:00-04:00
269.489990234375,2021-09-21 00:00:00-04:00
272.3399963378906,2021-09-22 00:00:00-04:00
279.1000061035156,2021-09-23 00:00:00-04:00
278.1099853515625,2021-09-24 00:00:00-04:00
273.3900146484375,2021-09-27 00:00:00-04:00
262.19000244140625,2021-09-28 00:00:00-04:00
259.0,2021-09-29 00:00:00-04:00
260.2099914550781,2021-09-30 00:00:00-04:00
264.6499938964844,2021-10-01 00:00:00-04:00
255.00999450683594,2021-10-04 00:00:00-04:00
260.1499938964844,2021-10-05 00:00:00-04:00
264.05999755859375,2021-10-06 00:00:00-04:00
263.5400085449219,2021-10-07 00:00:00-04:00
260.05999755859375,2021-10-08 00:00:00-04:00
255.0500030517578,2021-10-11 00:00:00-04:00
255.85000610351562,2021-10-12 00:00:00-04:00
256.3599853515625,2021-10-13 00:00:00-04:00
266.45001220703125,2021-10-14 00:00:00-04:00
268.3500061035156,2021-10-15 00:00:00-04:00
270.3299865722656,2021-10-18 00:00:00-04:00
271.70001220703125,2021-10-19 00:00:00-04:00
258.3599853515625,2021-10-20 00:00:00-04:00
243.2100067138672,2021-10-21 00:00:00-04:00
240.39999389648438,2021-10-22 00:00:00-04:00
246.8800048828125,2021-10-25 00:00:00-04:00
243.0,2021-10-26 00:00:00-04:00
234.94000244140625,2021-10-27 00:00:00-04:00
236.8300018310547,2021-10-28 00:00:00-04:00
232.58999633789062,2021-10-29 00:00:00-04:00
231.27999877929688,2021-11-01 00:00:00-04:00
229.4600067138672,2021-11-02 00:00:00-04:00
230.3800048828125,2021-11-03 00:00:00-04:00
228.22000122070312,2021-11-04 00:00:00-04:00
225.77999877929688,2021-11-05 00:00:00-04:00
229.4199981689453,2021-11-08 00:00:00-05:00
205.4199981689453,2021-11-09 00:00:00-05:00
204.63999938964844,2021-11-10 00:00:00-05:00
202.02999877929688,2021-11-11 00:00:00-05:00
208.3000030517578,2021-11-12 00:00:00-05:00
212.5399932861328,2021-11-15 00:00:00-05:00
215.6699981689453,2021-11-16 00:00:00-05:00
206.27000427246094,2021-11-17 00:00:00-05:00
200.5,2021-11-18 00:00:00-05:00
193.61000061035156,2021-11-19 00:00:00-05:00
189.47999572753906,2021-11-22 00:00:00-05:00
188.0500030517578,2021-11-23 00:00:00-05:00
188.7100067138672,2021-11-24 00:00:00-05:00
187.7899932861328,2021-11-26 00:00:00-05:00
187.24000549316406,2021-11-29 00:00:00-05:00
184.88999938964844,2021-11-30 00:00:00-05:00
179.32000732421875,2021-12-01 00:00:00-05:00
187.14999389648438,2021-12-02 00:00:00-05:00
183.92999267578125,2021-12-03 00:00:00-05:00
184.86000061035156,2021-12-06 00:00:00-05:00
191.02000427246094,2021-12-07 00:00:00-05:00
197.35000610351562,2021-12-08 00:00:00-05:00
191.75,2021-12-09 00:00:00-05:00
188.50999450683594,2021-12-10 00:00:00-05:00
186.3800048828125,2021-12-13 00:00:00-05:00
186.8000030517578,2021-12-14 00:00:00-05:00
190.66000366210938,2021-12-15 00:00:00-05:00
188.75,2021-12-16 00:00:00-05:00
186.1999969482422,2021-12-17 00:00:00-05:00
182.67999267578125,2021-12-20 00:00:00-05:00
189.13999938964844,2021-12-21 00:00:00-05:00
191.67999267578125,2021-12-22 00:00:00-05:00
192.00999450683594,2021-12-23 00:00:00-05:00
192.00999450683594,2021-12-27 00:00:00-05:00
190.10000610351562,2021-12-28 00:00:00-05:00
189.97000122070312,2021-12-29 00:00:00-05:00
191.8800048828125,2021-12-30 00:00:00-05:00
188.5800018310547,2021-12-31 00:00:00-05:00
194.94000244140625,2022-01-03 00:00:00-05:00
191.13999938964844,2022-01-04 00:00:00-05:00
187.16000366210938,2022-01-05 00:00:00-05:00
192.27000427246094,2022-01-06 00:00:00-05:00
187.60000610351562,2022-01-07 00:00:00-05:00
182.9499969482422,2022-01-10 00:00:00-05:00
191.52000427246094,2022-01-11 00:00:00-05:00
187.1999969482422,2022-01-12 00:00:00-05:00
181.00999450683594,2022-01-13 00:00:00-05:00
178.4199981689453,2022-01-14 00:00:00-05:00
174.4600067138672,2022-01-18 00:00:00-05:00
173.5500030517578,2022-01-19 00:00:00-05:00
173.27999877929688,2022-01-20 00:00:00-05:00
163.5399932861328,2022-01-21 00:00:00-05:00
162.1699981689453,2022-01-24 00:00:00-05:00
158.1999969482422,2022-01-25 00:00:00-05:00
156.97999572753906,2022-01-26 00:00:00-05:00
158.11000061035156,2022-01-27 00:00:00-05:00
163.52000427246094,2022-01-28 00:00:00-05:00
171.94000244140625,2022-01-31 00:00:00-05:00
175.8000030517578,2022-02-01 00:00:00-05:00
132.57000732421875,2022-02-02 00:00:00-05:00
124.30000305175781,2022-02-03 00:00:00-05:00
126.08000183105469,2022-02-04 00:00:00-05:00
121.41000366210938,2022-02-07 00:00:00-05:00
120.26000213623047,2022-02-08 00:00:00-05:00
122.94000244140625,2022-02-09 00:00:00-05:00
119.0199966430664,2022-02-10 00:00:00-05:00
115.29000091552734,2022-02-11 00:00:00-05:00
114.12000274658203,2022-02-14 00:00:00-05:00
115.45999908447266,2022-02-15 00:00:00-05:00
110.54000091552734,2022-02-16 00:00:00-05:00
105.19999694824219,2022-02-17 00:00:00-05:00
103.6500015258789,2022-02-18 00:00:00-05:00
103.16999816894531,2022-02-22 00:00:00-05:00
100.72000122070312,2022-02-23 00:00:00-05:00
105.0199966430664,2022-02-24 00:00:00-05:00
110.94000244140625,2022-02-25 00:00:00-05:00
111.93000030517578,2022-02-28 00:00:00-05:00
106.51000213623047,2022-03-01 00:00:00-05:00
106.61000061035156,2022-03-02 00:00:00-05:00
101.33999633789062,2022-03-03 00:00:00-05:00
99.91000366210938,2022-03-04 00:00:00-05:00
93.61000061035156,2022-03-07 00:00:00-05:00
94.9000015258789,2022-03-08 00:00:00-05:00
100.22000122070312,2022-03-09 00:00:00-05:00
98.55000305175781,2022-03-10 00:00:00-05:00
96.56999969482422,2022-03-11 00:00:00-05:00
96.87000274658203,2022-03-14 00:00:00-04:00
100.45999908447266,2022-03-15 00:00:00-04:00
107.91999816894531,2022-03-16 00:00:00-04:00
112.16000366210938,2022-03-17 00:00:00-04:00
118.7699966430664,2022-03-18 00:00:00-04:00
114.6500015258789,2022-03-21 00:00:00-04:00
117.87000274658203,2022-03-22 00:00:00-04:00
114.6500015258789,2022-03-23 00:00:00-04:00
116.05000305175781,2022-03-24 00:00:00-04:00
113.76000213623047,2022-03-25 00:00:00-04:00
116.16999816894531,2022-03-28 00:00:00-04:00
121.18000030517578,2022-03-29 00:00:00-04:00
118.48999786376953,2022-03-30 00:00:00-04:00
115.6500015258789,2022-03-31 00:00:00-04:00
116.66999816894531,2022-04-01 00:00:00-04:00
121.86000061035156,2022-04-04 00:00:00-04:00
117.6500015258789,2022-04-05 00:00:00-04:00
112.48999786376953,2022-04-06 00:00:00-04:00
113.04000091552734,2022-04-07 00:00:00-04:00
111.20999908447266,2022-04-08 00:00:00-04:00
109.80999755859375,2022-04-11 00:00:00-04:00
108.25,2022-04-12 00:00:00-04:00
105.16999816894531,2022-04-13 00:00:00-04:00
102.30999755859375,2022-04-14 00:00:00-04:00
100.58000183105469,2022-04-18 00:00:00-04:00
103.66000366210938,2022-04-19 00:00:00-04:00
94.9000015258789,2022-04-20 00:00:00-04:00
89.4000015258789,2022-04-21 00:00:00-04:00
86.02999877929688,2022-04-22 00:00:00-04:00
87.77999877929688,2022-04-25 00:00:00-04:00
83.69999694824219,2022-04-26 00:00:00-04:00
82.61000061035156,2022-04-27 00:00:00-04:00
92.08999633789062,2022-04-28 00:00:00-04:00
87.93000030517578,2022-04-29 00:00:00-04:00
91.52999877929688,2022-05-02 00:00:00-04:00
90.70999908447266,2022-05-03 00:00:00-04:00
92.72000122070312,2022-05-04 00:00:00-04:00
85.43000030517578,2022-05-05 00:00:00-04:00
81.68000030517578,2022-05-06 00:00:00-04:00
79.52999877929688,2022-05-09 00:00:00-04:00
78.75,2022-05-10 00:00:00-04:00
75.16999816894531,2022-05-11 00:00:00-04:00
74.29000091552734,2022-05-12 00:00:00-04:00
78.83000183105469,2022-05-13 00:00:00-04:00
77.6500015258789,2022-05-16 00:00:00-04:00
79.75,2022-05-17 00:00:00-04:00
77.18000030517578,2022-05-18 00:00:00-04:00
81.27999877929688,2022-05-19 00:00:00-04:00
80.54000091552734,2022-05-20 00:00:00-04:00
81.18000030517578,2022-05-23 00:00:00-04:00
78.6500015258789,2022-05-24 00:00:00-04:00
80.12000274658203,2022-05-25 00:00:00-04:00
80.41999816894531,2022-05-26 00:00:00-04:00
85.20999908447266,2022-05-27 00:00:00-04:00
85.20999908447266,2022-05-31 00:00:00-04:00
82.4800033569336,2022-06-01 00:00:00-04:00
88.31999969482422,2022-06-02 00:00:00-04:00
86.52999877929688,2022-06-03 00:00:00-04:00
86.80999755859375,2022-06-06 00:00:00-04:00
88.58999633789062,2022-06-07 00:00:00-04:00
87.51000213623047,2022-06-08 00:00:00-04:00
84.11000061035156,2022-06-09 00:00:00-04:00
79.30000305175781,2022-06-10 00:00:00-04:00
73.72000122070312,2022-06-13 00:00:00-04:00
72.45999908447266,2022-06-14 00:00:00-04:00
75.83000183105469,2022-06-15 00:00:00-04:00
71.2300033569336,2022-06-16 00:00:00-04:00
72.9000015258789,2022-06-17 00:00:00-04:00
72.37000274658203,2022-06-21 00:00:00-04:00
72.97000122070312,2022-06-22 00:00:00-04:00
73.80999755859375,2022-06-23 00:00:00-04:00
77.68000030517578,2022-06-24 00:00:00-04:00
75.94000244140625,2022-06-27 00:00:00-04:00
71.81999969482422,2022-06-28 00:00:00-04:00
71.47000122070312,2022-06-29 00:00:00-04:00
69.83999633789062,2022-06-30 00:00:00-04:00
71.4000015258789,2022-07-01 00:00:00-04:00
74.4000015258789,2022-07-05 00:00:00-04:00
73.23999786376953,2022-07-06 00:00:00-04:00
75.04000091552734,2022-07-07 00:00:00-04:00
73.43000030517578,2022-07-08 00:00:00-04:00
70.47000122070312,2022-07-11 00:00:00-04:00
71.43000030517578,2022-07-12 00:00:00-04:00
71.36000061035156,2022-07-13 00:00:00-04:00
69.55000305175781,2022-07-14 00:00:00-04:00
73.91000366210938,2022-07-15 00:00:00-04:00
74.12999725341797,2022-07-18 00:00:00-04:00
77.73999786376953,2022-07-19 00:00:00-04:00
80.23999786376953,2022-07-20 00:00:00-04:00
82.75,2022-07-21 00:00:00-04:00
81.05000305175781,2022-07-22 00:00:00-04:00
81.6500015258789,2022-07-25 00:00:00-04:00
77.04000091552734,2022-07-26 00:00:00-04:00
86.41999816894531,2022-07-27 00:00:00-04:00
85.86000061035156,2022-07-28 00:00:00-04:00
86.52999877929688,2022-07-29 00:00:00-04:00
88.56500244140625,2022-08-01 00:00:00-04:00
89.62999725341797,2022-08-02 00:00:00-04:00
97.91999816894531,2022-08-03 00:00:00-04:00
96.9800033569336,2022-08-04 00:00:00-04:00
95.31999969482422,2022-08-05 00:00:00-04:00
96.26000213623047,2022-08-08 00:00:00-04:00
94.4800033569336,2022-08-09 00:00:00-04:00
98.91000366210938,2022-08-10 00:00:00-04:00
99.11000061035156,2022-08-11 00:00:00-04:00
101.0999984741211,2022-08-12 00:00:00-04:00
101.51000213623047,2022-08-15 00:00:00-04:00
102.08000183105469,2022-08-16 00:00:00-04:00
99.41999816894531,2022-08-17 00:00:00-04:00
99.86000061035156,2022-08-18 00:00:00-04:00
96.55999755859375,2022-08-19 00:00:00-04:00
93.58000183105469,2022-08-22 00:00:00-04:00
93.19999694824219,2022-08-23 00:00:00-04:00
93.76000213623047,2022-08-24 00:00:00-04:00
96.72000122070312,2022-08-25 00:00:00-04:00
92.69999694824219,2022-08-26 00:00:00-04:00
92.66000366210938,2022-08-29 00:00:00-04:00
91.80000305175781,2022-08-30 00:00:00-04:00
93.44000244140625,2022-08-31 00:00:00-04:00
92.66000366210938,2022-09-01 00:00:00-04:00
91.12999725341797,2022-09-02 00:00:00-04:00
91.61499786376953,2022-09-06 00:00:00-04:00
94.97000122070312,2022-09-07 00:00:00-04:00
96.16999816894531,2022-09-08 00:00:00-04:00
96.2300033569336,2022-09-09 00:00:00-04:00
97.6500015258789,2022-09-12 00:00:00-04:00
95.01000213623047,2022-09-13 00:00:00-04:00
97.66000366210938,2022-09-14 00:00:00-04:00
96.4000015258789,2022-09-15 00:00:00-04:00
94.0,2022-09-16 00:00:00-04:00
95.02999877929688,2022-09-19 00:00:00-04:00
91.62999725341797,2022-09-20 00:00:00-04:00
91.18000030517578,2022-09-21 00:00:00-04:00
87.66000366210938,2022-09-22 00:00:00-04:00
86.97000122070312,2022-09-23 00:00:00-04:00
84.26000213623047,2022-09-26 00:00:00-04:00
85.75,2022-09-27 00:00:00-04:00
91.12000274658203,2022-09-28 00:00:00-04:00
88.69999694824219,2022-09-29 00:00:00-04:00
86.06999969482422,2022-09-30 00:00:00-04:00
87.18000030517578,2022-10-03 00:00:00-04:00
92.79000091552734,2022-10-04 00:00:00-04:00
93.83000183105469,2022-10-05 00:00:00-04:00
94.41999816894531,2022-10-06 00:00:00-04:00
90.16999816894531,2022-10-07 00:00:00-04:00
84.5199966430664,2022-10-10 00:00:00-04:00
83.08999633789062,2022-10-11 00:00:00-04:00
83.80999755859375,2022-10-12 00:00:00-04:00
84.04000091552734,2022-10-13 00:00:00-04:00
80.47000122070312,2022-10-14 00:00:00-04:00
84.66000366210938,2022-10-17 00:00:00-04:00
85.29000091552734,2022-10-18 00:00:00-04:00
84.47000122070312,2022-10-19 00:00:00-04:00
84.77999877929688,2022-10-20 00:00:00-04:00
83.94000244140625,2022-10-21 00:00:00-04:00
83.31999969482422,2022-10-24 00:00:00-04:00
89.23999786376953,2022-10-25 00:00:00-04:00
88.55000305175781,2022-10-26 00:00:00-04:00
87.3499984741211,2022-10-27 00:00:00-04:00
86.25,2022-10-28 00:00:00-04:00
83.58000183105469,2022-10-31 00:00:00-04:00
83.11000061035156,2022-11-01 00:00:00-04:00
79.44999694824219,2022-11-02 00:00:00-04:00
76.55000305175781,2022-11-03 00:00:00-04:00
75.18000030517578,2022-11-04 00:00:00-04:00
77.66000366210938,2022-11-07 00:00:00-05:00
81.12999725341797,2022-11-08 00:00:00-05:00
78.68000030517578,2022-11-09 00:00:00-05:00
86.80000305175781,2022-11-10 00:00:00-05:00
91.02999877929688,2022-11-11 00:00:00-05:00
89.51000213623047,2022-11-14 00:00:00-05:00
89.86000061035156,2022-11-15 00:00:00-05:00
87.04000091552734,2022-11-16 00:00:00-05:00
85.63999938964844,2022-11-17 00:00:00-05:00
84.91999816894531,2022-11-18 00:00:00-05:00
80.62999725341797,2022-11-21 00:00:00-05:00
79.91000366210938,2022-11-22 00:00:00-05:00
80.75,2022-11-23 00:00:00-05:00
80.08000183105469,2022-11-25 00:00:00-05:00
79.93000030517578,2022-11-28 00:00:00-05:00
77.63999938964844,2022-11-29 00:00:00-05:00
78.41000366210938,2022-11-30 00:00:00-05:00
78.52999877929688,2022-12-01 00:00:00-05:00
74.66000366210938,2022-12-02 00:00:00-05:00
73.62000274658203,2022-12-05 00:00:00-05:00
72.2300033569336,2022-12-06 00:00:00-05:00
74.41999816894531,2022-12-07 00:00:00-05:00
74.22000122070312,2022-12-08 00:00:00-05:00
73.56999969482422,2022-12-09 00:00:00-05:00
73.80000305175781,2022-12-12 00:00:00-05:00
73.69999694824219,2022-12-13 00:00:00-05:00
72.62999725341797,2022-12-14 00:00:00-05:00
69.7699966430664,2022-12-15 00:00:00-05:00
69.26000213623047,2022-12-16 00:00:00-05:00
68.94999694824219,2022-12-19 00:00:00-05:00
68.76000213623047,2022-12-20 00:00:00-05:00
69.20999908447266,2022-12-21 00:00:00-05:00
68.56999969482422,2022-12-22 00:00:00-05:00
69.02999877929688,2022-12-23 00:00:00-05:00
68.33000183105469,2022-12-27 00:00:00-05:00
67.55000305175781,2022-12-28 00:00:00-05:00
70.55999755859375,2022-12-29 00:00:00-05:00
71.22000122070312,2022-12-30 00:00:00-05:00
74.58000183105469,2023-01-03 00:00:00-05:00
77.69000244140625,2023-01-04 00:00:00-05:00
76.2699966430664,2023-01-05 00:00:00-05:00
76.4800033569336,2023-01-06 00:00:00-05:00
77.08000183105469,2023-01-09 00:00:00-05:00
77.91999816894531,2023-01-10 00:00:00-05:00
78.54000091552734,2023-01-11 00:00:00-05:00
79.77999877929688,2023-01-12 00:00:00-05:00
79.4800033569336,2023-01-13 00:00:00-05:00
80.18000030517578,2023-01-17 00:00:00-05:00
77.30999755859375,2023-01-18 00:00:00-05:00
76.75,2023-01-19 00:00:00-05:00
79.08999633789062,2023-01-20 00:00:00-05:00
79.5,2023-01-23 00:00:00-05:00
79.58000183105469,2023-01-24 00:00:00-05:00
79.0999984741211,2023-01-25 00:00:00-05:00
80.80999755859375,2023-01-26 00:00:00-05:00
81.83000183105469,2023-01-27 00:00:00-05:00
79.63999938964844,2023-01-30 00:00:00-05:00
81.48999786376953,2023-01-31 00:00:00-05:00
82.91000366210938,2023-02-01 00:00:00-05:00
86.95999908447266,2023-02-02 00:00:00-05:00
85.5199966430664,2023-02-03 00:00:00-05:00
82.33000183105469,2023-02-06 00:00:00-05:00
83.2300033569336,2023-02-07 00:00:00-05:00
79.72000122070312,2023-02-08 00:00:00-05:00
78.41999816894531,2023-02-09 00:00:00-05:00
80.80000305175781,2023-02-10 00:00:00-05:00
79.44999694824219,2023-02-13 00:00:00-05:00
77.26000213623047,2023-02-14 00:00:00-05:00
77.91000366210938,2023-02-15 00:00:00-05:00
76.7300033569336,2023-02-16 00:00:00-05:00
74.66000366210938,2023-02-17 00:00:00-05:00
75.23999786376953,2023-02-21 00:00:00-05:00
75.4800033569336,2023-02-22 00:00:00-05:00
75.19000244140625,2023-02-23 00:00:00-05:00
73.55000305175781,2023-02-24 00:00:00-05:00
73.7699966430664,2023-02-27 00:00:00-05:00
73.5999984741211,2023-02-28 00:00:00-05:00
73.81999969482422,2023-03-01 00:00:00-05:00
74.0999984741211,2023-03-02 00:00:00-05:00
76.29000091552734,2023-03-03 00:00:00-05:00
76.77999877929688,2023-03-06 00:00:00-05:00
74.91000366210938,2023-03-07 00:00:00-05:00
75.83999633789062,2023-03-08 00:00:00-05:00
75.93000030517578,2023-03-09 00:00:00-05:00
73.43000030517578,2023-03-10 00:00:00-05:00
72.61000061035156,2023-03-13 00:00:00-04:00
73.23999786376953,2023-03-14 00:00:00-04:00
73.91000366210938,2023-03-15 00:00:00-04:00
74.3499984741211,2023-03-16 00:00:00-04:00
72.98999786376953,2023-03-17 00:00:00-04:00
73.20999908447266,2023-03-20 00:00:00-04:00
76.72000122070312,2023-03-21 00:00:00-04:00
74.33999633789062,2023-03-22 00:00:00-04:00
72.55999755859375,2023-03-23 00:00:00-04:00
73.87999725341797,2023-03-24 00:00:00-04:00
73.30000305175781,2023-03-27 00:00:00-04:00
72.69999694824219,2023-03-28 00:00:00-04:00
74.18000030517578,2023-03-29 00:00:00-04:00
74.38999938964844,2023-03-30 00:00:00-04:00
75.94000244140625,2023-03-31 00:00:00-04:00
75.29000091552734,2023-04-03 00:00:00-04:00
75.26000213623047,2023-04-04 00:00:00-04:00
73.61000061035156,2023-04-05 00:00:00-04:00
74.95999908447266,2023-04-06 00:00:00-04:00
74.5199966430664,2023-04-10 00:00:00-04:00
73.58000183105469,2023-04-11 00:00:00-04:00
73.5,2023-04-12 00:00:00-04:00
75.5199966430664,2023-04-13 00:00:00-04:00
76.52999877929688,2023-04-14 00:00:00-04:00
77.33000183105469,2023-04-17 00:00:00-04:00
76.41999816894531,2023-04-18 00:00:00-04:00
75.31999969482422,2023-04-19 00:00:00-04:00
73.58000183105469,2023-04-20 00:00:00-04:00
74.18000030517578,2023-04-21 00:00:00-04:00
74.29000091552734,2023-04-24 00:00:00-04:00
71.77999877929688,2023-04-25 00:00:00-04:00
72.05999755859375,2023-04-26 00:00:00-04:00
74.2699966430664,2023-04-27 00:00:00-04:00
76.0,2023-04-28 00:00:00-04:00
75.11000061035156,2023-05-01 00:00:00-04:00
72.27999877929688,2023-05-02 00:00:00-04:00
71.43000030517578,2023-05-03 00:00:00-04:00
71.80999755859375,2023-05-04 00:00:00-04:00
74.97000122070312,2023-05-05 00:00:00-04:00
75.5199966430664,2023-05-08 00:00:00-04:00
65.90499877929688,2023-05-09 00:00:00-04:00
63.380001068115234,2023-05-10 00:00:00-04:00
64.18000030517578,2023-05-11 00:00:00-04:00
61.689998626708984,2023-05-12 00:00:00-04:00
62.25,2023-05-15 00:00:00-04:00
60.79999923706055,2023-05-16 00:00:00-04:00
61.459999084472656,2023-05-17 00:00:00-04:00
61.27000045776367,2023-05-18 00:00:00-04:00
60.91999816894531,2023-05-19 00:00:00-04:00
63.029998779296875,2023-05-22 00:00:00-04:00
62.0,2023-05-23 00:00:00-04:00
61.79999923706055,2023-05-24 00:00:00-04:00
59.369998931884766,2023-05-25 00:00:00-04:00
60.220001220703125,2023-05-26 00:00:00-04:00
62.04999923706055,2023-05-30 00:00:00-04:00
61.9900016784668,2023-05-31 00:00:00-04:00
63.04999923706055,2023-06-01 00:00:00-04:00
63.959999084472656,2023-06-02 00:00:00-04:00
64.51000213623047,2023-06-05 00:00:00-04:00
65.0199966430664,2023-06-06 00:00:00-04:00
64.04000091552734,2023-06-07 00:00:00-04:00
64.23999786376953,2023-06-08 00:00:00-04:00
63.4900016784668,2023-06-09 00:00:00-04:00
63.72999954223633,2023-06-12 00:00:00-04:00
63.560001373291016,2023-06-13 00:00:00-04:00
63.599998474121094,2023-06-14 00:00:00-04:00
65.8499984741211,2023-06-15 00:00:00-04:00
66.43000030517578,2023-06-16 00:00:00-04:00
68.88999938964844,2023-06-20 00:00:00-04:00
68.19000244140625,2023-06-21 00:00:00-04:00
68.56999969482422,2023-06-22 00:00:00-04:00
66.94000244140625,2023-06-23 00:00:00-04:00
66.44000244140625,2023-06-26 00:00:00-04:00
66.2300033569336,2023-06-27 00:00:00-04:00
66.02999877929688,2023-06-28 00:00:00-04:00
65.86000061035156,2023-06-29 00:00:00-04:00
66.7300033569336,2023-06-30 00:00:00-04:00
68.0999984741211,2023-07-03 00:00:00-04:00
68.8499984741211,2023-07-05 00:00:00-04:00
66.13999938964844,2023-07-06 00:00:00-04:00
66.79000091552734,2023-07-07 00:00:00-04:00
69.27999877929688,2023-07-10 00:00:00-04:00
70.62000274658203,2023-07-11 00:00:00-04:00
70.58999633789062,2023-07-12 00:00:00-04:00
72.38999938964844,2023-07-13 00:00:00-04:00
72.0999984741211,2023-07-14 00:00:00-04:00
73.48999786376953,2023-07-17 00:00:00-04:00
74.37000274658203,2023-07-18 00:00:00-04:00
74.22000122070312,2023-07-19 00:00:00-04:00
73.0199966430664,2023-07-20 00:00:00-04:00
72.98999786376953,2023-07-21 00:00:00-04:00
73.69000244140625,2023-07-24 00:00:00-04:00
72.95999908447266,2023-07-25 00:00:00-04:00
73.43000030517578,2023-07-26 00:00:00-04:00
72.02999877929688,2023-07-27 00:00:00-04:00
73.9800033569336,2023-07-28 00:00:00-04:00
75.81999969482422,2023-07-31 00:00:00-04:00
75.52999877929688,2023-08-01 00:00:00-04:00
73.19999694824219,2023-08-02 00:00:00-04:00
64.18000030517578,2023-08-03 00:00:00-04:00
62.75,2023-08-04 00:00:00-04:00
64.41999816894531,2023-08-07 00:00:00-04:00
63.189998626708984,2023-08-08 00:00:00-04:00
62.02000045776367,2023-08-09 00:00:00-04:00
62.790000915527344,2023-08-10 00:00:00-04:00
61.540000915527344,2023-08-11 00:00:00-04:00
63.27000045776367,2023-08-14 00:00:00-04:00
59.470001220703125,2023-08-15 00:00:00-04:00
59.68000030517578,2023-08-16 00:00:00-04:00
58.599998474121094,2023-08-17 00:00:00-04:00
59.41999816894531,2023-08-18 00:00:00-04:00
59.5099983215332,2023-08-21 00:00:00-04:00
60.97999954223633,2023-08-22 00:00:00-04:00
61.7599983215332,2023-08-23 00:00:00-04:00
60.709999084472656,2023-08-24 00:00:00-04:00
61.189998626708984,2023-08-25 00:00:00-04:00
61.66999816894531,2023-08-28 00:00:00-04:00
62.5,2023-08-29 00:00:00-04:00
63.41999816894531,2023-08-30 00:00:00-04:00
62.5099983215332,2023-08-31 00:00:00-04:00
63.56999969482422,2023-09-01 00:00:00-04:00
63.7400016784668,2023-09-05 00:00:00-04:00
62.79999923706055,2023-09-06 00:00:00-04:00
61.650001525878906,2023-09-07 00:00:00-04:00
60.97999954223633,2023-09-08 00:00:00-04:00
61.93000030517578,2023-09-11 00:00:00-04:00
62.810001373291016,2023-09-12 00:00:00-04:00
62.84000015258789,2023-09-13 00:00:00-04:00
64.44000244140625,2023-09-14 00:00:00-04:00
64.20999908447266,2023-09-15 00:00:00-04:00
62.939998626708984,2023-09-18 00:00:00-04:00
62.189998626708984,2023-09-19 00:00:00-04:00
60.86000061035156,2023-09-20 00:00:00-04:00
58.619998931884766,2023-09-21 00:00:00-04:00
57.880001068115234,2023-09-22 00:00:00-04:00
58.86000061035156,2023-09-25 00:00:00-04:00
58.93000030517578,2023-09-26 00:00:00-04:00
57.34000015258789,2023-09-27 00:00:00-04:00
58.18000030517578,2023-09-28 00:00:00-04:00
58.459999084472656,2023-09-29 00:00:00-04:00
58.560001373291016,2023-10-02 00:00:00-04:00
57.29999923706055,2023-10-03 00:00:00-04:00
58.56999969482422,2023-10-04 00:00:00-04:00
57.47999954223633,2023-10-05 00:00:00-04:00
57.77000045776367,2023-10-06 00:00:00-04:00
57.959999084472656,2023-10-09 00:00:00-04:00
57.720001220703125,2023-10-10 00:00:00-04:00
58.06999969482422,2023-10-11 00:00:00-04:00
56.35499954223633,2023-10-12 00:00:00-04:00
55.75,2023-10-13 00:00:00-04:00
57.0,2023-10-16 00:00:00-04:00
57.15999984741211,2023-10-17 00:00:00-04:00
55.79999923706055,2023-10-18 00:00:00-04:00
54.810001373291016,2023-10-19 00:00:00-04:00
53.38999938964844,2023-10-20 00:00:00-04:00
53.45000076293945,2023-10-23 00:00:00-04:00
54.2400016784668,2023-10-24 00:00:00-04:00
51.4900016784668,2023-10-25 00:00:00-04:00
51.75,2023-10-26 00:00:00-04:00
50.38999938964844,2023-10-27 00:00:00-04:00
51.04999923706055,2023-10-30 00:00:00-04:00
51.79999923706055,2023-10-31 00:00:00-04:00
51.65999984741211,2023-11-01 00:00:00-04:00
55.060001373291016,2023-11-02 00:00:00-04:00
56.099998474121094,2023-11-03 00:00:00-04:00
54.619998931884766,2023-11-06 00:00:00-05:00
54.630001068115234,2023-11-07 00:00:00-05:00
55.08000183105469,2023-11-08 00:00:00-05:00
54.279998779296875,2023-11-09 00:00:00-05:00
54.77000045776367,2023-11-10 00:00:00-05:00
54.38999938964844,2023-11-13 00:00:00-05:00
56.68000030517578,2023-11-14 00:00:00-05:00
58.25,2023-11-15 00:00:00-05:00
56.81999969482422,2023-11-16 00:00:00-05:00
56.540000915527344,2023-11-17 00:00:00-05:00
56.9900016784668,2023-11-20 00:00:00-05:00
55.400001525878906,2023-11-21 00:00:00-05:00
56.34000015258789,2023-11-22 00:00:00-05:00
55.7599983215332,2023-11-24 00:00:00-05:00
56.38999938964844,2023-11-27 00:00:00-05:00
58.470001220703125,2023-11-28 00:00:00-05:00
57.970001220703125,2023-11-29 00:00:00-05:00
57.61000061035156,2023-11-30 00:00:00-05:00
59.650001525878906,2023-12-01 00:00:00-05:00
59.849998474121094,2023-12-04 00:00:00-05:00
57.91999816894531,2023-12-05 00:00:00-05:00
59.529998779296875,2023-12-06 00:00:00-05:00
58.47999954223633,2023-12-07 00:00:00-05:00
58.939998626708984,2023-12-08 00:00:00-05:00
59.040000915527344,2023-12-11 00:00:00-05:00
58.88999938964844,2023-12-12 00:00:00-05:00
61.72999954223633,2023-12-13 00:00:00-05:00
61.869998931884766,2023-12-14 00:00:00-05:00
61.2599983215332,2023-12-15 00:00:00-05:00
61.470001220703125,2023-12-18 00:00:00-05:00
63.0099983215332,2023-12-19 00:00:00-05:00
61.7400016784668,2023-12-20 00:00:00-05:00
62.060001373291016,2023-12-21 00:00:00-05:00
61.84000015258789,2023-12-22 00:00:00-05:00
62.560001373291016,2023-12-26 00:00:00-05:00
62.68000030517578,2023-12-27 00:00:00-05:00
63.08000183105469,2023-12-28 00:00:00-05:00
61.40999984741211,2023-12-29 00:00:00-05:00
61.459999084472656,2024-01-02 00:00:00-05:00
58.630001068115234,2024-01-03 00:00:00-05:00
58.45000076293945,2024-01-04 00:00:00-05:00
60.119998931884766,2024-01-05 00:00:00-05:00
61.7400016784668,2024-01-08 00:00:00-05:00
61.04999923706055,2024-01-09 00:00:00-05:00
60.959999084472656,2024-01-10 00:00:00-05:00
61.349998474121094,2024-01-11 00:00:00-05:00
61.0,2024-01-12 00:00:00-05:00
58.45000076293945,2024-01-16 00:00:00-05:00
59.88999938964844,2024-01-17 00:00:00-05:00
62.09000015258789,2024-01-18 00:00:00-05:00
65.81999969482422,2024-01-19 00:00:00-05:00
63.7400016784668,2024-01-22 00:00:00-05:00
64.77999877929688,2024-01-23 00:00:00-05:00
63.02000045776367,2024-01-24 00:00:00-05:00
60.709999084472656,2024-01-25 00:00:00-05:00
61.779998779296875,2024-01-26 00:00:00-05:00
63.7599983215332,2024-01-29 00:00:00-05:00
63.68000030517578,2024-01-30 00:00:00-05:00
61.349998474121094,2024-01-31 00:00:00-05:00
62.02000045776367,2024-02-01 00:00:00-05:00
62.41999816894531,2024-02-02 00:00:00-05:00
61.540000915527344,2024-02-05 00:00:00-05:00
63.709999084472656,2024-02-06 00:00:00-05:00
63.2400016784668,2024-02-07 00:00:00-05:00
56.130001068115234,2024-02-08 00:00:00-05:00
58.90999984741211,2024-02-09 00:00:00-05:00
60.09000015258789,2024-02-12 00:00:00-05:00
58.2599983215332,2024-02-13 00:00:00-05:00
58.869998931884766,2024-02-14 00:00:00-05:00
59.70000076293945,2024-02-15 00:00:00-05:00
59.13999938964844,2024-02-16 00:00:00-05:00
58.630001068115234,2024-02-20 00:00:00-05:00
57.47999954223633,2024-02-21 00:00:00-05:00
58.349998474121094,2024-02-22 00:00:00-05:00
59.15999984741211,2024-02-23 00:00:00-05:00
59.33000183105469,2024-02-26 00:00:00-05:00
60.15999984741211,2024-02-27 00:00:00-05:00
60.25,2024-02-28 00:00:00-05:00
60.34000015258789,2024-02-29 00:00:00-05:00
60.540000915527344,2024-03-01 00:00:00-05:00
59.97999954223633,2024-03-04 00:00:00-05:00
58.27000045776367,2024-03-05 00:00:00-05:00
58.119998931884766,2024-03-06 00:00:00-05:00
58.5,2024-03-07 00:00:00-05:00
59.0099983215332,2024-03-08 00:00:00-05:00
60.08000183105469,2024-03-11 00:00:00-04:00
60.029998779296875,2024-03-12 00:00:00-04:00
62.45000076293945,2024-03-13 00:00:00-04:00
63.0,2024-03-14 00:00:00-04:00
62.849998474121094,2024-03-15 00:00:00-04:00
64.2300033569336,2024-03-18 00:00:00-04:00
63.0099983215332,2024-03-19 00:00:00-04:00
65.05000305175781,2024-03-20 00:00:00-04:00
66.13999938964844,2024-03-21 00:00:00-04:00
64.7699966430664,2024-03-22 00:00:00-04:00
66.0,2024-03-25 00:00:00-04:00
66.66999816894531,2024-03-26 00:00:00-04:00
66.56999969482422,2024-03-27 00:00:00-04:00
66.98999786376953,2024-03-28 00:00:00-04:00
65.02999877929688,2024-04-01 00:00:00-04:00
64.66000366210938,2024-04-02 00:00:00-04:00
65.33999633789062,2024-04-03 00:00:00-04:00
64.54000091552734,2024-04-04 00:00:00-04:00
65.1500015258789,2024-04-05 00:00:00-04:00
66.33999633789062,2024-04-08 00:00:00-04:00
67.0,2024-04-09 00:00:00-04:00
65.87999725341797,2024-04-10 00:00:00-04:00
65.80000305175781,2024-04-11 00:00:00-04:00
64.58999633789062,2024-04-12 00:00:00-04:00
63.5099983215332,2024-04-15 00:00:00-04:00
63.43000030517578,2024-04-16 00:00:00-04:00
63.2599983215332,2024-04-17 00:00:00-04:00
62.099998474121094,2024-04-18 00:00:00-04:00
62.310001373291016,2024-04-19 00:00:00-04:00
63.189998626708984,2024-04-22 00:00:00-04:00
64.43000030517578,2024-04-23 00:00:00-04:00
64.83999633789062,2024-04-24 00:00:00-04:00
64.0999984741211,2024-04-25 00:00:00-04:00
65.95999908447266,2024-04-26 00:00:00-04:00
66.98999786376953,2024-04-29 00:00:00-04:00
67.91999816894531,2024-04-30 00:00:00-04:00
66.41500091552734,2024-05-01 00:00:00-04:00
