TEAM,Date
21.0,2015-12-09 00:00:00-05:00
27.780000686645508,2015-12-10 00:00:00-05:00
27.5,2015-12-11 00:00:00-05:00
26.260000228881836,2015-12-14 00:00:00-05:00
26.5,2015-12-15 00:00:00-05:00
26.540000915527344,2015-12-16 00:00:00-05:00
28.010000228881836,2015-12-17 00:00:00-05:00
28.219999313354492,2015-12-18 00:00:00-05:00
29.350000381469727,2015-12-21 00:00:00-05:00
30.100000381469727,2015-12-22 00:00:00-05:00
28.489999771118164,2015-12-23 00:00:00-05:00
28.209999084472656,2015-12-24 00:00:00-05:00
28.899999618530273,2015-12-28 00:00:00-05:00
31.100000381469727,2015-12-29 00:00:00-05:00
30.209999084472656,2015-12-30 00:00:00-05:00
30.079999923706055,2015-12-31 00:00:00-05:00
27.40999984741211,2016-01-04 00:00:00-05:00
26.770000457763672,2016-01-05 00:00:00-05:00
27.049999237060547,2016-01-06 00:00:00-05:00
26.969999313354492,2016-01-07 00:00:00-05:00
27.170000076293945,2016-01-08 00:00:00-05:00
27.1200008392334,2016-01-11 00:00:00-05:00
26.81999969482422,2016-01-12 00:00:00-05:00
26.729999542236328,2016-01-13 00:00:00-05:00
26.84000015258789,2016-01-14 00:00:00-05:00
25.190000534057617,2016-01-15 00:00:00-05:00
24.020000457763672,2016-01-19 00:00:00-05:00
22.6299991607666,2016-01-20 00:00:00-05:00
24.239999771118164,2016-01-21 00:00:00-05:00
24.610000610351562,2016-01-22 00:00:00-05:00
23.670000076293945,2016-01-25 00:00:00-05:00
24.010000228881836,2016-01-26 00:00:00-05:00
22.280000686645508,2016-01-27 00:00:00-05:00
20.389999389648438,2016-01-28 00:00:00-05:00
20.770000457763672,2016-01-29 00:00:00-05:00
21.170000076293945,2016-02-01 00:00:00-05:00
21.34000015258789,2016-02-02 00:00:00-05:00
23.770000457763672,2016-02-03 00:00:00-05:00
24.0,2016-02-04 00:00:00-05:00
20.190000534057617,2016-02-05 00:00:00-05:00
17.920000076293945,2016-02-08 00:00:00-05:00
18.920000076293945,2016-02-09 00:00:00-05:00
20.059999465942383,2016-02-10 00:00:00-05:00
20.350000381469727,2016-02-11 00:00:00-05:00
20.100000381469727,2016-02-12 00:00:00-05:00
22.18000030517578,2016-02-16 00:00:00-05:00
23.350000381469727,2016-02-17 00:00:00-05:00
22.0,2016-02-18 00:00:00-05:00
22.1299991607666,2016-02-19 00:00:00-05:00
22.110000610351562,2016-02-22 00:00:00-05:00
22.510000228881836,2016-02-23 00:00:00-05:00
22.559999465942383,2016-02-24 00:00:00-05:00
23.53499984741211,2016-02-25 00:00:00-05:00
23.299999237060547,2016-02-26 00:00:00-05:00
23.770000457763672,2016-02-29 00:00:00-05:00
23.600000381469727,2016-03-01 00:00:00-05:00
24.15999984741211,2016-03-02 00:00:00-05:00
23.0,2016-03-03 00:00:00-05:00
23.020000457763672,2016-03-04 00:00:00-05:00
23.030000686645508,2016-03-07 00:00:00-05:00
22.360000610351562,2016-03-08 00:00:00-05:00
21.770000457763672,2016-03-09 00:00:00-05:00
22.219999313354492,2016-03-10 00:00:00-05:00
22.969999313354492,2016-03-11 00:00:00-05:00
22.729999542236328,2016-03-14 00:00:00-04:00
23.5,2016-03-15 00:00:00-04:00
24.190000534057617,2016-03-16 00:00:00-04:00
24.420000076293945,2016-03-17 00:00:00-04:00
23.239999771118164,2016-03-18 00:00:00-04:00
23.920000076293945,2016-03-21 00:00:00-04:00
24.690000534057617,2016-03-22 00:00:00-04:00
24.6299991607666,2016-03-23 00:00:00-04:00
23.81999969482422,2016-03-24 00:00:00-04:00
24.010000228881836,2016-03-28 00:00:00-04:00
24.110000610351562,2016-03-29 00:00:00-04:00
23.739999771118164,2016-03-30 00:00:00-04:00
25.149999618530273,2016-03-31 00:00:00-04:00
23.690000534057617,2016-04-01 00:00:00-04:00
24.100000381469727,2016-04-04 00:00:00-04:00
23.479999542236328,2016-04-05 00:00:00-04:00
23.549999237060547,2016-04-06 00:00:00-04:00
23.059999465942383,2016-04-07 00:00:00-04:00
23.239999771118164,2016-04-08 00:00:00-04:00
23.229999542236328,2016-04-11 00:00:00-04:00
23.110000610351562,2016-04-12 00:00:00-04:00
23.56999969482422,2016-04-13 00:00:00-04:00
22.940000534057617,2016-04-14 00:00:00-04:00
22.610000610351562,2016-04-15 00:00:00-04:00
23.299999237060547,2016-04-18 00:00:00-04:00
23.399999618530273,2016-04-19 00:00:00-04:00
23.610000610351562,2016-04-20 00:00:00-04:00
24.299999237060547,2016-04-21 00:00:00-04:00
23.81999969482422,2016-04-22 00:00:00-04:00
23.90999984741211,2016-04-25 00:00:00-04:00
24.100000381469727,2016-04-26 00:00:00-04:00
23.65999984741211,2016-04-27 00:00:00-04:00
23.190000534057617,2016-04-28 00:00:00-04:00
23.170000076293945,2016-04-29 00:00:00-04:00
24.170000076293945,2016-05-02 00:00:00-04:00
23.780000686645508,2016-05-03 00:00:00-04:00
23.280000686645508,2016-05-04 00:00:00-04:00
23.020000457763672,2016-05-05 00:00:00-04:00
21.829999923706055,2016-05-06 00:00:00-04:00
21.09000015258789,2016-05-09 00:00:00-04:00
21.809999465942383,2016-05-10 00:00:00-04:00
22.010000228881836,2016-05-11 00:00:00-04:00
21.579999923706055,2016-05-12 00:00:00-04:00
21.93000030517578,2016-05-13 00:00:00-04:00
22.030000686645508,2016-05-16 00:00:00-04:00
21.729999542236328,2016-05-17 00:00:00-04:00
22.1200008392334,2016-05-18 00:00:00-04:00
21.799999237060547,2016-05-19 00:00:00-04:00
22.690000534057617,2016-05-20 00:00:00-04:00
22.3700008392334,2016-05-23 00:00:00-04:00
22.81999969482422,2016-05-24 00:00:00-04:00
23.020000457763672,2016-05-25 00:00:00-04:00
22.90999984741211,2016-05-26 00:00:00-04:00
22.780000686645508,2016-05-27 00:00:00-04:00
22.56999969482422,2016-05-31 00:00:00-04:00
23.93000030517578,2016-06-01 00:00:00-04:00
24.950000762939453,2016-06-02 00:00:00-04:00
24.149999618530273,2016-06-03 00:00:00-04:00
24.360000610351562,2016-06-06 00:00:00-04:00
23.459999084472656,2016-06-07 00:00:00-04:00
23.790000915527344,2016-06-08 00:00:00-04:00
23.989999771118164,2016-06-09 00:00:00-04:00
23.84000015258789,2016-06-10 00:00:00-04:00
24.350000381469727,2016-06-13 00:00:00-04:00
24.520000457763672,2016-06-14 00:00:00-04:00
25.989999771118164,2016-06-15 00:00:00-04:00
25.5,2016-06-16 00:00:00-04:00
25.809999465942383,2016-06-17 00:00:00-04:00
26.260000228881836,2016-06-20 00:00:00-04:00
25.989999771118164,2016-06-21 00:00:00-04:00
26.190000534057617,2016-06-22 00:00:00-04:00
26.780000686645508,2016-06-23 00:00:00-04:00
25.899999618530273,2016-06-24 00:00:00-04:00
24.950000762939453,2016-06-27 00:00:00-04:00
25.3799991607666,2016-06-28 00:00:00-04:00
25.809999465942383,2016-06-29 00:00:00-04:00
25.899999618530273,2016-06-30 00:00:00-04:00
25.6200008392334,2016-07-01 00:00:00-04:00
26.170000076293945,2016-07-05 00:00:00-04:00
26.969999313354492,2016-07-06 00:00:00-04:00
26.579999923706055,2016-07-07 00:00:00-04:00
26.979999542236328,2016-07-08 00:00:00-04:00
27.219999313354492,2016-07-11 00:00:00-04:00
27.299999237060547,2016-07-12 00:00:00-04:00
27.110000610351562,2016-07-13 00:00:00-04:00
27.350000381469727,2016-07-14 00:00:00-04:00
27.399999618530273,2016-07-15 00:00:00-04:00
27.200000762939453,2016-07-18 00:00:00-04:00
27.510000228881836,2016-07-19 00:00:00-04:00
28.020000457763672,2016-07-20 00:00:00-04:00
27.729999542236328,2016-07-21 00:00:00-04:00
28.15999984741211,2016-07-22 00:00:00-04:00
28.399999618530273,2016-07-25 00:00:00-04:00
28.700000762939453,2016-07-26 00:00:00-04:00
29.0,2016-07-27 00:00:00-04:00
29.739999771118164,2016-07-28 00:00:00-04:00
29.969999313354492,2016-07-29 00:00:00-04:00
29.84000015258789,2016-08-01 00:00:00-04:00
29.329999923706055,2016-08-02 00:00:00-04:00
29.790000915527344,2016-08-03 00:00:00-04:00
30.040000915527344,2016-08-04 00:00:00-04:00
31.969999313354492,2016-08-05 00:00:00-04:00
30.489999771118164,2016-08-08 00:00:00-04:00
30.65999984741211,2016-08-09 00:00:00-04:00
29.950000762939453,2016-08-10 00:00:00-04:00
29.979999542236328,2016-08-11 00:00:00-04:00
30.0,2016-08-12 00:00:00-04:00
30.329999923706055,2016-08-15 00:00:00-04:00
29.950000762939453,2016-08-16 00:00:00-04:00
29.6299991607666,2016-08-17 00:00:00-04:00
29.709999084472656,2016-08-18 00:00:00-04:00
29.420000076293945,2016-08-19 00:00:00-04:00
28.969999313354492,2016-08-22 00:00:00-04:00
28.969999313354492,2016-08-23 00:00:00-04:00
28.739999771118164,2016-08-24 00:00:00-04:00
28.93000030517578,2016-08-25 00:00:00-04:00
28.940000534057617,2016-08-26 00:00:00-04:00
29.020000457763672,2016-08-29 00:00:00-04:00
29.700000762939453,2016-08-30 00:00:00-04:00
29.479999542236328,2016-08-31 00:00:00-04:00
29.969999313354492,2016-09-01 00:00:00-04:00
30.100000381469727,2016-09-02 00:00:00-04:00
30.420000076293945,2016-09-06 00:00:00-04:00
30.639999389648438,2016-09-07 00:00:00-04:00
30.670000076293945,2016-09-08 00:00:00-04:00
29.479999542236328,2016-09-09 00:00:00-04:00
30.229999542236328,2016-09-12 00:00:00-04:00
29.489999771118164,2016-09-13 00:00:00-04:00
29.729999542236328,2016-09-14 00:00:00-04:00
30.010000228881836,2016-09-15 00:00:00-04:00
30.0,2016-09-16 00:00:00-04:00
30.290000915527344,2016-09-19 00:00:00-04:00
30.260000228881836,2016-09-20 00:00:00-04:00
31.899999618530273,2016-09-21 00:00:00-04:00
31.360000610351562,2016-09-22 00:00:00-04:00
30.75,2016-09-23 00:00:00-04:00
30.020000457763672,2016-09-26 00:00:00-04:00
29.780000686645508,2016-09-27 00:00:00-04:00
30.0,2016-09-28 00:00:00-04:00
30.31999969482422,2016-09-29 00:00:00-04:00
29.969999313354492,2016-09-30 00:00:00-04:00
29.190000534057617,2016-10-03 00:00:00-04:00
28.719999313354492,2016-10-04 00:00:00-04:00
29.079999923706055,2016-10-05 00:00:00-04:00
28.850000381469727,2016-10-06 00:00:00-04:00
28.270000457763672,2016-10-07 00:00:00-04:00
28.459999084472656,2016-10-10 00:00:00-04:00
28.40999984741211,2016-10-11 00:00:00-04:00
28.0,2016-10-12 00:00:00-04:00
28.049999237060547,2016-10-13 00:00:00-04:00
28.420000076293945,2016-10-14 00:00:00-04:00
28.43000030517578,2016-10-17 00:00:00-04:00
28.90999984741211,2016-10-18 00:00:00-04:00
29.030000686645508,2016-10-19 00:00:00-04:00
28.700000762939453,2016-10-20 00:00:00-04:00
29.040000915527344,2016-10-21 00:00:00-04:00
29.25,2016-10-24 00:00:00-04:00
29.139999389648438,2016-10-25 00:00:00-04:00
28.770000457763672,2016-10-26 00:00:00-04:00
28.309999465942383,2016-10-27 00:00:00-04:00
27.200000762939453,2016-10-28 00:00:00-04:00
26.860000610351562,2016-10-31 00:00:00-04:00
27.190000534057617,2016-11-01 00:00:00-04:00
27.1299991607666,2016-11-02 00:00:00-04:00
26.940000534057617,2016-11-03 00:00:00-04:00
26.899999618530273,2016-11-04 00:00:00-04:00
27.440000534057617,2016-11-07 00:00:00-05:00
27.420000076293945,2016-11-08 00:00:00-05:00
27.31999969482422,2016-11-09 00:00:00-05:00
27.469999313354492,2016-11-10 00:00:00-05:00
27.489999771118164,2016-11-11 00:00:00-05:00
27.59000015258789,2016-11-14 00:00:00-05:00
27.90999984741211,2016-11-15 00:00:00-05:00
28.549999237060547,2016-11-16 00:00:00-05:00
29.360000610351562,2016-11-17 00:00:00-05:00
28.760000228881836,2016-11-18 00:00:00-05:00
27.90999984741211,2016-11-21 00:00:00-05:00
27.34000015258789,2016-11-22 00:00:00-05:00
27.40999984741211,2016-11-23 00:00:00-05:00
27.420000076293945,2016-11-25 00:00:00-05:00
27.219999313354492,2016-11-28 00:00:00-05:00
27.610000610351562,2016-11-29 00:00:00-05:00
27.139999389648438,2016-11-30 00:00:00-05:00
26.1200008392334,2016-12-01 00:00:00-05:00
25.229999542236328,2016-12-02 00:00:00-05:00
25.59000015258789,2016-12-05 00:00:00-05:00
25.579999923706055,2016-12-06 00:00:00-05:00
26.079999923706055,2016-12-07 00:00:00-05:00
26.530000686645508,2016-12-08 00:00:00-05:00
26.549999237060547,2016-12-09 00:00:00-05:00
25.639999389648438,2016-12-12 00:00:00-05:00
25.280000686645508,2016-12-13 00:00:00-05:00
24.889999389648438,2016-12-14 00:00:00-05:00
24.649999618530273,2016-12-15 00:00:00-05:00
24.190000534057617,2016-12-16 00:00:00-05:00
24.06999969482422,2016-12-19 00:00:00-05:00
24.610000610351562,2016-12-20 00:00:00-05:00
24.329999923706055,2016-12-21 00:00:00-05:00
24.049999237060547,2016-12-22 00:00:00-05:00
24.1299991607666,2016-12-23 00:00:00-05:00
24.309999465942383,2016-12-27 00:00:00-05:00
24.25,2016-12-28 00:00:00-05:00
24.260000228881836,2016-12-29 00:00:00-05:00
24.079999923706055,2016-12-30 00:00:00-05:00
24.600000381469727,2017-01-03 00:00:00-05:00
25.149999618530273,2017-01-04 00:00:00-05:00
24.969999313354492,2017-01-05 00:00:00-05:00
24.719999313354492,2017-01-06 00:00:00-05:00
25.030000686645508,2017-01-09 00:00:00-05:00
25.239999771118164,2017-01-10 00:00:00-05:00
26.0,2017-01-11 00:00:00-05:00
26.809999465942383,2017-01-12 00:00:00-05:00
26.90999984741211,2017-01-13 00:00:00-05:00
26.6299991607666,2017-01-17 00:00:00-05:00
27.200000762939453,2017-01-18 00:00:00-05:00
27.420000076293945,2017-01-19 00:00:00-05:00
28.030000686645508,2017-01-20 00:00:00-05:00
27.639999389648438,2017-01-23 00:00:00-05:00
27.93000030517578,2017-01-24 00:00:00-05:00
27.850000381469727,2017-01-25 00:00:00-05:00
27.770000457763672,2017-01-26 00:00:00-05:00
27.760000228881836,2017-01-27 00:00:00-05:00
27.610000610351562,2017-01-30 00:00:00-05:00
27.6299991607666,2017-01-31 00:00:00-05:00
28.020000457763672,2017-02-01 00:00:00-05:00
28.139999389648438,2017-02-02 00:00:00-05:00
28.15999984741211,2017-02-03 00:00:00-05:00
27.93000030517578,2017-02-06 00:00:00-05:00
28.0,2017-02-07 00:00:00-05:00
28.110000610351562,2017-02-08 00:00:00-05:00
28.260000228881836,2017-02-09 00:00:00-05:00
28.639999389648438,2017-02-10 00:00:00-05:00
28.920000076293945,2017-02-13 00:00:00-05:00
28.959999084472656,2017-02-14 00:00:00-05:00
29.6200008392334,2017-02-15 00:00:00-05:00
29.15999984741211,2017-02-16 00:00:00-05:00
29.889999389648438,2017-02-17 00:00:00-05:00
30.049999237060547,2017-02-21 00:00:00-05:00
29.420000076293945,2017-02-22 00:00:00-05:00
29.5,2017-02-23 00:00:00-05:00
29.270000457763672,2017-02-24 00:00:00-05:00
28.81999969482422,2017-02-27 00:00:00-05:00
28.440000534057617,2017-02-28 00:00:00-05:00
28.93000030517578,2017-03-01 00:00:00-05:00
28.600000381469727,2017-03-02 00:00:00-05:00
28.790000915527344,2017-03-03 00:00:00-05:00
28.6299991607666,2017-03-06 00:00:00-05:00
28.549999237060547,2017-03-07 00:00:00-05:00
28.6299991607666,2017-03-08 00:00:00-05:00
28.540000915527344,2017-03-09 00:00:00-05:00
28.670000076293945,2017-03-10 00:00:00-05:00
29.1299991607666,2017-03-13 00:00:00-04:00
28.920000076293945,2017-03-14 00:00:00-04:00
29.030000686645508,2017-03-15 00:00:00-04:00
29.389999389648438,2017-03-16 00:00:00-04:00
29.65999984741211,2017-03-17 00:00:00-04:00
29.450000762939453,2017-03-20 00:00:00-04:00
28.989999771118164,2017-03-21 00:00:00-04:00
29.18000030517578,2017-03-22 00:00:00-04:00
29.290000915527344,2017-03-23 00:00:00-04:00
29.43000030517578,2017-03-24 00:00:00-04:00
29.59000015258789,2017-03-27 00:00:00-04:00
29.809999465942383,2017-03-28 00:00:00-04:00
29.850000381469727,2017-03-29 00:00:00-04:00
29.829999923706055,2017-03-30 00:00:00-04:00
29.950000762939453,2017-03-31 00:00:00-04:00
29.739999771118164,2017-04-03 00:00:00-04:00
29.90999984741211,2017-04-04 00:00:00-04:00
30.110000610351562,2017-04-05 00:00:00-04:00
31.31999969482422,2017-04-06 00:00:00-04:00
31.31999969482422,2017-04-07 00:00:00-04:00
31.549999237060547,2017-04-10 00:00:00-04:00
31.219999313354492,2017-04-11 00:00:00-04:00
31.600000381469727,2017-04-12 00:00:00-04:00
31.229999542236328,2017-04-13 00:00:00-04:00
31.489999771118164,2017-04-17 00:00:00-04:00
31.59000015258789,2017-04-18 00:00:00-04:00
31.829999923706055,2017-04-19 00:00:00-04:00
31.270000457763672,2017-04-20 00:00:00-04:00
31.540000915527344,2017-04-21 00:00:00-04:00
32.02000045776367,2017-04-24 00:00:00-04:00
32.56999969482422,2017-04-25 00:00:00-04:00
32.81999969482422,2017-04-26 00:00:00-04:00
33.470001220703125,2017-04-27 00:00:00-04:00
34.47999954223633,2017-04-28 00:00:00-04:00
34.720001220703125,2017-05-01 00:00:00-04:00
34.939998626708984,2017-05-02 00:00:00-04:00
35.279998779296875,2017-05-03 00:00:00-04:00
36.529998779296875,2017-05-04 00:00:00-04:00
36.810001373291016,2017-05-05 00:00:00-04:00
36.81999969482422,2017-05-08 00:00:00-04:00
36.84000015258789,2017-05-09 00:00:00-04:00
37.18000030517578,2017-05-10 00:00:00-04:00
36.93000030517578,2017-05-11 00:00:00-04:00
36.84000015258789,2017-05-12 00:00:00-04:00
37.060001373291016,2017-05-15 00:00:00-04:00
36.900001525878906,2017-05-16 00:00:00-04:00
35.400001525878906,2017-05-17 00:00:00-04:00
35.34000015258789,2017-05-18 00:00:00-04:00
35.25,2017-05-19 00:00:00-04:00
35.560001373291016,2017-05-22 00:00:00-04:00
35.43000030517578,2017-05-23 00:00:00-04:00
35.900001525878906,2017-05-24 00:00:00-04:00
35.95000076293945,2017-05-25 00:00:00-04:00
35.58000183105469,2017-05-26 00:00:00-04:00
35.599998474121094,2017-05-30 00:00:00-04:00
35.7599983215332,2017-05-31 00:00:00-04:00
36.5099983215332,2017-06-01 00:00:00-04:00
36.7400016784668,2017-06-02 00:00:00-04:00
36.86000061035156,2017-06-05 00:00:00-04:00
37.709999084472656,2017-06-06 00:00:00-04:00
36.869998931884766,2017-06-07 00:00:00-04:00
37.209999084472656,2017-06-08 00:00:00-04:00
34.619998931884766,2017-06-09 00:00:00-04:00
34.56999969482422,2017-06-12 00:00:00-04:00
34.630001068115234,2017-06-13 00:00:00-04:00
34.630001068115234,2017-06-14 00:00:00-04:00
34.63999938964844,2017-06-15 00:00:00-04:00
34.790000915527344,2017-06-16 00:00:00-04:00
34.849998474121094,2017-06-19 00:00:00-04:00
34.599998474121094,2017-06-20 00:00:00-04:00
34.79999923706055,2017-06-21 00:00:00-04:00
35.29999923706055,2017-06-22 00:00:00-04:00
36.0,2017-06-23 00:00:00-04:00
35.93000030517578,2017-06-26 00:00:00-04:00
35.66999816894531,2017-06-27 00:00:00-04:00
36.099998474121094,2017-06-28 00:00:00-04:00
35.18000030517578,2017-06-29 00:00:00-04:00
35.18000030517578,2017-06-30 00:00:00-04:00
34.15999984741211,2017-07-03 00:00:00-04:00
34.68000030517578,2017-07-05 00:00:00-04:00
34.619998931884766,2017-07-06 00:00:00-04:00
35.310001373291016,2017-07-07 00:00:00-04:00
35.31999969482422,2017-07-10 00:00:00-04:00
35.34000015258789,2017-07-11 00:00:00-04:00
36.2400016784668,2017-07-12 00:00:00-04:00
35.529998779296875,2017-07-13 00:00:00-04:00
35.650001525878906,2017-07-14 00:00:00-04:00
35.650001525878906,2017-07-17 00:00:00-04:00
35.43000030517578,2017-07-18 00:00:00-04:00
36.2599983215332,2017-07-19 00:00:00-04:00
35.97999954223633,2017-07-20 00:00:00-04:00
35.75,2017-07-21 00:00:00-04:00
36.40999984741211,2017-07-24 00:00:00-04:00
38.0,2017-07-25 00:00:00-04:00
38.84000015258789,2017-07-26 00:00:00-04:00
37.970001220703125,2017-07-27 00:00:00-04:00
37.13999938964844,2017-07-28 00:00:00-04:00
35.81999969482422,2017-07-31 00:00:00-04:00
36.290000915527344,2017-08-01 00:00:00-04:00
34.5,2017-08-02 00:00:00-04:00
35.040000915527344,2017-08-03 00:00:00-04:00
35.33000183105469,2017-08-04 00:00:00-04:00
35.43000030517578,2017-08-07 00:00:00-04:00
35.150001525878906,2017-08-08 00:00:00-04:00
35.439998626708984,2017-08-09 00:00:00-04:00
34.779998779296875,2017-08-10 00:00:00-04:00
35.459999084472656,2017-08-11 00:00:00-04:00
35.97999954223633,2017-08-14 00:00:00-04:00
36.369998931884766,2017-08-15 00:00:00-04:00
37.459999084472656,2017-08-16 00:00:00-04:00
36.90999984741211,2017-08-17 00:00:00-04:00
36.34000015258789,2017-08-18 00:00:00-04:00
36.16999816894531,2017-08-21 00:00:00-04:00
35.900001525878906,2017-08-22 00:00:00-04:00
35.75,2017-08-23 00:00:00-04:00
35.220001220703125,2017-08-24 00:00:00-04:00
34.63999938964844,2017-08-25 00:00:00-04:00
34.68000030517578,2017-08-28 00:00:00-04:00
34.61000061035156,2017-08-29 00:00:00-04:00
35.529998779296875,2017-08-30 00:00:00-04:00
35.599998474121094,2017-08-31 00:00:00-04:00
34.900001525878906,2017-09-01 00:00:00-04:00
34.900001525878906,2017-09-05 00:00:00-04:00
34.38999938964844,2017-09-06 00:00:00-04:00
34.4900016784668,2017-09-07 00:00:00-04:00
34.349998474121094,2017-09-08 00:00:00-04:00
35.029998779296875,2017-09-11 00:00:00-04:00
33.79999923706055,2017-09-12 00:00:00-04:00
33.81999969482422,2017-09-13 00:00:00-04:00
36.54999923706055,2017-09-14 00:00:00-04:00
36.150001525878906,2017-09-15 00:00:00-04:00
36.38999938964844,2017-09-18 00:00:00-04:00
36.41999816894531,2017-09-19 00:00:00-04:00
36.06999969482422,2017-09-20 00:00:00-04:00
35.15999984741211,2017-09-21 00:00:00-04:00
35.16999816894531,2017-09-22 00:00:00-04:00
34.22999954223633,2017-09-25 00:00:00-04:00
33.939998626708984,2017-09-26 00:00:00-04:00
34.29999923706055,2017-09-27 00:00:00-04:00
34.4900016784668,2017-09-28 00:00:00-04:00
35.150001525878906,2017-09-29 00:00:00-04:00
36.25,2017-10-02 00:00:00-04:00
36.650001525878906,2017-10-03 00:00:00-04:00
37.88999938964844,2017-10-04 00:00:00-04:00
38.150001525878906,2017-10-05 00:00:00-04:00
38.66999816894531,2017-10-06 00:00:00-04:00
39.59000015258789,2017-10-09 00:00:00-04:00
39.77000045776367,2017-10-10 00:00:00-04:00
40.38999938964844,2017-10-11 00:00:00-04:00
40.33000183105469,2017-10-12 00:00:00-04:00
39.63999938964844,2017-10-13 00:00:00-04:00
39.54999923706055,2017-10-16 00:00:00-04:00
39.75,2017-10-17 00:00:00-04:00
39.810001373291016,2017-10-18 00:00:00-04:00
40.25,2017-10-19 00:00:00-04:00
50.16999816894531,2017-10-20 00:00:00-04:00
49.0,2017-10-23 00:00:00-04:00
49.279998779296875,2017-10-24 00:00:00-04:00
48.2599983215332,2017-10-25 00:00:00-04:00
47.90999984741211,2017-10-26 00:00:00-04:00
47.029998779296875,2017-10-27 00:00:00-04:00
48.310001373291016,2017-10-30 00:00:00-04:00
48.369998931884766,2017-10-31 00:00:00-04:00
48.689998626708984,2017-11-01 00:00:00-04:00
49.43000030517578,2017-11-02 00:00:00-04:00
50.9900016784668,2017-11-03 00:00:00-04:00
52.060001373291016,2017-11-06 00:00:00-05:00
51.810001373291016,2017-11-07 00:00:00-05:00
52.939998626708984,2017-11-08 00:00:00-05:00
52.33000183105469,2017-11-09 00:00:00-05:00
52.400001525878906,2017-11-10 00:00:00-05:00
52.27000045776367,2017-11-13 00:00:00-05:00
52.380001068115234,2017-11-14 00:00:00-05:00
51.900001525878906,2017-11-15 00:00:00-05:00
52.43000030517578,2017-11-16 00:00:00-05:00
52.369998931884766,2017-11-17 00:00:00-05:00
50.900001525878906,2017-11-20 00:00:00-05:00
52.209999084472656,2017-11-21 00:00:00-05:00
51.7400016784668,2017-11-22 00:00:00-05:00
52.22999954223633,2017-11-24 00:00:00-05:00
51.54999923706055,2017-11-27 00:00:00-05:00
51.189998626708984,2017-11-28 00:00:00-05:00
46.59000015258789,2017-11-29 00:00:00-05:00
46.689998626708984,2017-11-30 00:00:00-05:00
47.0099983215332,2017-12-01 00:00:00-05:00
44.279998779296875,2017-12-04 00:00:00-05:00
44.970001220703125,2017-12-05 00:00:00-05:00
45.16999816894531,2017-12-06 00:00:00-05:00
45.52000045776367,2017-12-07 00:00:00-05:00
46.459999084472656,2017-12-08 00:00:00-05:00
47.11000061035156,2017-12-11 00:00:00-05:00
45.459999084472656,2017-12-12 00:00:00-05:00
45.97999954223633,2017-12-13 00:00:00-05:00
45.43000030517578,2017-12-14 00:00:00-05:00
47.029998779296875,2017-12-15 00:00:00-05:00
46.810001373291016,2017-12-18 00:00:00-05:00
46.869998931884766,2017-12-19 00:00:00-05:00
46.689998626708984,2017-12-20 00:00:00-05:00
46.40999984741211,2017-12-21 00:00:00-05:00
46.2599983215332,2017-12-22 00:00:00-05:00
46.4900016784668,2017-12-26 00:00:00-05:00
46.13999938964844,2017-12-27 00:00:00-05:00
46.040000915527344,2017-12-28 00:00:00-05:00
45.52000045776367,2017-12-29 00:00:00-05:00
47.060001373291016,2018-01-02 00:00:00-05:00
50.400001525878906,2018-01-03 00:00:00-05:00
51.599998474121094,2018-01-04 00:00:00-05:00
51.869998931884766,2018-01-05 00:00:00-05:00
51.90999984741211,2018-01-08 00:00:00-05:00
52.720001220703125,2018-01-09 00:00:00-05:00
51.04999923706055,2018-01-10 00:00:00-05:00
52.040000915527344,2018-01-11 00:00:00-05:00
52.56999969482422,2018-01-12 00:00:00-05:00
52.81999969482422,2018-01-16 00:00:00-05:00
54.869998931884766,2018-01-17 00:00:00-05:00
55.599998474121094,2018-01-18 00:00:00-05:00
53.06999969482422,2018-01-19 00:00:00-05:00
52.2599983215332,2018-01-22 00:00:00-05:00
53.93000030517578,2018-01-23 00:00:00-05:00
52.77000045776367,2018-01-24 00:00:00-05:00
53.09000015258789,2018-01-25 00:00:00-05:00
53.849998474121094,2018-01-26 00:00:00-05:00
54.7400016784668,2018-01-29 00:00:00-05:00
53.38999938964844,2018-01-30 00:00:00-05:00
53.9900016784668,2018-01-31 00:00:00-05:00
53.2599983215332,2018-02-01 00:00:00-05:00
52.720001220703125,2018-02-02 00:00:00-05:00
51.22999954223633,2018-02-05 00:00:00-05:00
52.02000045776367,2018-02-06 00:00:00-05:00
51.790000915527344,2018-02-07 00:00:00-05:00
48.86000061035156,2018-02-08 00:00:00-05:00
50.189998626708984,2018-02-09 00:00:00-05:00
51.220001220703125,2018-02-12 00:00:00-05:00
51.79999923706055,2018-02-13 00:00:00-05:00
52.09000015258789,2018-02-14 00:00:00-05:00
52.91999816894531,2018-02-15 00:00:00-05:00
53.22999954223633,2018-02-16 00:00:00-05:00
54.2599983215332,2018-02-20 00:00:00-05:00
55.45000076293945,2018-02-21 00:00:00-05:00
52.40999984741211,2018-02-22 00:00:00-05:00
53.27000045776367,2018-02-23 00:00:00-05:00
52.77000045776367,2018-02-26 00:00:00-05:00
52.90999984741211,2018-02-27 00:00:00-05:00
54.290000915527344,2018-02-28 00:00:00-05:00
54.189998626708984,2018-03-01 00:00:00-05:00
58.16999816894531,2018-03-02 00:00:00-05:00
58.58000183105469,2018-03-05 00:00:00-05:00
59.13999938964844,2018-03-06 00:00:00-05:00
59.77000045776367,2018-03-07 00:00:00-05:00
59.790000915527344,2018-03-08 00:00:00-05:00
61.2599983215332,2018-03-09 00:00:00-05:00
61.79999923706055,2018-03-12 00:00:00-04:00
59.83000183105469,2018-03-13 00:00:00-04:00
59.97999954223633,2018-03-14 00:00:00-04:00
59.560001373291016,2018-03-15 00:00:00-04:00
59.2599983215332,2018-03-16 00:00:00-04:00
58.56999969482422,2018-03-19 00:00:00-04:00
59.15999984741211,2018-03-20 00:00:00-04:00
58.31999969482422,2018-03-21 00:00:00-04:00
57.5099983215332,2018-03-22 00:00:00-04:00
55.36000061035156,2018-03-23 00:00:00-04:00
56.619998931884766,2018-03-26 00:00:00-04:00
54.0099983215332,2018-03-27 00:00:00-04:00
52.15999984741211,2018-03-28 00:00:00-04:00
53.91999816894531,2018-03-29 00:00:00-04:00
53.779998779296875,2018-04-02 00:00:00-04:00
53.209999084472656,2018-04-03 00:00:00-04:00
56.11000061035156,2018-04-04 00:00:00-04:00
55.970001220703125,2018-04-05 00:00:00-04:00
54.59000015258789,2018-04-06 00:00:00-04:00
55.900001525878906,2018-04-09 00:00:00-04:00
56.9900016784668,2018-04-10 00:00:00-04:00
58.65999984741211,2018-04-11 00:00:00-04:00
60.63999938964844,2018-04-12 00:00:00-04:00
60.25,2018-04-13 00:00:00-04:00
60.68000030517578,2018-04-16 00:00:00-04:00
62.060001373291016,2018-04-17 00:00:00-04:00
62.06999969482422,2018-04-18 00:00:00-04:00
62.27000045776367,2018-04-19 00:00:00-04:00
58.20500183105469,2018-04-20 00:00:00-04:00
58.97999954223633,2018-04-23 00:00:00-04:00
57.209999084472656,2018-04-24 00:00:00-04:00
55.16999816894531,2018-04-25 00:00:00-04:00
56.040000915527344,2018-04-26 00:00:00-04:00
55.41999816894531,2018-04-27 00:00:00-04:00
55.97999954223633,2018-04-30 00:00:00-04:00
56.2400016784668,2018-05-01 00:00:00-04:00
56.470001220703125,2018-05-02 00:00:00-04:00
58.4900016784668,2018-05-03 00:00:00-04:00
59.9900016784668,2018-05-04 00:00:00-04:00
62.61000061035156,2018-05-07 00:00:00-04:00
63.18000030517578,2018-05-08 00:00:00-04:00
64.29000091552734,2018-05-09 00:00:00-04:00
65.29000091552734,2018-05-10 00:00:00-04:00
64.87000274658203,2018-05-11 00:00:00-04:00
62.47999954223633,2018-05-14 00:00:00-04:00
61.79999923706055,2018-05-15 00:00:00-04:00
61.77000045776367,2018-05-16 00:00:00-04:00
61.63999938964844,2018-05-17 00:00:00-04:00
63.400001525878906,2018-05-18 00:00:00-04:00
61.4900016784668,2018-05-21 00:00:00-04:00
61.65999984741211,2018-05-22 00:00:00-04:00
62.939998626708984,2018-05-23 00:00:00-04:00
63.91999816894531,2018-05-24 00:00:00-04:00
62.939998626708984,2018-05-25 00:00:00-04:00
62.709999084472656,2018-05-29 00:00:00-04:00
63.41999816894531,2018-05-30 00:00:00-04:00
63.790000915527344,2018-05-31 00:00:00-04:00
64.01000213623047,2018-06-01 00:00:00-04:00
64.41999816894531,2018-06-04 00:00:00-04:00
66.66999816894531,2018-06-05 00:00:00-04:00
67.81999969482422,2018-06-06 00:00:00-04:00
63.779998779296875,2018-06-07 00:00:00-04:00
64.27999877929688,2018-06-08 00:00:00-04:00
64.3499984741211,2018-06-11 00:00:00-04:00
66.20999908447266,2018-06-12 00:00:00-04:00
66.13999938964844,2018-06-13 00:00:00-04:00
66.48999786376953,2018-06-14 00:00:00-04:00
66.12000274658203,2018-06-15 00:00:00-04:00
66.61000061035156,2018-06-18 00:00:00-04:00
65.04000091552734,2018-06-19 00:00:00-04:00
65.52999877929688,2018-06-20 00:00:00-04:00
65.58999633789062,2018-06-21 00:00:00-04:00
64.19000244140625,2018-06-22 00:00:00-04:00
62.380001068115234,2018-06-25 00:00:00-04:00
63.25,2018-06-26 00:00:00-04:00
60.75,2018-06-27 00:00:00-04:00
62.119998931884766,2018-06-28 00:00:00-04:00
62.52000045776367,2018-06-29 00:00:00-04:00
63.349998474121094,2018-07-02 00:00:00-04:00
62.97999954223633,2018-07-03 00:00:00-04:00
63.400001525878906,2018-07-05 00:00:00-04:00
65.2300033569336,2018-07-06 00:00:00-04:00
64.77999877929688,2018-07-09 00:00:00-04:00
64.69999694824219,2018-07-10 00:00:00-04:00
65.33000183105469,2018-07-11 00:00:00-04:00
68.26000213623047,2018-07-12 00:00:00-04:00
67.19000244140625,2018-07-13 00:00:00-04:00
66.86000061035156,2018-07-16 00:00:00-04:00
67.87999725341797,2018-07-17 00:00:00-04:00
68.22000122070312,2018-07-18 00:00:00-04:00
67.86000061035156,2018-07-19 00:00:00-04:00
67.87000274658203,2018-07-20 00:00:00-04:00
66.4000015258789,2018-07-23 00:00:00-04:00
64.48999786376953,2018-07-24 00:00:00-04:00
67.05000305175781,2018-07-25 00:00:00-04:00
66.83000183105469,2018-07-26 00:00:00-04:00
73.83999633789062,2018-07-27 00:00:00-04:00
71.08000183105469,2018-07-30 00:00:00-04:00
72.41000366210938,2018-07-31 00:00:00-04:00
73.29000091552734,2018-08-01 00:00:00-04:00
74.91999816894531,2018-08-02 00:00:00-04:00
74.12000274658203,2018-08-03 00:00:00-04:00
75.55000305175781,2018-08-06 00:00:00-04:00
75.9800033569336,2018-08-07 00:00:00-04:00
76.16999816894531,2018-08-08 00:00:00-04:00
78.30999755859375,2018-08-09 00:00:00-04:00
78.06999969482422,2018-08-10 00:00:00-04:00
78.2300033569336,2018-08-13 00:00:00-04:00
78.70999908447266,2018-08-14 00:00:00-04:00
77.63999938964844,2018-08-15 00:00:00-04:00
78.0999984741211,2018-08-16 00:00:00-04:00
78.0199966430664,2018-08-17 00:00:00-04:00
78.25,2018-08-20 00:00:00-04:00
79.26000213623047,2018-08-21 00:00:00-04:00
80.05999755859375,2018-08-22 00:00:00-04:00
82.62999725341797,2018-08-23 00:00:00-04:00
86.11000061035156,2018-08-24 00:00:00-04:00
86.54000091552734,2018-08-27 00:00:00-04:00
87.66000366210938,2018-08-28 00:00:00-04:00
89.47000122070312,2018-08-29 00:00:00-04:00
89.29000091552734,2018-08-30 00:00:00-04:00
90.01000213623047,2018-08-31 00:00:00-04:00
91.9000015258789,2018-09-04 00:00:00-04:00
87.61000061035156,2018-09-05 00:00:00-04:00
86.68000030517578,2018-09-06 00:00:00-04:00
87.01000213623047,2018-09-07 00:00:00-04:00
87.95999908447266,2018-09-10 00:00:00-04:00
90.48999786376953,2018-09-11 00:00:00-04:00
89.58000183105469,2018-09-12 00:00:00-04:00
93.41999816894531,2018-09-13 00:00:00-04:00
94.18000030517578,2018-09-14 00:00:00-04:00
91.11000061035156,2018-09-17 00:00:00-04:00
92.4000015258789,2018-09-18 00:00:00-04:00
89.93000030517578,2018-09-19 00:00:00-04:00
91.31999969482422,2018-09-20 00:00:00-04:00
90.69000244140625,2018-09-21 00:00:00-04:00
92.47000122070312,2018-09-24 00:00:00-04:00
94.27999877929688,2018-09-25 00:00:00-04:00
94.36000061035156,2018-09-26 00:00:00-04:00
95.88999938964844,2018-09-27 00:00:00-04:00
96.13999938964844,2018-09-28 00:00:00-04:00
95.72000122070312,2018-10-01 00:00:00-04:00
93.5999984741211,2018-10-02 00:00:00-04:00
92.9000015258789,2018-10-03 00:00:00-04:00
85.66999816894531,2018-10-04 00:00:00-04:00
85.36000061035156,2018-10-05 00:00:00-04:00
81.08999633789062,2018-10-08 00:00:00-04:00
81.29000091552734,2018-10-09 00:00:00-04:00
78.6500015258789,2018-10-10 00:00:00-04:00
78.33999633789062,2018-10-11 00:00:00-04:00
81.70999908447266,2018-10-12 00:00:00-04:00
79.77999877929688,2018-10-15 00:00:00-04:00
82.83999633789062,2018-10-16 00:00:00-04:00
83.62999725341797,2018-10-17 00:00:00-04:00
81.88999938964844,2018-10-18 00:00:00-04:00
70.18000030517578,2018-10-19 00:00:00-04:00
72.63999938964844,2018-10-22 00:00:00-04:00
72.45999908447266,2018-10-23 00:00:00-04:00
67.12000274658203,2018-10-24 00:00:00-04:00
70.43000030517578,2018-10-25 00:00:00-04:00
68.91999816894531,2018-10-26 00:00:00-04:00
68.93000030517578,2018-10-29 00:00:00-04:00
71.33999633789062,2018-10-30 00:00:00-04:00
75.91000366210938,2018-10-31 00:00:00-04:00
76.75,2018-11-01 00:00:00-04:00
76.4800033569336,2018-11-02 00:00:00-04:00
74.61000061035156,2018-11-05 00:00:00-05:00
72.08999633789062,2018-11-06 00:00:00-05:00
77.61000061035156,2018-11-07 00:00:00-05:00
75.94999694824219,2018-11-08 00:00:00-05:00
73.29000091552734,2018-11-09 00:00:00-05:00
70.80000305175781,2018-11-12 00:00:00-05:00
73.01000213623047,2018-11-13 00:00:00-05:00
72.4000015258789,2018-11-14 00:00:00-05:00
75.75,2018-11-15 00:00:00-05:00
75.94999694824219,2018-11-16 00:00:00-05:00
69.30999755859375,2018-11-19 00:00:00-05:00
70.22000122070312,2018-11-20 00:00:00-05:00
72.12999725341797,2018-11-21 00:00:00-05:00
73.19999694824219,2018-11-23 00:00:00-05:00
76.16999816894531,2018-11-26 00:00:00-05:00
74.66000366210938,2018-11-27 00:00:00-05:00
80.69999694824219,2018-11-28 00:00:00-05:00
83.9000015258789,2018-11-29 00:00:00-05:00
85.94000244140625,2018-11-30 00:00:00-05:00
89.5999984741211,2018-12-03 00:00:00-05:00
85.72000122070312,2018-12-04 00:00:00-05:00
85.13999938964844,2018-12-06 00:00:00-05:00
80.45999908447266,2018-12-07 00:00:00-05:00
83.05999755859375,2018-12-10 00:00:00-05:00
82.9800033569336,2018-12-11 00:00:00-05:00
84.05000305175781,2018-12-12 00:00:00-05:00
84.25,2018-12-13 00:00:00-05:00
83.19000244140625,2018-12-14 00:00:00-05:00
79.8499984741211,2018-12-17 00:00:00-05:00
79.12000274658203,2018-12-18 00:00:00-05:00
81.05999755859375,2018-12-19 00:00:00-05:00
82.25,2018-12-20 00:00:00-05:00
81.12999725341797,2018-12-21 00:00:00-05:00
78.66000366210938,2018-12-24 00:00:00-05:00
85.31999969482422,2018-12-26 00:00:00-05:00
87.56999969482422,2018-12-27 00:00:00-05:00
87.5999984741211,2018-12-28 00:00:00-05:00
88.9800033569336,2018-12-31 00:00:00-05:00
89.02999877929688,2019-01-02 00:00:00-05:00
84.4800033569336,2019-01-03 00:00:00-05:00
87.08999633789062,2019-01-04 00:00:00-05:00
92.70999908447266,2019-01-07 00:00:00-05:00
94.81999969482422,2019-01-08 00:00:00-05:00
95.80999755859375,2019-01-09 00:00:00-05:00
95.5,2019-01-10 00:00:00-05:00
95.6500015258789,2019-01-11 00:00:00-05:00
93.70999908447266,2019-01-14 00:00:00-05:00
95.37999725341797,2019-01-15 00:00:00-05:00
94.31999969482422,2019-01-16 00:00:00-05:00
92.91999816894531,2019-01-17 00:00:00-05:00
90.66999816894531,2019-01-18 00:00:00-05:00
91.44000244140625,2019-01-22 00:00:00-05:00
93.6500015258789,2019-01-23 00:00:00-05:00
93.31999969482422,2019-01-24 00:00:00-05:00
95.86000061035156,2019-01-25 00:00:00-05:00
94.72000122070312,2019-01-28 00:00:00-05:00
93.22000122070312,2019-01-29 00:00:00-05:00
95.01000213623047,2019-01-30 00:00:00-05:00
98.4000015258789,2019-01-31 00:00:00-05:00
98.9800033569336,2019-02-01 00:00:00-05:00
102.18000030517578,2019-02-04 00:00:00-05:00
102.7699966430664,2019-02-05 00:00:00-05:00
103.54000091552734,2019-02-06 00:00:00-05:00
102.3499984741211,2019-02-07 00:00:00-05:00
104.33999633789062,2019-02-08 00:00:00-05:00
104.56999969482422,2019-02-11 00:00:00-05:00
106.12000274658203,2019-02-12 00:00:00-05:00
105.25,2019-02-13 00:00:00-05:00
104.80999755859375,2019-02-14 00:00:00-05:00
104.9000015258789,2019-02-15 00:00:00-05:00
103.91000366210938,2019-02-19 00:00:00-05:00
104.12000274658203,2019-02-20 00:00:00-05:00
103.04000091552734,2019-02-21 00:00:00-05:00
105.25,2019-02-22 00:00:00-05:00
106.75,2019-02-25 00:00:00-05:00
105.87999725341797,2019-02-26 00:00:00-05:00
106.33000183105469,2019-02-27 00:00:00-05:00
107.4800033569336,2019-02-28 00:00:00-05:00
110.94999694824219,2019-03-01 00:00:00-05:00
104.70999908447266,2019-03-04 00:00:00-05:00
104.43000030517578,2019-03-05 00:00:00-05:00
103.5,2019-03-06 00:00:00-05:00
104.20999908447266,2019-03-07 00:00:00-05:00
104.25,2019-03-08 00:00:00-05:00
109.51000213623047,2019-03-11 00:00:00-04:00
110.94000244140625,2019-03-12 00:00:00-04:00
108.58000183105469,2019-03-13 00:00:00-04:00
110.4800033569336,2019-03-14 00:00:00-04:00
110.2699966430664,2019-03-15 00:00:00-04:00
111.22000122070312,2019-03-18 00:00:00-04:00
112.41999816894531,2019-03-19 00:00:00-04:00
112.83000183105469,2019-03-20 00:00:00-04:00
115.5,2019-03-21 00:00:00-04:00
109.83000183105469,2019-03-22 00:00:00-04:00
109.86000061035156,2019-03-25 00:00:00-04:00
111.55000305175781,2019-03-26 00:00:00-04:00
106.98999786376953,2019-03-27 00:00:00-04:00
108.45999908447266,2019-03-28 00:00:00-04:00
112.38999938964844,2019-03-29 00:00:00-04:00
113.87000274658203,2019-04-01 00:00:00-04:00
115.5999984741211,2019-04-02 00:00:00-04:00
115.36000061035156,2019-04-03 00:00:00-04:00
110.22000122070312,2019-04-04 00:00:00-04:00
111.33000183105469,2019-04-05 00:00:00-04:00
112.08000183105469,2019-04-08 00:00:00-04:00
112.1500015258789,2019-04-09 00:00:00-04:00
112.73999786376953,2019-04-10 00:00:00-04:00
114.44000244140625,2019-04-11 00:00:00-04:00
112.68000030517578,2019-04-12 00:00:00-04:00
114.44999694824219,2019-04-15 00:00:00-04:00
112.97000122070312,2019-04-16 00:00:00-04:00
111.19000244140625,2019-04-17 00:00:00-04:00
101.94000244140625,2019-04-18 00:00:00-04:00
103.75,2019-04-22 00:00:00-04:00
106.72000122070312,2019-04-23 00:00:00-04:00
103.16999816894531,2019-04-24 00:00:00-04:00
106.0,2019-04-25 00:00:00-04:00
108.20999908447266,2019-04-26 00:00:00-04:00
110.05000305175781,2019-04-29 00:00:00-04:00
110.1500015258789,2019-04-30 00:00:00-04:00
108.58999633789062,2019-05-01 00:00:00-04:00
109.01000213623047,2019-05-02 00:00:00-04:00
110.41000366210938,2019-05-03 00:00:00-04:00
110.56999969482422,2019-05-06 00:00:00-04:00
110.66999816894531,2019-05-07 00:00:00-04:00
117.16999816894531,2019-05-08 00:00:00-04:00
125.12999725341797,2019-05-09 00:00:00-04:00
128.8699951171875,2019-05-10 00:00:00-04:00
120.77999877929688,2019-05-13 00:00:00-04:00
123.7699966430664,2019-05-14 00:00:00-04:00
126.08000183105469,2019-05-15 00:00:00-04:00
129.74000549316406,2019-05-16 00:00:00-04:00
129.14999389648438,2019-05-17 00:00:00-04:00
124.55000305175781,2019-05-20 00:00:00-04:00
125.54000091552734,2019-05-21 00:00:00-04:00
126.25,2019-05-22 00:00:00-04:00
127.26000213623047,2019-05-23 00:00:00-04:00
129.52000427246094,2019-05-24 00:00:00-04:00
128.4499969482422,2019-05-28 00:00:00-04:00
123.80000305175781,2019-05-29 00:00:00-04:00
126.22000122070312,2019-05-30 00:00:00-04:00
125.87999725341797,2019-05-31 00:00:00-04:00
117.30000305175781,2019-06-03 00:00:00-04:00
122.6500015258789,2019-06-04 00:00:00-04:00
126.43000030517578,2019-06-05 00:00:00-04:00
127.70999908447266,2019-06-06 00:00:00-04:00
131.42999267578125,2019-06-07 00:00:00-04:00
133.0,2019-06-10 00:00:00-04:00
128.92999267578125,2019-06-11 00:00:00-04:00
128.97000122070312,2019-06-12 00:00:00-04:00
130.27999877929688,2019-06-13 00:00:00-04:00
129.91000366210938,2019-06-14 00:00:00-04:00
130.64999389648438,2019-06-17 00:00:00-04:00
129.5500030517578,2019-06-18 00:00:00-04:00
132.77000427246094,2019-06-19 00:00:00-04:00
135.0500030517578,2019-06-20 00:00:00-04:00
132.8699951171875,2019-06-21 00:00:00-04:00
130.5500030517578,2019-06-24 00:00:00-04:00
125.73999786376953,2019-06-25 00:00:00-04:00
128.35000610351562,2019-06-26 00:00:00-04:00
131.0399932861328,2019-06-27 00:00:00-04:00
130.83999633789062,2019-06-28 00:00:00-04:00
131.77000427246094,2019-07-01 00:00:00-04:00
133.75,2019-07-02 00:00:00-04:00
133.36000061035156,2019-07-03 00:00:00-04:00
135.11000061035156,2019-07-05 00:00:00-04:00
137.92999267578125,2019-07-08 00:00:00-04:00
140.60000610351562,2019-07-09 00:00:00-04:00
140.36000061035156,2019-07-10 00:00:00-04:00
140.89999389648438,2019-07-11 00:00:00-04:00
138.55499267578125,2019-07-12 00:00:00-04:00
139.50999450683594,2019-07-15 00:00:00-04:00
137.16000366210938,2019-07-16 00:00:00-04:00
136.42999267578125,2019-07-17 00:00:00-04:00
136.05999755859375,2019-07-18 00:00:00-04:00
134.16000366210938,2019-07-19 00:00:00-04:00
135.27999877929688,2019-07-22 00:00:00-04:00
134.05999755859375,2019-07-23 00:00:00-04:00
135.35000610351562,2019-07-24 00:00:00-04:00
134.50999450683594,2019-07-25 00:00:00-04:00
146.0399932861328,2019-07-26 00:00:00-04:00
139.0500030517578,2019-07-29 00:00:00-04:00
137.0,2019-07-30 00:00:00-04:00
140.1199951171875,2019-07-31 00:00:00-04:00
143.9199981689453,2019-08-01 00:00:00-04:00
141.1999969482422,2019-08-02 00:00:00-04:00
133.19000244140625,2019-08-05 00:00:00-04:00
135.47000122070312,2019-08-06 00:00:00-04:00
141.89999389648438,2019-08-07 00:00:00-04:00
145.1199951171875,2019-08-08 00:00:00-04:00
145.99000549316406,2019-08-09 00:00:00-04:00
143.67999267578125,2019-08-12 00:00:00-04:00
146.6999969482422,2019-08-13 00:00:00-04:00
139.49000549316406,2019-08-14 00:00:00-04:00
139.5,2019-08-15 00:00:00-04:00
142.57000732421875,2019-08-16 00:00:00-04:00
141.27000427246094,2019-08-19 00:00:00-04:00
142.13999938964844,2019-08-20 00:00:00-04:00
143.8699951171875,2019-08-21 00:00:00-04:00
143.44000244140625,2019-08-22 00:00:00-04:00
141.0500030517578,2019-08-23 00:00:00-04:00
142.86000061035156,2019-08-26 00:00:00-04:00
142.6199951171875,2019-08-27 00:00:00-04:00
138.27000427246094,2019-08-28 00:00:00-04:00
138.0500030517578,2019-08-29 00:00:00-04:00
134.50999450683594,2019-08-30 00:00:00-04:00
131.88999938964844,2019-09-03 00:00:00-04:00
129.8300018310547,2019-09-04 00:00:00-04:00
133.33999633789062,2019-09-05 00:00:00-04:00
132.2100067138672,2019-09-06 00:00:00-04:00
126.2699966430664,2019-09-09 00:00:00-04:00
122.25,2019-09-10 00:00:00-04:00
122.83999633789062,2019-09-11 00:00:00-04:00
125.51000213623047,2019-09-12 00:00:00-04:00
127.19000244140625,2019-09-13 00:00:00-04:00
130.38999938964844,2019-09-16 00:00:00-04:00
133.55999755859375,2019-09-17 00:00:00-04:00
134.25,2019-09-18 00:00:00-04:00
134.92999267578125,2019-09-19 00:00:00-04:00
136.8699951171875,2019-09-20 00:00:00-04:00
136.4600067138672,2019-09-23 00:00:00-04:00
129.58999633789062,2019-09-24 00:00:00-04:00
128.1999969482422,2019-09-25 00:00:00-04:00
128.17999267578125,2019-09-26 00:00:00-04:00
123.02999877929688,2019-09-27 00:00:00-04:00
125.44000244140625,2019-09-30 00:00:00-04:00
124.2699966430664,2019-10-01 00:00:00-04:00
122.77999877929688,2019-10-02 00:00:00-04:00
128.08999633789062,2019-10-03 00:00:00-04:00
131.8699951171875,2019-10-04 00:00:00-04:00
132.91000366210938,2019-10-07 00:00:00-04:00
124.0,2019-10-08 00:00:00-04:00
126.73999786376953,2019-10-09 00:00:00-04:00
125.87000274658203,2019-10-10 00:00:00-04:00
127.4800033569336,2019-10-11 00:00:00-04:00
127.55000305175781,2019-10-14 00:00:00-04:00
128.77999877929688,2019-10-15 00:00:00-04:00
124.27999877929688,2019-10-16 00:00:00-04:00
122.63999938964844,2019-10-17 00:00:00-04:00
116.86000061035156,2019-10-18 00:00:00-04:00
116.30000305175781,2019-10-21 00:00:00-04:00
110.0999984741211,2019-10-22 00:00:00-04:00
107.75,2019-10-23 00:00:00-04:00
113.26000213623047,2019-10-24 00:00:00-04:00
113.81999969482422,2019-10-25 00:00:00-04:00
118.33000183105469,2019-10-28 00:00:00-04:00
119.73999786376953,2019-10-29 00:00:00-04:00
124.81999969482422,2019-10-30 00:00:00-04:00
120.79000091552734,2019-10-31 00:00:00-04:00
122.36000061035156,2019-11-01 00:00:00-04:00
118.37000274658203,2019-11-04 00:00:00-05:00
114.19000244140625,2019-11-05 00:00:00-05:00
115.25,2019-11-06 00:00:00-05:00
114.69999694824219,2019-11-07 00:00:00-05:00
118.94999694824219,2019-11-08 00:00:00-05:00
119.47000122070312,2019-11-11 00:00:00-05:00
119.87999725341797,2019-11-12 00:00:00-05:00
121.48999786376953,2019-11-13 00:00:00-05:00
120.83999633789062,2019-11-14 00:00:00-05:00
122.7300033569336,2019-11-15 00:00:00-05:00
123.94000244140625,2019-11-18 00:00:00-05:00
125.94999694824219,2019-11-19 00:00:00-05:00
127.48999786376953,2019-11-20 00:00:00-05:00
125.97000122070312,2019-11-21 00:00:00-05:00
125.9800033569336,2019-11-22 00:00:00-05:00
126.51000213623047,2019-11-25 00:00:00-05:00
129.7100067138672,2019-11-26 00:00:00-05:00
127.5,2019-11-27 00:00:00-05:00
127.11000061035156,2019-11-29 00:00:00-05:00
120.83999633789062,2019-12-02 00:00:00-05:00
123.55000305175781,2019-12-03 00:00:00-05:00
123.47000122070312,2019-12-04 00:00:00-05:00
123.94999694824219,2019-12-05 00:00:00-05:00
123.36000061035156,2019-12-06 00:00:00-05:00
122.80000305175781,2019-12-09 00:00:00-05:00
120.80000305175781,2019-12-10 00:00:00-05:00
118.2300033569336,2019-12-11 00:00:00-05:00
116.16999816894531,2019-12-12 00:00:00-05:00
119.80999755859375,2019-12-13 00:00:00-05:00
121.22000122070312,2019-12-16 00:00:00-05:00
119.68000030517578,2019-12-17 00:00:00-05:00
118.12000274658203,2019-12-18 00:00:00-05:00
120.02999877929688,2019-12-19 00:00:00-05:00
121.08999633789062,2019-12-20 00:00:00-05:00
120.75,2019-12-23 00:00:00-05:00
120.5199966430664,2019-12-24 00:00:00-05:00
121.69999694824219,2019-12-26 00:00:00-05:00
121.12000274658203,2019-12-27 00:00:00-05:00
119.33000183105469,2019-12-30 00:00:00-05:00
120.33999633789062,2019-12-31 00:00:00-05:00
122.87999725341797,2020-01-02 00:00:00-05:00
123.04000091552734,2020-01-03 00:00:00-05:00
127.69000244140625,2020-01-06 00:00:00-05:00
128.14999389648438,2020-01-07 00:00:00-05:00
130.05999755859375,2020-01-08 00:00:00-05:00
135.41000366210938,2020-01-09 00:00:00-05:00
133.89999389648438,2020-01-10 00:00:00-05:00
136.07000732421875,2020-01-13 00:00:00-05:00
134.22000122070312,2020-01-14 00:00:00-05:00
134.91000366210938,2020-01-15 00:00:00-05:00
134.72000122070312,2020-01-16 00:00:00-05:00
132.85000610351562,2020-01-17 00:00:00-05:00
131.32000732421875,2020-01-21 00:00:00-05:00
131.4600067138672,2020-01-22 00:00:00-05:00
132.63999938964844,2020-01-23 00:00:00-05:00
146.7899932861328,2020-01-24 00:00:00-05:00
143.8300018310547,2020-01-27 00:00:00-05:00
149.27000427246094,2020-01-28 00:00:00-05:00
149.14999389648438,2020-01-29 00:00:00-05:00
149.5800018310547,2020-01-30 00:00:00-05:00
147.0,2020-01-31 00:00:00-05:00
149.39999389648438,2020-02-03 00:00:00-05:00
152.08999633789062,2020-02-04 00:00:00-05:00
146.5800018310547,2020-02-05 00:00:00-05:00
147.94000244140625,2020-02-06 00:00:00-05:00
148.0,2020-02-07 00:00:00-05:00
151.27999877929688,2020-02-10 00:00:00-05:00
149.0,2020-02-11 00:00:00-05:00
151.5399932861328,2020-02-12 00:00:00-05:00
153.25,2020-02-13 00:00:00-05:00
154.4199981689453,2020-02-14 00:00:00-05:00
153.8800048828125,2020-02-18 00:00:00-05:00
152.0500030517578,2020-02-19 00:00:00-05:00
148.97999572753906,2020-02-20 00:00:00-05:00
145.92999267578125,2020-02-21 00:00:00-05:00
147.11000061035156,2020-02-24 00:00:00-05:00
144.47999572753906,2020-02-25 00:00:00-05:00
146.5,2020-02-26 00:00:00-05:00
143.0,2020-02-27 00:00:00-05:00
144.9600067138672,2020-02-28 00:00:00-05:00
146.82000732421875,2020-03-02 00:00:00-05:00
145.72000122070312,2020-03-03 00:00:00-05:00
153.47000122070312,2020-03-04 00:00:00-05:00
152.2100067138672,2020-03-05 00:00:00-05:00
144.36000061035156,2020-03-06 00:00:00-05:00
133.0,2020-03-09 00:00:00-04:00
135.58999633789062,2020-03-10 00:00:00-04:00
130.5399932861328,2020-03-11 00:00:00-04:00
125.01000213623047,2020-03-12 00:00:00-04:00
127.94000244140625,2020-03-13 00:00:00-04:00
120.56999969482422,2020-03-16 00:00:00-04:00
124.37999725341797,2020-03-17 00:00:00-04:00
122.02999877929688,2020-03-18 00:00:00-04:00
121.55999755859375,2020-03-19 00:00:00-04:00
125.9000015258789,2020-03-20 00:00:00-04:00
128.08999633789062,2020-03-23 00:00:00-04:00
138.1999969482422,2020-03-24 00:00:00-04:00
139.16000366210938,2020-03-25 00:00:00-04:00
148.1999969482422,2020-03-26 00:00:00-04:00
142.25,2020-03-27 00:00:00-04:00
141.16000366210938,2020-03-30 00:00:00-04:00
137.25999450683594,2020-03-31 00:00:00-04:00
134.0500030517578,2020-04-01 00:00:00-04:00
129.00999450683594,2020-04-02 00:00:00-04:00
129.9600067138672,2020-04-03 00:00:00-04:00
136.86000061035156,2020-04-06 00:00:00-04:00
132.52000427246094,2020-04-07 00:00:00-04:00
140.67999267578125,2020-04-08 00:00:00-04:00
137.9499969482422,2020-04-09 00:00:00-04:00
135.3000030517578,2020-04-13 00:00:00-04:00
144.57000732421875,2020-04-14 00:00:00-04:00
143.6300048828125,2020-04-15 00:00:00-04:00
146.50999450683594,2020-04-16 00:00:00-04:00
152.25,2020-04-17 00:00:00-04:00
152.6300048828125,2020-04-20 00:00:00-04:00
148.1999969482422,2020-04-21 00:00:00-04:00
149.1999969482422,2020-04-22 00:00:00-04:00
149.38999938964844,2020-04-23 00:00:00-04:00
152.32000732421875,2020-04-24 00:00:00-04:00
151.8699951171875,2020-04-27 00:00:00-04:00
148.61000061035156,2020-04-28 00:00:00-04:00
152.72999572753906,2020-04-29 00:00:00-04:00
155.49000549316406,2020-04-30 00:00:00-04:00
154.58999633789062,2020-05-01 00:00:00-04:00
163.1300048828125,2020-05-04 00:00:00-04:00
169.5800018310547,2020-05-05 00:00:00-04:00
172.9199981689453,2020-05-06 00:00:00-04:00
179.77999877929688,2020-05-07 00:00:00-04:00
176.19000244140625,2020-05-08 00:00:00-04:00
176.60000610351562,2020-05-11 00:00:00-04:00
176.0,2020-05-12 00:00:00-04:00
175.75999450683594,2020-05-13 00:00:00-04:00
179.7899932861328,2020-05-14 00:00:00-04:00
186.5,2020-05-15 00:00:00-04:00
182.16000366210938,2020-05-18 00:00:00-04:00
181.27999877929688,2020-05-19 00:00:00-04:00
183.83999633789062,2020-05-20 00:00:00-04:00
180.25,2020-05-21 00:00:00-04:00
182.60000610351562,2020-05-22 00:00:00-04:00
173.05999755859375,2020-05-26 00:00:00-04:00
175.30999755859375,2020-05-27 00:00:00-04:00
178.32000732421875,2020-05-28 00:00:00-04:00
185.3000030517578,2020-05-29 00:00:00-04:00
188.32000732421875,2020-06-01 00:00:00-04:00
183.6699981689453,2020-06-02 00:00:00-04:00
183.4600067138672,2020-06-03 00:00:00-04:00
172.10000610351562,2020-06-04 00:00:00-04:00
174.25999450683594,2020-06-05 00:00:00-04:00
175.1999969482422,2020-06-08 00:00:00-04:00
173.5399932861328,2020-06-09 00:00:00-04:00
180.02999877929688,2020-06-10 00:00:00-04:00
173.5,2020-06-11 00:00:00-04:00
171.6199951171875,2020-06-12 00:00:00-04:00
170.72999572753906,2020-06-15 00:00:00-04:00
172.50999450683594,2020-06-16 00:00:00-04:00
176.7100067138672,2020-06-17 00:00:00-04:00
177.6300048828125,2020-06-18 00:00:00-04:00
172.63999938964844,2020-06-19 00:00:00-04:00
184.55999755859375,2020-06-22 00:00:00-04:00
182.3300018310547,2020-06-23 00:00:00-04:00
176.82000732421875,2020-06-24 00:00:00-04:00
180.36000061035156,2020-06-25 00:00:00-04:00
181.00999450683594,2020-06-26 00:00:00-04:00
175.1300048828125,2020-06-29 00:00:00-04:00
180.27000427246094,2020-06-30 00:00:00-04:00
185.61000061035156,2020-07-01 00:00:00-04:00
190.0800018310547,2020-07-02 00:00:00-04:00
190.47000122070312,2020-07-06 00:00:00-04:00
190.44000244140625,2020-07-07 00:00:00-04:00
195.8800048828125,2020-07-08 00:00:00-04:00
195.72000122070312,2020-07-09 00:00:00-04:00
192.0,2020-07-10 00:00:00-04:00
179.5500030517578,2020-07-13 00:00:00-04:00
174.14999389648438,2020-07-14 00:00:00-04:00
175.32000732421875,2020-07-15 00:00:00-04:00
171.24000549316406,2020-07-16 00:00:00-04:00
172.86000061035156,2020-07-17 00:00:00-04:00
190.32000732421875,2020-07-20 00:00:00-04:00
192.49000549316406,2020-07-21 00:00:00-04:00
191.3000030517578,2020-07-22 00:00:00-04:00
188.63999938964844,2020-07-23 00:00:00-04:00
184.33999633789062,2020-07-24 00:00:00-04:00
184.50999450683594,2020-07-27 00:00:00-04:00
183.36000061035156,2020-07-28 00:00:00-04:00
187.11000061035156,2020-07-29 00:00:00-04:00
187.66000366210938,2020-07-30 00:00:00-04:00
176.64999389648438,2020-07-31 00:00:00-04:00
177.9499969482422,2020-08-03 00:00:00-04:00
177.47000122070312,2020-08-04 00:00:00-04:00
180.5,2020-08-05 00:00:00-04:00
177.97000122070312,2020-08-06 00:00:00-04:00
170.92999267578125,2020-08-07 00:00:00-04:00
165.9499969482422,2020-08-10 00:00:00-04:00
160.75,2020-08-11 00:00:00-04:00
161.05999755859375,2020-08-12 00:00:00-04:00
164.36000061035156,2020-08-13 00:00:00-04:00
162.69000244140625,2020-08-14 00:00:00-04:00
164.35000610351562,2020-08-17 00:00:00-04:00
166.97999572753906,2020-08-18 00:00:00-04:00
163.14999389648438,2020-08-19 00:00:00-04:00
167.85000610351562,2020-08-20 00:00:00-04:00
166.63999938964844,2020-08-21 00:00:00-04:00
168.92999267578125,2020-08-24 00:00:00-04:00
172.58999633789062,2020-08-25 00:00:00-04:00
182.9499969482422,2020-08-26 00:00:00-04:00
188.30999755859375,2020-08-27 00:00:00-04:00
192.42999267578125,2020-08-28 00:00:00-04:00
191.75999450683594,2020-08-31 00:00:00-04:00
196.41000366210938,2020-09-01 00:00:00-04:00
192.07000732421875,2020-09-02 00:00:00-04:00
181.77999877929688,2020-09-03 00:00:00-04:00
175.5399932861328,2020-09-04 00:00:00-04:00
168.9199981689453,2020-09-08 00:00:00-04:00
171.3699951171875,2020-09-09 00:00:00-04:00
169.72000122070312,2020-09-10 00:00:00-04:00
167.6300048828125,2020-09-11 00:00:00-04:00
168.83999633789062,2020-09-14 00:00:00-04:00
171.02000427246094,2020-09-15 00:00:00-04:00
171.1699981689453,2020-09-16 00:00:00-04:00
168.25,2020-09-17 00:00:00-04:00
171.13999938964844,2020-09-18 00:00:00-04:00
177.39999389648438,2020-09-21 00:00:00-04:00
180.25999450683594,2020-09-22 00:00:00-04:00
176.8800048828125,2020-09-23 00:00:00-04:00
175.77999877929688,2020-09-24 00:00:00-04:00
181.2899932861328,2020-09-25 00:00:00-04:00
181.0,2020-09-28 00:00:00-04:00
182.35000610351562,2020-09-29 00:00:00-04:00
181.7899932861328,2020-09-30 00:00:00-04:00
186.00999450683594,2020-10-01 00:00:00-04:00
184.7899932861328,2020-10-02 00:00:00-04:00
186.85000610351562,2020-10-05 00:00:00-04:00
189.8800048828125,2020-10-06 00:00:00-04:00
193.0399932861328,2020-10-07 00:00:00-04:00
188.77999877929688,2020-10-08 00:00:00-04:00
198.85000610351562,2020-10-09 00:00:00-04:00
194.27000427246094,2020-10-12 00:00:00-04:00
192.99000549316406,2020-10-13 00:00:00-04:00
191.80999755859375,2020-10-14 00:00:00-04:00
190.9250030517578,2020-10-15 00:00:00-04:00
207.4499969482422,2020-10-16 00:00:00-04:00
212.94000244140625,2020-10-19 00:00:00-04:00
210.97000122070312,2020-10-20 00:00:00-04:00
206.99000549316406,2020-10-21 00:00:00-04:00
203.0800018310547,2020-10-22 00:00:00-04:00
208.49000549316406,2020-10-23 00:00:00-04:00
207.1999969482422,2020-10-26 00:00:00-04:00
213.00999450683594,2020-10-27 00:00:00-04:00
208.86000061035156,2020-10-28 00:00:00-04:00
210.72000122070312,2020-10-29 00:00:00-04:00
191.6199951171875,2020-10-30 00:00:00-04:00
184.2899932861328,2020-11-02 00:00:00-05:00
182.05999755859375,2020-11-03 00:00:00-05:00
188.82000732421875,2020-11-04 00:00:00-05:00
199.99000549316406,2020-11-05 00:00:00-05:00
198.17999267578125,2020-11-06 00:00:00-05:00
187.52000427246094,2020-11-09 00:00:00-05:00
185.66000366210938,2020-11-10 00:00:00-05:00
191.75999450683594,2020-11-11 00:00:00-05:00
193.0,2020-11-12 00:00:00-05:00
192.82000732421875,2020-11-13 00:00:00-05:00
189.4600067138672,2020-11-16 00:00:00-05:00
196.52000427246094,2020-11-17 00:00:00-05:00
193.6999969482422,2020-11-18 00:00:00-05:00
199.4499969482422,2020-11-19 00:00:00-05:00
208.42999267578125,2020-11-20 00:00:00-05:00
211.0500030517578,2020-11-23 00:00:00-05:00
213.5,2020-11-24 00:00:00-05:00
216.35000610351562,2020-11-25 00:00:00-05:00
224.0,2020-11-27 00:00:00-05:00
225.0500030517578,2020-11-30 00:00:00-05:00
224.05999755859375,2020-12-01 00:00:00-05:00
227.99000549316406,2020-12-02 00:00:00-05:00
226.19000244140625,2020-12-03 00:00:00-05:00
225.00999450683594,2020-12-04 00:00:00-05:00
227.75999450683594,2020-12-07 00:00:00-05:00
229.83999633789062,2020-12-08 00:00:00-05:00
223.5399932861328,2020-12-09 00:00:00-05:00
227.19000244140625,2020-12-10 00:00:00-05:00
232.00999450683594,2020-12-11 00:00:00-05:00
234.74000549316406,2020-12-14 00:00:00-05:00
237.6999969482422,2020-12-15 00:00:00-05:00
243.85000610351562,2020-12-16 00:00:00-05:00
248.0500030517578,2020-12-17 00:00:00-05:00
247.77999877929688,2020-12-18 00:00:00-05:00
248.19000244140625,2020-12-21 00:00:00-05:00
247.00999450683594,2020-12-22 00:00:00-05:00
240.8800048828125,2020-12-23 00:00:00-05:00
241.7899932861328,2020-12-24 00:00:00-05:00
231.8000030517578,2020-12-28 00:00:00-05:00
233.14999389648438,2020-12-29 00:00:00-05:00
234.0399932861328,2020-12-30 00:00:00-05:00
233.8699951171875,2020-12-31 00:00:00-05:00
231.55999755859375,2021-01-04 00:00:00-05:00
234.4199981689453,2021-01-05 00:00:00-05:00
224.47999572753906,2021-01-06 00:00:00-05:00
233.3800048828125,2021-01-07 00:00:00-05:00
235.47999572753906,2021-01-08 00:00:00-05:00
230.6699981689453,2021-01-11 00:00:00-05:00
234.19000244140625,2021-01-12 00:00:00-05:00
229.8699951171875,2021-01-13 00:00:00-05:00
222.97000122070312,2021-01-14 00:00:00-05:00
222.92999267578125,2021-01-15 00:00:00-05:00
226.74000549316406,2021-01-19 00:00:00-05:00
231.61000061035156,2021-01-20 00:00:00-05:00
234.17999267578125,2021-01-21 00:00:00-05:00
235.4499969482422,2021-01-22 00:00:00-05:00
231.0800018310547,2021-01-25 00:00:00-05:00
223.8800048828125,2021-01-26 00:00:00-05:00
217.3000030517578,2021-01-27 00:00:00-05:00
227.02000427246094,2021-01-28 00:00:00-05:00
231.1300048828125,2021-01-29 00:00:00-05:00
234.8699951171875,2021-02-01 00:00:00-05:00
248.7899932861328,2021-02-02 00:00:00-05:00
243.99000549316406,2021-02-03 00:00:00-05:00
241.0,2021-02-04 00:00:00-05:00
243.8000030517578,2021-02-05 00:00:00-05:00
244.3800048828125,2021-02-08 00:00:00-05:00
248.0500030517578,2021-02-09 00:00:00-05:00
252.4600067138672,2021-02-10 00:00:00-05:00
252.8000030517578,2021-02-11 00:00:00-05:00
252.97000122070312,2021-02-12 00:00:00-05:00
248.9499969482422,2021-02-16 00:00:00-05:00
250.52999877929688,2021-02-17 00:00:00-05:00
256.7300109863281,2021-02-18 00:00:00-05:00
258.4100036621094,2021-02-19 00:00:00-05:00
241.00999450683594,2021-02-22 00:00:00-05:00
241.4600067138672,2021-02-23 00:00:00-05:00
239.92999267578125,2021-02-24 00:00:00-05:00
232.39999389648438,2021-02-25 00:00:00-05:00
237.6999969482422,2021-02-26 00:00:00-05:00
251.5,2021-03-01 00:00:00-05:00
244.39999389648438,2021-03-02 00:00:00-05:00
227.67999267578125,2021-03-03 00:00:00-05:00
225.44000244140625,2021-03-04 00:00:00-05:00
228.2100067138672,2021-03-05 00:00:00-05:00
223.4199981689453,2021-03-08 00:00:00-05:00
233.0500030517578,2021-03-09 00:00:00-05:00
225.69000244140625,2021-03-10 00:00:00-05:00
235.8000030517578,2021-03-11 00:00:00-05:00
229.25999450683594,2021-03-12 00:00:00-05:00
236.6199951171875,2021-03-15 00:00:00-04:00
235.88999938964844,2021-03-16 00:00:00-04:00
234.0,2021-03-17 00:00:00-04:00
219.27999877929688,2021-03-18 00:00:00-04:00
219.08999633789062,2021-03-19 00:00:00-04:00
221.74000549316406,2021-03-22 00:00:00-04:00
222.9199981689453,2021-03-23 00:00:00-04:00
210.44000244140625,2021-03-24 00:00:00-04:00
206.83999633789062,2021-03-25 00:00:00-04:00
212.94000244140625,2021-03-26 00:00:00-04:00
204.58999633789062,2021-03-29 00:00:00-04:00
204.42999267578125,2021-03-30 00:00:00-04:00
210.75999450683594,2021-03-31 00:00:00-04:00
223.05999755859375,2021-04-01 00:00:00-04:00
221.22999572753906,2021-04-05 00:00:00-04:00
223.1300048828125,2021-04-06 00:00:00-04:00
217.6300048828125,2021-04-07 00:00:00-04:00
224.11000061035156,2021-04-08 00:00:00-04:00
225.39999389648438,2021-04-09 00:00:00-04:00
230.66000366210938,2021-04-12 00:00:00-04:00
242.19000244140625,2021-04-13 00:00:00-04:00
231.47999572753906,2021-04-14 00:00:00-04:00
239.1300048828125,2021-04-15 00:00:00-04:00
234.75999450683594,2021-04-16 00:00:00-04:00
228.2100067138672,2021-04-19 00:00:00-04:00
226.33999633789062,2021-04-20 00:00:00-04:00
226.5800018310547,2021-04-21 00:00:00-04:00
228.4499969482422,2021-04-22 00:00:00-04:00
230.82000732421875,2021-04-23 00:00:00-04:00
236.5,2021-04-26 00:00:00-04:00
236.1199951171875,2021-04-27 00:00:00-04:00
235.9600067138672,2021-04-28 00:00:00-04:00
228.1199951171875,2021-04-29 00:00:00-04:00
237.55999755859375,2021-04-30 00:00:00-04:00
229.99000549316406,2021-05-03 00:00:00-04:00
225.02000427246094,2021-05-04 00:00:00-04:00
223.5,2021-05-05 00:00:00-04:00
218.77000427246094,2021-05-06 00:00:00-04:00
219.6300048828125,2021-05-07 00:00:00-04:00
215.8300018310547,2021-05-10 00:00:00-04:00
224.44000244140625,2021-05-11 00:00:00-04:00
223.8699951171875,2021-05-12 00:00:00-04:00
212.4499969482422,2021-05-13 00:00:00-04:00
214.99000549316406,2021-05-14 00:00:00-04:00
212.3000030517578,2021-05-17 00:00:00-04:00
217.02000427246094,2021-05-18 00:00:00-04:00
216.17999267578125,2021-05-19 00:00:00-04:00
224.66000366210938,2021-05-20 00:00:00-04:00
223.64999389648438,2021-05-21 00:00:00-04:00
222.60000610351562,2021-05-24 00:00:00-04:00
225.72000122070312,2021-05-25 00:00:00-04:00
230.49000549316406,2021-05-26 00:00:00-04:00
231.88999938964844,2021-05-27 00:00:00-04:00
233.27999877929688,2021-05-28 00:00:00-04:00
231.97999572753906,2021-06-01 00:00:00-04:00
231.4499969482422,2021-06-02 00:00:00-04:00
221.3699951171875,2021-06-03 00:00:00-04:00
225.8800048828125,2021-06-04 00:00:00-04:00
228.1300048828125,2021-06-07 00:00:00-04:00
228.92999267578125,2021-06-08 00:00:00-04:00
232.30999755859375,2021-06-09 00:00:00-04:00
238.55999755859375,2021-06-10 00:00:00-04:00
244.08999633789062,2021-06-11 00:00:00-04:00
250.88999938964844,2021-06-14 00:00:00-04:00
245.8000030517578,2021-06-15 00:00:00-04:00
248.4600067138672,2021-06-16 00:00:00-04:00
262.510009765625,2021-06-17 00:00:00-04:00
266.55999755859375,2021-06-18 00:00:00-04:00
267.1600036621094,2021-06-21 00:00:00-04:00
267.9599914550781,2021-06-22 00:00:00-04:00
267.489990234375,2021-06-23 00:00:00-04:00
266.9599914550781,2021-06-24 00:00:00-04:00
264.69000244140625,2021-06-25 00:00:00-04:00
263.2300109863281,2021-06-28 00:00:00-04:00
264.1499938964844,2021-06-29 00:00:00-04:00
256.8599853515625,2021-06-30 00:00:00-04:00
258.42999267578125,2021-07-01 00:00:00-04:00
262.7200012207031,2021-07-02 00:00:00-04:00
268.42999267578125,2021-07-06 00:00:00-04:00
269.05999755859375,2021-07-07 00:00:00-04:00
266.6600036621094,2021-07-08 00:00:00-04:00
268.6400146484375,2021-07-09 00:00:00-04:00
261.3599853515625,2021-07-12 00:00:00-04:00
261.1400146484375,2021-07-13 00:00:00-04:00
259.2200012207031,2021-07-14 00:00:00-04:00
259.3599853515625,2021-07-15 00:00:00-04:00
260.6400146484375,2021-07-16 00:00:00-04:00
262.8699951171875,2021-07-19 00:00:00-04:00
267.6199951171875,2021-07-20 00:00:00-04:00
268.8500061035156,2021-07-21 00:00:00-04:00
269.1300048828125,2021-07-22 00:00:00-04:00
271.2900085449219,2021-07-23 00:00:00-04:00
267.5400085449219,2021-07-26 00:00:00-04:00
264.9700012207031,2021-07-27 00:00:00-04:00
269.0799865722656,2021-07-28 00:00:00-04:00
266.7900085449219,2021-07-29 00:00:00-04:00
325.1199951171875,2021-07-30 00:00:00-04:00
322.5799865722656,2021-08-02 00:00:00-04:00
329.4200134277344,2021-08-03 00:00:00-04:00
340.44000244140625,2021-08-04 00:00:00-04:00
342.42999267578125,2021-08-05 00:00:00-04:00
334.510009765625,2021-08-06 00:00:00-04:00
335.8399963378906,2021-08-09 00:00:00-04:00
327.5199890136719,2021-08-10 00:00:00-04:00
332.55999755859375,2021-08-11 00:00:00-04:00
338.0400085449219,2021-08-12 00:00:00-04:00
337.94000244140625,2021-08-13 00:00:00-04:00
334.0199890136719,2021-08-16 00:00:00-04:00
336.7300109863281,2021-08-17 00:00:00-04:00
337.7300109863281,2021-08-18 00:00:00-04:00
334.55999755859375,2021-08-19 00:00:00-04:00
346.0,2021-08-20 00:00:00-04:00
352.489990234375,2021-08-23 00:00:00-04:00
353.8900146484375,2021-08-24 00:00:00-04:00
353.4100036621094,2021-08-25 00:00:00-04:00
349.989990234375,2021-08-26 00:00:00-04:00
358.3399963378906,2021-08-27 00:00:00-04:00
366.0299987792969,2021-08-30 00:00:00-04:00
367.05999755859375,2021-08-31 00:00:00-04:00
371.70001220703125,2021-09-01 00:00:00-04:00
376.0,2021-09-02 00:00:00-04:00
384.5899963378906,2021-09-03 00:00:00-04:00
381.69000244140625,2021-09-07 00:00:00-04:00
381.75,2021-09-08 00:00:00-04:00
378.8399963378906,2021-09-09 00:00:00-04:00
379.9700012207031,2021-09-10 00:00:00-04:00
376.7099914550781,2021-09-13 00:00:00-04:00
389.3900146484375,2021-09-14 00:00:00-04:00
394.5299987792969,2021-09-15 00:00:00-04:00
403.9100036621094,2021-09-16 00:00:00-04:00
404.6000061035156,2021-09-17 00:00:00-04:00
400.5899963378906,2021-09-20 00:00:00-04:00
405.9800109863281,2021-09-21 00:00:00-04:00
406.3999938964844,2021-09-22 00:00:00-04:00
409.6000061035156,2021-09-23 00:00:00-04:00
413.94000244140625,2021-09-24 00:00:00-04:00
391.8900146484375,2021-09-27 00:00:00-04:00
381.5799865722656,2021-09-28 00:00:00-04:00
387.6000061035156,2021-09-29 00:00:00-04:00
391.4200134277344,2021-09-30 00:00:00-04:00
392.2200012207031,2021-10-01 00:00:00-04:00
382.7099914550781,2021-10-04 00:00:00-04:00
389.94000244140625,2021-10-05 00:00:00-04:00
395.19000244140625,2021-10-06 00:00:00-04:00
392.9800109863281,2021-10-07 00:00:00-04:00
390.739990234375,2021-10-08 00:00:00-04:00
389.5,2021-10-11 00:00:00-04:00
397.4700012207031,2021-10-12 00:00:00-04:00
407.0400085449219,2021-10-13 00:00:00-04:00
406.7300109863281,2021-10-14 00:00:00-04:00
409.739990234375,2021-10-15 00:00:00-04:00
414.7699890136719,2021-10-18 00:00:00-04:00
410.4599914550781,2021-10-19 00:00:00-04:00
409.69000244140625,2021-10-20 00:00:00-04:00
417.1199951171875,2021-10-21 00:00:00-04:00
423.20001220703125,2021-10-22 00:00:00-04:00
429.010009765625,2021-10-25 00:00:00-04:00
424.5199890136719,2021-10-26 00:00:00-04:00
412.8800048828125,2021-10-27 00:00:00-04:00
417.3299865722656,2021-10-28 00:00:00-04:00
458.1300048828125,2021-10-29 00:00:00-04:00
450.1400146484375,2021-11-01 00:00:00-04:00
450.2900085449219,2021-11-02 00:00:00-04:00
445.42999267578125,2021-11-03 00:00:00-04:00
449.1199951171875,2021-11-04 00:00:00-04:00
440.2200012207031,2021-11-05 00:00:00-04:00
442.760009765625,2021-11-08 00:00:00-05:00
444.5,2021-11-09 00:00:00-05:00
433.57000732421875,2021-11-10 00:00:00-05:00
441.5899963378906,2021-11-11 00:00:00-05:00
445.1199951171875,2021-11-12 00:00:00-05:00
433.989990234375,2021-11-15 00:00:00-05:00
443.9599914550781,2021-11-16 00:00:00-05:00
440.239990234375,2021-11-17 00:00:00-05:00
440.69000244140625,2021-11-18 00:00:00-05:00
429.8599853515625,2021-11-19 00:00:00-05:00
403.0,2021-11-22 00:00:00-05:00
389.510009765625,2021-11-23 00:00:00-05:00
393.07000732421875,2021-11-24 00:00:00-05:00
391.5400085449219,2021-11-26 00:00:00-05:00
397.69000244140625,2021-11-29 00:00:00-05:00
376.32000732421875,2021-11-30 00:00:00-05:00
357.2099914550781,2021-12-01 00:00:00-05:00
368.94000244140625,2021-12-02 00:00:00-05:00
349.5,2021-12-03 00:00:00-05:00
353.44000244140625,2021-12-06 00:00:00-05:00
382.989990234375,2021-12-07 00:00:00-05:00
387.4100036621094,2021-12-08 00:00:00-05:00
375.44000244140625,2021-12-09 00:00:00-05:00
372.6199951171875,2021-12-10 00:00:00-05:00
369.92999267578125,2021-12-13 00:00:00-05:00
351.739990234375,2021-12-14 00:00:00-05:00
364.42999267578125,2021-12-15 00:00:00-05:00
345.44000244140625,2021-12-16 00:00:00-05:00
350.9599914550781,2021-12-17 00:00:00-05:00
343.3299865722656,2021-12-20 00:00:00-05:00
380.6300048828125,2021-12-21 00:00:00-05:00
388.04998779296875,2021-12-22 00:00:00-05:00
387.9200134277344,2021-12-23 00:00:00-05:00
394.42999267578125,2021-12-27 00:00:00-05:00
388.6099853515625,2021-12-28 00:00:00-05:00
382.7799987792969,2021-12-29 00:00:00-05:00
385.3599853515625,2021-12-30 00:00:00-05:00
381.2900085449219,2021-12-31 00:00:00-05:00
350.4200134277344,2022-01-03 00:00:00-05:00
334.989990234375,2022-01-04 00:00:00-05:00
311.6400146484375,2022-01-05 00:00:00-05:00
313.75,2022-01-06 00:00:00-05:00
303.7099914550781,2022-01-07 00:00:00-05:00
312.9800109863281,2022-01-10 00:00:00-05:00
314.95001220703125,2022-01-11 00:00:00-05:00
320.5899963378906,2022-01-12 00:00:00-05:00
298.6499938964844,2022-01-13 00:00:00-05:00
297.3900146484375,2022-01-14 00:00:00-05:00
293.6300048828125,2022-01-18 00:00:00-05:00
293.4599914550781,2022-01-19 00:00:00-05:00
291.32000732421875,2022-01-20 00:00:00-05:00
283.0,2022-01-21 00:00:00-05:00
300.2699890136719,2022-01-24 00:00:00-05:00
286.69000244140625,2022-01-25 00:00:00-05:00
293.05999755859375,2022-01-26 00:00:00-05:00
290.8900146484375,2022-01-27 00:00:00-05:00
319.1700134277344,2022-01-28 00:00:00-05:00
324.3399963378906,2022-01-31 00:00:00-05:00
325.8699951171875,2022-02-01 00:00:00-05:00
314.2900085449219,2022-02-02 00:00:00-05:00
304.4100036621094,2022-02-03 00:00:00-05:00
320.9100036621094,2022-02-04 00:00:00-05:00
314.19000244140625,2022-02-07 00:00:00-05:00
318.04998779296875,2022-02-08 00:00:00-05:00
335.6000061035156,2022-02-09 00:00:00-05:00
346.1600036621094,2022-02-10 00:00:00-05:00
321.760009765625,2022-02-11 00:00:00-05:00
320.25,2022-02-14 00:00:00-05:00
330.3299865722656,2022-02-15 00:00:00-05:00
318.7099914550781,2022-02-16 00:00:00-05:00
304.0,2022-02-17 00:00:00-05:00
298.07000732421875,2022-02-18 00:00:00-05:00
295.70001220703125,2022-02-22 00:00:00-05:00
281.0199890136719,2022-02-23 00:00:00-05:00
301.6000061035156,2022-02-24 00:00:00-05:00
305.0299987792969,2022-02-25 00:00:00-05:00
305.7200012207031,2022-02-28 00:00:00-05:00
307.2699890136719,2022-03-01 00:00:00-05:00
309.2799987792969,2022-03-02 00:00:00-05:00
286.8800048828125,2022-03-03 00:00:00-05:00
267.6099853515625,2022-03-04 00:00:00-05:00
244.24000549316406,2022-03-07 00:00:00-05:00
240.9499969482422,2022-03-08 00:00:00-05:00
261.5899963378906,2022-03-09 00:00:00-05:00
255.1999969482422,2022-03-10 00:00:00-05:00
246.38999938964844,2022-03-11 00:00:00-05:00
238.66000366210938,2022-03-14 00:00:00-04:00
245.1699981689453,2022-03-15 00:00:00-04:00
280.9599914550781,2022-03-16 00:00:00-04:00
280.1300048828125,2022-03-17 00:00:00-04:00
294.7300109863281,2022-03-18 00:00:00-04:00
288.30999755859375,2022-03-21 00:00:00-04:00
298.510009765625,2022-03-22 00:00:00-04:00
289.4100036621094,2022-03-23 00:00:00-04:00
294.1300048828125,2022-03-24 00:00:00-04:00
284.2099914550781,2022-03-25 00:00:00-04:00
302.30999755859375,2022-03-28 00:00:00-04:00
311.6400146484375,2022-03-29 00:00:00-04:00
302.6400146484375,2022-03-30 00:00:00-04:00
293.8299865722656,2022-03-31 00:00:00-04:00
305.75,2022-04-01 00:00:00-04:00
317.17999267578125,2022-04-04 00:00:00-04:00
299.8599853515625,2022-04-05 00:00:00-04:00
286.9599914550781,2022-04-06 00:00:00-04:00
292.9700012207031,2022-04-07 00:00:00-04:00
272.0199890136719,2022-04-08 00:00:00-04:00
271.6300048828125,2022-04-11 00:00:00-04:00
268.32000732421875,2022-04-12 00:00:00-04:00
280.3299865722656,2022-04-13 00:00:00-04:00
265.3500061035156,2022-04-14 00:00:00-04:00
259.1199951171875,2022-04-18 00:00:00-04:00
273.8999938964844,2022-04-19 00:00:00-04:00
265.80999755859375,2022-04-20 00:00:00-04:00
253.82000732421875,2022-04-21 00:00:00-04:00
245.2899932861328,2022-04-22 00:00:00-04:00
253.6300048828125,2022-04-25 00:00:00-04:00
242.97999572753906,2022-04-26 00:00:00-04:00
243.66000366210938,2022-04-27 00:00:00-04:00
259.9800109863281,2022-04-28 00:00:00-04:00
224.8300018310547,2022-04-29 00:00:00-04:00
235.27999877929688,2022-05-02 00:00:00-04:00
223.5399932861328,2022-05-03 00:00:00-04:00
234.6999969482422,2022-05-04 00:00:00-04:00
212.7100067138672,2022-05-05 00:00:00-04:00
202.25999450683594,2022-05-06 00:00:00-04:00
183.35000610351562,2022-05-09 00:00:00-04:00
180.97999572753906,2022-05-10 00:00:00-04:00
169.27999877929688,2022-05-11 00:00:00-04:00
168.24000549316406,2022-05-12 00:00:00-04:00
188.89999389648438,2022-05-13 00:00:00-04:00
177.0,2022-05-16 00:00:00-04:00
174.42999267578125,2022-05-17 00:00:00-04:00
162.49000549316406,2022-05-18 00:00:00-04:00
174.75,2022-05-19 00:00:00-04:00
177.39999389648438,2022-05-20 00:00:00-04:00
177.6999969482422,2022-05-23 00:00:00-04:00
164.1699981689453,2022-05-24 00:00:00-04:00
170.75,2022-05-25 00:00:00-04:00
175.17999267578125,2022-05-26 00:00:00-04:00
184.77999877929688,2022-05-27 00:00:00-04:00
177.32000732421875,2022-05-31 00:00:00-04:00
179.25,2022-06-01 00:00:00-04:00
196.6199951171875,2022-06-02 00:00:00-04:00
190.57000732421875,2022-06-03 00:00:00-04:00
190.27000427246094,2022-06-06 00:00:00-04:00
200.85000610351562,2022-06-07 00:00:00-04:00
200.8000030517578,2022-06-08 00:00:00-04:00
196.05999755859375,2022-06-09 00:00:00-04:00
183.80999755859375,2022-06-10 00:00:00-04:00
166.2899932861328,2022-06-13 00:00:00-04:00
167.67999267578125,2022-06-14 00:00:00-04:00
179.66000366210938,2022-06-15 00:00:00-04:00
165.74000549316406,2022-06-16 00:00:00-04:00
178.5500030517578,2022-06-17 00:00:00-04:00
183.0,2022-06-21 00:00:00-04:00
185.39999389648438,2022-06-22 00:00:00-04:00
193.25999450683594,2022-06-23 00:00:00-04:00
205.32000732421875,2022-06-24 00:00:00-04:00
202.2100067138672,2022-06-27 00:00:00-04:00
192.60000610351562,2022-06-28 00:00:00-04:00
192.36000061035156,2022-06-29 00:00:00-04:00
187.39999389648438,2022-06-30 00:00:00-04:00
197.50999450683594,2022-07-01 00:00:00-04:00
208.38999938964844,2022-07-05 00:00:00-04:00
207.85000610351562,2022-07-06 00:00:00-04:00
213.77000427246094,2022-07-07 00:00:00-04:00
214.0800018310547,2022-07-08 00:00:00-04:00
211.02999877929688,2022-07-11 00:00:00-04:00
192.6699981689453,2022-07-12 00:00:00-04:00
194.47000122070312,2022-07-13 00:00:00-04:00
184.97999572753906,2022-07-14 00:00:00-04:00
188.88999938964844,2022-07-15 00:00:00-04:00
187.97000122070312,2022-07-18 00:00:00-04:00
191.58999633789062,2022-07-19 00:00:00-04:00
213.0399932861328,2022-07-20 00:00:00-04:00
214.17999267578125,2022-07-21 00:00:00-04:00
202.27000427246094,2022-07-22 00:00:00-04:00
196.0500030517578,2022-07-25 00:00:00-04:00
187.61000061035156,2022-07-26 00:00:00-04:00
197.27999877929688,2022-07-27 00:00:00-04:00
204.85000610351562,2022-07-28 00:00:00-04:00
209.32000732421875,2022-07-29 00:00:00-04:00
210.58999633789062,2022-08-01 00:00:00-04:00
214.2100067138672,2022-08-02 00:00:00-04:00
225.13999938964844,2022-08-03 00:00:00-04:00
230.41000366210938,2022-08-04 00:00:00-04:00
268.5899963378906,2022-08-05 00:00:00-04:00
279.3500061035156,2022-08-08 00:00:00-04:00
278.8599853515625,2022-08-09 00:00:00-04:00
286.19000244140625,2022-08-10 00:00:00-04:00
275.79998779296875,2022-08-11 00:00:00-04:00
283.25,2022-08-12 00:00:00-04:00
288.4700012207031,2022-08-15 00:00:00-04:00
289.3599853515625,2022-08-16 00:00:00-04:00
284.260009765625,2022-08-17 00:00:00-04:00
283.3699951171875,2022-08-18 00:00:00-04:00
269.3399963378906,2022-08-19 00:00:00-04:00
258.4700012207031,2022-08-22 00:00:00-04:00
258.2799987792969,2022-08-23 00:00:00-04:00
258.6600036621094,2022-08-24 00:00:00-04:00
266.3299865722656,2022-08-25 00:00:00-04:00
257.04998779296875,2022-08-26 00:00:00-04:00
250.9600067138672,2022-08-29 00:00:00-04:00
251.39999389648438,2022-08-30 00:00:00-04:00
247.66000366210938,2022-08-31 00:00:00-04:00
235.42999267578125,2022-09-01 00:00:00-04:00
232.4199981689453,2022-09-02 00:00:00-04:00
229.6699981689453,2022-09-06 00:00:00-04:00
235.4199981689453,2022-09-07 00:00:00-04:00
240.32000732421875,2022-09-08 00:00:00-04:00
258.92999267578125,2022-09-09 00:00:00-04:00
264.7900085449219,2022-09-12 00:00:00-04:00
248.89999389648438,2022-09-13 00:00:00-04:00
255.57000732421875,2022-09-14 00:00:00-04:00
252.88999938964844,2022-09-15 00:00:00-04:00
242.89999389648438,2022-09-16 00:00:00-04:00
241.6199951171875,2022-09-19 00:00:00-04:00
235.19000244140625,2022-09-20 00:00:00-04:00
232.3000030517578,2022-09-21 00:00:00-04:00
220.69000244140625,2022-09-22 00:00:00-04:00
217.55999755859375,2022-09-23 00:00:00-04:00
213.61000061035156,2022-09-26 00:00:00-04:00
214.58999633789062,2022-09-27 00:00:00-04:00
218.13999938964844,2022-09-28 00:00:00-04:00
212.3300018310547,2022-09-29 00:00:00-04:00
210.58999633789062,2022-09-30 00:00:00-04:00
217.3300018310547,2022-10-03 00:00:00-04:00
236.2100067138672,2022-10-04 00:00:00-04:00
242.4600067138672,2022-10-05 00:00:00-04:00
238.99000549316406,2022-10-06 00:00:00-04:00
228.24000549316406,2022-10-07 00:00:00-04:00
220.27000427246094,2022-10-10 00:00:00-04:00
207.63999938964844,2022-10-11 00:00:00-04:00
203.3699951171875,2022-10-12 00:00:00-04:00
202.1999969482422,2022-10-13 00:00:00-04:00
189.0,2022-10-14 00:00:00-04:00
204.6699981689453,2022-10-17 00:00:00-04:00
201.44000244140625,2022-10-18 00:00:00-04:00
187.72999572753906,2022-10-19 00:00:00-04:00
192.6199951171875,2022-10-20 00:00:00-04:00
194.10000610351562,2022-10-21 00:00:00-04:00
194.85000610351562,2022-10-24 00:00:00-04:00
206.0399932861328,2022-10-25 00:00:00-04:00
195.22000122070312,2022-10-26 00:00:00-04:00
198.0,2022-10-27 00:00:00-04:00
200.82000732421875,2022-10-28 00:00:00-04:00
202.72999572753906,2022-10-31 00:00:00-04:00
191.74000549316406,2022-11-01 00:00:00-04:00
172.39999389648438,2022-11-02 00:00:00-04:00
174.1699981689453,2022-11-03 00:00:00-04:00
123.7300033569336,2022-11-04 00:00:00-04:00
119.2300033569336,2022-11-07 00:00:00-05:00
122.72000122070312,2022-11-08 00:00:00-05:00
122.29000091552734,2022-11-09 00:00:00-05:00
140.85000610351562,2022-11-10 00:00:00-05:00
142.3699951171875,2022-11-11 00:00:00-05:00
134.9600067138672,2022-11-14 00:00:00-05:00
141.17999267578125,2022-11-15 00:00:00-05:00
129.27000427246094,2022-11-16 00:00:00-05:00
121.69000244140625,2022-11-17 00:00:00-05:00
118.76000213623047,2022-11-18 00:00:00-05:00
117.55999755859375,2022-11-21 00:00:00-05:00
116.33999633789062,2022-11-22 00:00:00-05:00
124.5,2022-11-23 00:00:00-05:00
124.12999725341797,2022-11-25 00:00:00-05:00
126.44999694824219,2022-11-28 00:00:00-05:00
122.01000213623047,2022-11-29 00:00:00-05:00
131.5500030517578,2022-11-30 00:00:00-05:00
140.05999755859375,2022-12-01 00:00:00-05:00
141.0,2022-12-02 00:00:00-05:00
133.61000061035156,2022-12-05 00:00:00-05:00
124.95999908447266,2022-12-06 00:00:00-05:00
125.45999908447266,2022-12-07 00:00:00-05:00
135.7100067138672,2022-12-08 00:00:00-05:00
137.3300018310547,2022-12-09 00:00:00-05:00
143.7899932861328,2022-12-12 00:00:00-05:00
143.91000366210938,2022-12-13 00:00:00-05:00
149.85000610351562,2022-12-14 00:00:00-05:00
146.22999572753906,2022-12-15 00:00:00-05:00
147.25999450683594,2022-12-16 00:00:00-05:00
139.1699981689453,2022-12-19 00:00:00-05:00
138.02000427246094,2022-12-20 00:00:00-05:00
139.6199951171875,2022-12-21 00:00:00-05:00
127.26000213623047,2022-12-22 00:00:00-05:00
127.22000122070312,2022-12-23 00:00:00-05:00
124.83000183105469,2022-12-27 00:00:00-05:00
123.30000305175781,2022-12-28 00:00:00-05:00
129.67999267578125,2022-12-29 00:00:00-05:00
128.67999267578125,2022-12-30 00:00:00-05:00
126.5,2023-01-03 00:00:00-05:00
126.4000015258789,2023-01-04 00:00:00-05:00
119.97000122070312,2023-01-05 00:00:00-05:00
121.27999877929688,2023-01-06 00:00:00-05:00
127.16999816894531,2023-01-09 00:00:00-05:00
132.16000366210938,2023-01-10 00:00:00-05:00
141.77999877929688,2023-01-11 00:00:00-05:00
146.47999572753906,2023-01-12 00:00:00-05:00
148.0,2023-01-13 00:00:00-05:00
152.91000366210938,2023-01-17 00:00:00-05:00
148.72999572753906,2023-01-18 00:00:00-05:00
148.88999938964844,2023-01-19 00:00:00-05:00
157.75,2023-01-20 00:00:00-05:00
154.5800018310547,2023-01-23 00:00:00-05:00
151.6999969482422,2023-01-24 00:00:00-05:00
151.92999267578125,2023-01-25 00:00:00-05:00
158.3800048828125,2023-01-26 00:00:00-05:00
164.25,2023-01-27 00:00:00-05:00
156.94000244140625,2023-01-30 00:00:00-05:00
161.6199951171875,2023-01-31 00:00:00-05:00
170.30999755859375,2023-02-01 00:00:00-05:00
182.41000366210938,2023-02-02 00:00:00-05:00
169.3000030517578,2023-02-03 00:00:00-05:00
172.3699951171875,2023-02-06 00:00:00-05:00
181.16000366210938,2023-02-07 00:00:00-05:00
175.64999389648438,2023-02-08 00:00:00-05:00
171.14999389648438,2023-02-09 00:00:00-05:00
172.22999572753906,2023-02-10 00:00:00-05:00
175.55999755859375,2023-02-13 00:00:00-05:00
181.8699951171875,2023-02-14 00:00:00-05:00
187.36000061035156,2023-02-15 00:00:00-05:00
174.66000366210938,2023-02-16 00:00:00-05:00
168.55999755859375,2023-02-17 00:00:00-05:00
165.14999389648438,2023-02-21 00:00:00-05:00
169.49000549316406,2023-02-22 00:00:00-05:00
170.6300048828125,2023-02-23 00:00:00-05:00
162.5500030517578,2023-02-24 00:00:00-05:00
164.6199951171875,2023-02-27 00:00:00-05:00
164.3300018310547,2023-02-28 00:00:00-05:00
162.19000244140625,2023-03-01 00:00:00-05:00
166.11000061035156,2023-03-02 00:00:00-05:00
177.52999877929688,2023-03-03 00:00:00-05:00
176.14999389648438,2023-03-06 00:00:00-05:00
176.47999572753906,2023-03-07 00:00:00-05:00
177.89999389648438,2023-03-08 00:00:00-05:00
169.99000549316406,2023-03-09 00:00:00-05:00
155.77999877929688,2023-03-10 00:00:00-05:00
158.32000732421875,2023-03-13 00:00:00-04:00
159.97999572753906,2023-03-14 00:00:00-04:00
158.0,2023-03-15 00:00:00-04:00
157.35000610351562,2023-03-16 00:00:00-04:00
158.25,2023-03-17 00:00:00-04:00
148.89999389648438,2023-03-20 00:00:00-04:00
154.3000030517578,2023-03-21 00:00:00-04:00
149.02999877929688,2023-03-22 00:00:00-04:00
153.2899932861328,2023-03-23 00:00:00-04:00
152.72000122070312,2023-03-24 00:00:00-04:00
154.99000549316406,2023-03-27 00:00:00-04:00
155.25999450683594,2023-03-28 00:00:00-04:00
158.88999938964844,2023-03-29 00:00:00-04:00
160.58999633789062,2023-03-30 00:00:00-04:00
171.1699981689453,2023-03-31 00:00:00-04:00
163.9199981689453,2023-04-03 00:00:00-04:00
166.49000549316406,2023-04-04 00:00:00-04:00
156.99000549316406,2023-04-05 00:00:00-04:00
158.5399932861328,2023-04-06 00:00:00-04:00
158.9199981689453,2023-04-10 00:00:00-04:00
162.8800048828125,2023-04-11 00:00:00-04:00
158.5500030517578,2023-04-12 00:00:00-04:00
168.08999633789062,2023-04-13 00:00:00-04:00
165.52999877929688,2023-04-14 00:00:00-04:00
166.4199981689453,2023-04-17 00:00:00-04:00
162.32000732421875,2023-04-18 00:00:00-04:00
162.77000427246094,2023-04-19 00:00:00-04:00
157.25,2023-04-20 00:00:00-04:00
158.5500030517578,2023-04-21 00:00:00-04:00
154.80999755859375,2023-04-24 00:00:00-04:00
143.05999755859375,2023-04-25 00:00:00-04:00
151.74000549316406,2023-04-26 00:00:00-04:00
153.77000427246094,2023-04-27 00:00:00-04:00
147.66000366210938,2023-04-28 00:00:00-04:00
149.5500030517578,2023-05-01 00:00:00-04:00
147.16000366210938,2023-05-02 00:00:00-04:00
145.13999938964844,2023-05-03 00:00:00-04:00
150.0500030517578,2023-05-04 00:00:00-04:00
135.72999572753906,2023-05-05 00:00:00-04:00
130.00999450683594,2023-05-08 00:00:00-04:00
133.14999389648438,2023-05-09 00:00:00-04:00
137.4199981689453,2023-05-10 00:00:00-04:00
135.67999267578125,2023-05-11 00:00:00-04:00
135.02000427246094,2023-05-12 00:00:00-04:00
145.36000061035156,2023-05-15 00:00:00-04:00
139.22000122070312,2023-05-16 00:00:00-04:00
144.0399932861328,2023-05-17 00:00:00-04:00
148.0800018310547,2023-05-18 00:00:00-04:00
146.99000549316406,2023-05-19 00:00:00-04:00
158.3800048828125,2023-05-22 00:00:00-04:00
159.41000366210938,2023-05-23 00:00:00-04:00
160.63999938964844,2023-05-24 00:00:00-04:00
158.8800048828125,2023-05-25 00:00:00-04:00
166.14999389648438,2023-05-26 00:00:00-04:00
168.85000610351562,2023-05-30 00:00:00-04:00
180.7899932861328,2023-05-31 00:00:00-04:00
177.25999450683594,2023-06-01 00:00:00-04:00
183.89999389648438,2023-06-02 00:00:00-04:00
183.27000427246094,2023-06-05 00:00:00-04:00
184.0,2023-06-06 00:00:00-04:00
171.33999633789062,2023-06-07 00:00:00-04:00
170.38999938964844,2023-06-08 00:00:00-04:00
171.99000549316406,2023-06-09 00:00:00-04:00
175.83999633789062,2023-06-12 00:00:00-04:00
181.68499755859375,2023-06-13 00:00:00-04:00
181.22999572753906,2023-06-14 00:00:00-04:00
182.19000244140625,2023-06-15 00:00:00-04:00
177.8000030517578,2023-06-16 00:00:00-04:00
175.8300018310547,2023-06-20 00:00:00-04:00
168.3800048828125,2023-06-21 00:00:00-04:00
169.91000366210938,2023-06-22 00:00:00-04:00
162.41000366210938,2023-06-23 00:00:00-04:00
158.5399932861328,2023-06-26 00:00:00-04:00
161.8800048828125,2023-06-27 00:00:00-04:00
166.88999938964844,2023-06-28 00:00:00-04:00
161.63999938964844,2023-06-29 00:00:00-04:00
167.80999755859375,2023-06-30 00:00:00-04:00
167.58999633789062,2023-07-03 00:00:00-04:00
172.75999450683594,2023-07-05 00:00:00-04:00
165.83999633789062,2023-07-06 00:00:00-04:00
169.4499969482422,2023-07-07 00:00:00-04:00
173.49000549316406,2023-07-10 00:00:00-04:00
174.52000427246094,2023-07-11 00:00:00-04:00
175.33999633789062,2023-07-12 00:00:00-04:00
177.9600067138672,2023-07-13 00:00:00-04:00
178.97000122070312,2023-07-14 00:00:00-04:00
180.42999267578125,2023-07-17 00:00:00-04:00
187.4499969482422,2023-07-18 00:00:00-04:00
188.5800018310547,2023-07-19 00:00:00-04:00
175.63999938964844,2023-07-20 00:00:00-04:00
174.4199981689453,2023-07-21 00:00:00-04:00
173.08999633789062,2023-07-24 00:00:00-04:00
177.92999267578125,2023-07-25 00:00:00-04:00
176.64999389648438,2023-07-26 00:00:00-04:00
170.55999755859375,2023-07-27 00:00:00-04:00
174.2100067138672,2023-07-28 00:00:00-04:00
181.94000244140625,2023-07-31 00:00:00-04:00
181.64999389648438,2023-08-01 00:00:00-04:00
169.6999969482422,2023-08-02 00:00:00-04:00
169.64999389648438,2023-08-03 00:00:00-04:00
198.83999633789062,2023-08-04 00:00:00-04:00
193.52000427246094,2023-08-07 00:00:00-04:00
196.1300048828125,2023-08-08 00:00:00-04:00
192.33999633789062,2023-08-09 00:00:00-04:00
197.47000122070312,2023-08-10 00:00:00-04:00
197.66000366210938,2023-08-11 00:00:00-04:00
199.8699951171875,2023-08-14 00:00:00-04:00
193.1300048828125,2023-08-15 00:00:00-04:00
186.97000122070312,2023-08-16 00:00:00-04:00
185.33999633789062,2023-08-17 00:00:00-04:00
186.3000030517578,2023-08-18 00:00:00-04:00
184.14999389648438,2023-08-21 00:00:00-04:00
190.0399932861328,2023-08-22 00:00:00-04:00
191.69000244140625,2023-08-23 00:00:00-04:00
184.02000427246094,2023-08-24 00:00:00-04:00
191.02000427246094,2023-08-25 00:00:00-04:00
191.39999389648438,2023-08-28 00:00:00-04:00
198.89999389648438,2023-08-29 00:00:00-04:00
202.25999450683594,2023-08-30 00:00:00-04:00
204.05999755859375,2023-08-31 00:00:00-04:00
204.4499969482422,2023-09-01 00:00:00-04:00
205.91000366210938,2023-09-05 00:00:00-04:00
206.39999389648438,2023-09-06 00:00:00-04:00
206.9199981689453,2023-09-07 00:00:00-04:00
206.60000610351562,2023-09-08 00:00:00-04:00
214.02999877929688,2023-09-11 00:00:00-04:00
211.22000122070312,2023-09-12 00:00:00-04:00
208.88999938964844,2023-09-13 00:00:00-04:00
209.39999389648438,2023-09-14 00:00:00-04:00
203.02999877929688,2023-09-15 00:00:00-04:00
204.8800048828125,2023-09-18 00:00:00-04:00
205.36000061035156,2023-09-19 00:00:00-04:00
200.82000732421875,2023-09-20 00:00:00-04:00
189.9499969482422,2023-09-21 00:00:00-04:00
195.4600067138672,2023-09-22 00:00:00-04:00
196.4600067138672,2023-09-25 00:00:00-04:00
191.39999389648438,2023-09-26 00:00:00-04:00
197.52000427246094,2023-09-27 00:00:00-04:00
196.94000244140625,2023-09-28 00:00:00-04:00
201.50999450683594,2023-09-29 00:00:00-04:00
197.4600067138672,2023-10-02 00:00:00-04:00
190.6199951171875,2023-10-03 00:00:00-04:00
189.83999633789062,2023-10-04 00:00:00-04:00
187.85000610351562,2023-10-05 00:00:00-04:00
199.2100067138672,2023-10-06 00:00:00-04:00
202.5800018310547,2023-10-09 00:00:00-04:00
206.0,2023-10-10 00:00:00-04:00
199.4499969482422,2023-10-11 00:00:00-04:00
186.39999389648438,2023-10-12 00:00:00-04:00
188.30999755859375,2023-10-13 00:00:00-04:00
196.27000427246094,2023-10-16 00:00:00-04:00
197.7899932861328,2023-10-17 00:00:00-04:00
194.00999450683594,2023-10-18 00:00:00-04:00
192.39999389648438,2023-10-19 00:00:00-04:00
187.07000732421875,2023-10-20 00:00:00-04:00
185.9600067138672,2023-10-23 00:00:00-04:00
190.60000610351562,2023-10-24 00:00:00-04:00
178.58999633789062,2023-10-25 00:00:00-04:00
176.02000427246094,2023-10-26 00:00:00-04:00
176.4600067138672,2023-10-27 00:00:00-04:00
177.99000549316406,2023-10-30 00:00:00-04:00
180.63999938964844,2023-10-31 00:00:00-04:00
177.85000610351562,2023-11-01 00:00:00-04:00
181.39999389648438,2023-11-02 00:00:00-04:00
176.89999389648438,2023-11-03 00:00:00-04:00
173.5500030517578,2023-11-06 00:00:00-05:00
178.92999267578125,2023-11-07 00:00:00-05:00
174.47999572753906,2023-11-08 00:00:00-05:00
170.83999633789062,2023-11-09 00:00:00-05:00
176.2899932861328,2023-11-10 00:00:00-05:00
175.0399932861328,2023-11-13 00:00:00-05:00
186.1999969482422,2023-11-14 00:00:00-05:00
187.32000732421875,2023-11-15 00:00:00-05:00
186.5,2023-11-16 00:00:00-05:00
184.99000549316406,2023-11-17 00:00:00-05:00
186.10000610351562,2023-11-20 00:00:00-05:00
185.07000732421875,2023-11-21 00:00:00-05:00
180.5500030517578,2023-11-22 00:00:00-05:00
181.58999633789062,2023-11-24 00:00:00-05:00
180.32000732421875,2023-11-27 00:00:00-05:00
188.41000366210938,2023-11-28 00:00:00-05:00
195.5500030517578,2023-11-29 00:00:00-05:00
190.9499969482422,2023-11-30 00:00:00-05:00
195.11000061035156,2023-12-01 00:00:00-05:00
194.42999267578125,2023-12-04 00:00:00-05:00
190.6999969482422,2023-12-05 00:00:00-05:00
188.72000122070312,2023-12-06 00:00:00-05:00
187.85000610351562,2023-12-07 00:00:00-05:00
192.36000061035156,2023-12-08 00:00:00-05:00
198.58999633789062,2023-12-11 00:00:00-05:00
202.0,2023-12-12 00:00:00-05:00
215.13999938964844,2023-12-13 00:00:00-05:00
221.9199981689453,2023-12-14 00:00:00-05:00
229.55999755859375,2023-12-15 00:00:00-05:00
228.55999755859375,2023-12-18 00:00:00-05:00
233.07000732421875,2023-12-19 00:00:00-05:00
237.60000610351562,2023-12-20 00:00:00-05:00
245.02999877929688,2023-12-21 00:00:00-05:00
240.8000030517578,2023-12-22 00:00:00-05:00
245.0500030517578,2023-12-26 00:00:00-05:00
243.05999755859375,2023-12-27 00:00:00-05:00
241.22000122070312,2023-12-28 00:00:00-05:00
237.86000061035156,2023-12-29 00:00:00-05:00
226.6699981689453,2024-01-02 00:00:00-05:00
220.0500030517578,2024-01-03 00:00:00-05:00
222.82000732421875,2024-01-04 00:00:00-05:00
226.10000610351562,2024-01-05 00:00:00-05:00
235.58999633789062,2024-01-08 00:00:00-05:00
235.3000030517578,2024-01-09 00:00:00-05:00
244.2100067138672,2024-01-10 00:00:00-05:00
242.16000366210938,2024-01-11 00:00:00-05:00
237.0,2024-01-12 00:00:00-05:00
240.55999755859375,2024-01-16 00:00:00-05:00
236.97000122070312,2024-01-17 00:00:00-05:00
239.4199981689453,2024-01-18 00:00:00-05:00
242.9600067138672,2024-01-19 00:00:00-05:00
245.58999633789062,2024-01-22 00:00:00-05:00
248.4499969482422,2024-01-23 00:00:00-05:00
243.0800018310547,2024-01-24 00:00:00-05:00
244.35000610351562,2024-01-25 00:00:00-05:00
247.7899932861328,2024-01-26 00:00:00-05:00
255.6699981689453,2024-01-29 00:00:00-05:00
257.42999267578125,2024-01-30 00:00:00-05:00
249.77000427246094,2024-01-31 00:00:00-05:00
254.89999389648438,2024-02-01 00:00:00-05:00
217.38999938964844,2024-02-02 00:00:00-05:00
215.0500030517578,2024-02-05 00:00:00-05:00
211.25999450683594,2024-02-06 00:00:00-05:00
209.4600067138672,2024-02-07 00:00:00-05:00
212.2899932861328,2024-02-08 00:00:00-05:00
218.75999450683594,2024-02-09 00:00:00-05:00
216.1699981689453,2024-02-12 00:00:00-05:00
210.07000732421875,2024-02-13 00:00:00-05:00
215.88999938964844,2024-02-14 00:00:00-05:00
213.1199951171875,2024-02-15 00:00:00-05:00
207.83999633789062,2024-02-16 00:00:00-05:00
204.77999877929688,2024-02-20 00:00:00-05:00
204.11000061035156,2024-02-21 00:00:00-05:00
205.42999267578125,2024-02-22 00:00:00-05:00
204.44000244140625,2024-02-23 00:00:00-05:00
204.66000366210938,2024-02-26 00:00:00-05:00
205.82000732421875,2024-02-27 00:00:00-05:00
207.0500030517578,2024-02-28 00:00:00-05:00
207.4199981689453,2024-02-29 00:00:00-05:00
209.1999969482422,2024-03-01 00:00:00-05:00
207.60000610351562,2024-03-04 00:00:00-05:00
196.3300018310547,2024-03-05 00:00:00-05:00
198.13999938964844,2024-03-06 00:00:00-05:00
202.9600067138672,2024-03-07 00:00:00-05:00
208.8000030517578,2024-03-08 00:00:00-05:00
215.6300048828125,2024-03-11 00:00:00-04:00
217.36000061035156,2024-03-12 00:00:00-04:00
207.72999572753906,2024-03-13 00:00:00-04:00
202.6999969482422,2024-03-14 00:00:00-04:00
194.42999267578125,2024-03-15 00:00:00-04:00
197.00999450683594,2024-03-18 00:00:00-04:00
196.42999267578125,2024-03-19 00:00:00-04:00
196.22000122070312,2024-03-20 00:00:00-04:00
197.25999450683594,2024-03-21 00:00:00-04:00
192.52999877929688,2024-03-22 00:00:00-04:00
193.26499938964844,2024-03-25 00:00:00-04:00
192.0,2024-03-26 00:00:00-04:00
193.13999938964844,2024-03-27 00:00:00-04:00
195.11000061035156,2024-03-28 00:00:00-04:00
193.3699951171875,2024-04-01 00:00:00-04:00
196.02000427246094,2024-04-02 00:00:00-04:00
195.24000549316406,2024-04-03 00:00:00-04:00
192.32000732421875,2024-04-04 00:00:00-04:00
196.6199951171875,2024-04-05 00:00:00-04:00
198.5500030517578,2024-04-08 00:00:00-04:00
202.9199981689453,2024-04-09 00:00:00-04:00
204.74000549316406,2024-04-10 00:00:00-04:00
214.64999389648438,2024-04-11 00:00:00-04:00
206.52999877929688,2024-04-12 00:00:00-04:00
191.83999633789062,2024-04-15 00:00:00-04:00
194.85000610351562,2024-04-16 00:00:00-04:00
195.07000732421875,2024-04-17 00:00:00-04:00
193.61000061035156,2024-04-18 00:00:00-04:00
191.5500030517578,2024-04-19 00:00:00-04:00
194.27000427246094,2024-04-22 00:00:00-04:00
199.44000244140625,2024-04-23 00:00:00-04:00
199.00999450683594,2024-04-24 00:00:00-04:00
198.41000366210938,2024-04-25 00:00:00-04:00
179.4499969482422,2024-04-26 00:00:00-04:00
177.07000732421875,2024-04-29 00:00:00-04:00
172.3000030517578,2024-04-30 00:00:00-04:00
171.1802978515625,2024-05-01 00:00:00-04:00
