ZM,Date
62.0,2019-04-18 00:00:00-04:00
65.69999694824219,2019-04-22 00:00:00-04:00
69.0,2019-04-23 00:00:00-04:00
63.20000076293945,2019-04-24 00:00:00-04:00
65.0,2019-04-25 00:00:00-04:00
66.22000122070312,2019-04-26 00:00:00-04:00
68.16999816894531,2019-04-29 00:00:00-04:00
72.47000122070312,2019-04-30 00:00:00-04:00
72.76000213623047,2019-05-01 00:00:00-04:00
75.5,2019-05-02 00:00:00-04:00
79.18000030517578,2019-05-03 00:00:00-04:00
78.23999786376953,2019-05-06 00:00:00-04:00
73.33000183105469,2019-05-07 00:00:00-04:00
77.68000030517578,2019-05-08 00:00:00-04:00
75.20999908447266,2019-05-09 00:00:00-04:00
79.62999725341797,2019-05-10 00:00:00-04:00
72.54000091552734,2019-05-13 00:00:00-04:00
73.13999938964844,2019-05-14 00:00:00-04:00
79.76000213623047,2019-05-15 00:00:00-04:00
83.4000015258789,2019-05-16 00:00:00-04:00
89.9800033569336,2019-05-17 00:00:00-04:00
84.66999816894531,2019-05-20 00:00:00-04:00
85.44000244140625,2019-05-21 00:00:00-04:00
82.43000030517578,2019-05-22 00:00:00-04:00
78.76000213623047,2019-05-23 00:00:00-04:00
76.25,2019-05-24 00:00:00-04:00
77.7699966430664,2019-05-28 00:00:00-04:00
75.7699966430664,2019-05-29 00:00:00-04:00
80.41999816894531,2019-05-30 00:00:00-04:00
79.7300033569336,2019-05-31 00:00:00-04:00
75.9000015258789,2019-06-03 00:00:00-04:00
78.73999786376953,2019-06-04 00:00:00-04:00
78.04000091552734,2019-06-05 00:00:00-04:00
79.43000030517578,2019-06-06 00:00:00-04:00
94.05000305175781,2019-06-07 00:00:00-04:00
102.0,2019-06-10 00:00:00-04:00
94.87000274658203,2019-06-11 00:00:00-04:00
102.7699966430664,2019-06-12 00:00:00-04:00
100.94999694824219,2019-06-13 00:00:00-04:00
100.29000091552734,2019-06-14 00:00:00-04:00
98.11000061035156,2019-06-17 00:00:00-04:00
99.63999938964844,2019-06-18 00:00:00-04:00
102.38999938964844,2019-06-19 00:00:00-04:00
102.30000305175781,2019-06-20 00:00:00-04:00
100.47000122070312,2019-06-21 00:00:00-04:00
89.41000366210938,2019-06-24 00:00:00-04:00
85.02999877929688,2019-06-25 00:00:00-04:00
86.33000183105469,2019-06-26 00:00:00-04:00
90.2699966430664,2019-06-27 00:00:00-04:00
88.79000091552734,2019-06-28 00:00:00-04:00
86.86000061035156,2019-07-01 00:00:00-04:00
85.12999725341797,2019-07-02 00:00:00-04:00
90.44999694824219,2019-07-03 00:00:00-04:00
91.87999725341797,2019-07-05 00:00:00-04:00
90.76000213623047,2019-07-08 00:00:00-04:00
90.93000030517578,2019-07-09 00:00:00-04:00
92.72000122070312,2019-07-10 00:00:00-04:00
91.4000015258789,2019-07-11 00:00:00-04:00
93.30000305175781,2019-07-12 00:00:00-04:00
99.80000305175781,2019-07-15 00:00:00-04:00
97.0999984741211,2019-07-16 00:00:00-04:00
99.7300033569336,2019-07-17 00:00:00-04:00
95.19000244140625,2019-07-18 00:00:00-04:00
93.37999725341797,2019-07-19 00:00:00-04:00
96.66999816894531,2019-07-22 00:00:00-04:00
97.38999938964844,2019-07-23 00:00:00-04:00
95.94000244140625,2019-07-24 00:00:00-04:00
97.11000061035156,2019-07-25 00:00:00-04:00
102.19999694824219,2019-07-26 00:00:00-04:00
96.47000122070312,2019-07-29 00:00:00-04:00
95.48999786376953,2019-07-30 00:00:00-04:00
95.51000213623047,2019-07-31 00:00:00-04:00
95.0999984741211,2019-08-01 00:00:00-04:00
93.66000366210938,2019-08-02 00:00:00-04:00
89.69000244140625,2019-08-05 00:00:00-04:00
90.43000030517578,2019-08-06 00:00:00-04:00
92.44999694824219,2019-08-07 00:00:00-04:00
95.7699966430664,2019-08-08 00:00:00-04:00
94.19999694824219,2019-08-09 00:00:00-04:00
92.16000366210938,2019-08-12 00:00:00-04:00
95.44999694824219,2019-08-13 00:00:00-04:00
92.6500015258789,2019-08-14 00:00:00-04:00
90.63999938964844,2019-08-15 00:00:00-04:00
92.52999877929688,2019-08-16 00:00:00-04:00
93.16999816894531,2019-08-19 00:00:00-04:00
91.41000366210938,2019-08-20 00:00:00-04:00
93.01000213623047,2019-08-21 00:00:00-04:00
93.87999725341797,2019-08-22 00:00:00-04:00
91.62999725341797,2019-08-23 00:00:00-04:00
91.76000213623047,2019-08-26 00:00:00-04:00
91.7300033569336,2019-08-27 00:00:00-04:00
90.16000366210938,2019-08-28 00:00:00-04:00
90.87000274658203,2019-08-29 00:00:00-04:00
91.66999816894531,2019-08-30 00:00:00-04:00
92.45999908447266,2019-09-03 00:00:00-04:00
93.52999877929688,2019-09-04 00:00:00-04:00
92.69000244140625,2019-09-05 00:00:00-04:00
85.41000366210938,2019-09-06 00:00:00-04:00
78.6500015258789,2019-09-09 00:00:00-04:00
80.3499984741211,2019-09-10 00:00:00-04:00
80.70999908447266,2019-09-11 00:00:00-04:00
81.52999877929688,2019-09-12 00:00:00-04:00
78.8499984741211,2019-09-13 00:00:00-04:00
80.66999816894531,2019-09-16 00:00:00-04:00
84.63999938964844,2019-09-17 00:00:00-04:00
84.55000305175781,2019-09-18 00:00:00-04:00
84.62000274658203,2019-09-19 00:00:00-04:00
82.62999725341797,2019-09-20 00:00:00-04:00
82.62000274658203,2019-09-23 00:00:00-04:00
80.0199966430664,2019-09-24 00:00:00-04:00
79.5999984741211,2019-09-25 00:00:00-04:00
79.75,2019-09-26 00:00:00-04:00
76.04000091552734,2019-09-27 00:00:00-04:00
76.19999694824219,2019-09-30 00:00:00-04:00
75.80999755859375,2019-10-01 00:00:00-04:00
73.8499984741211,2019-10-02 00:00:00-04:00
76.83000183105469,2019-10-03 00:00:00-04:00
76.52999877929688,2019-10-04 00:00:00-04:00
76.98999786376953,2019-10-07 00:00:00-04:00
73.58999633789062,2019-10-08 00:00:00-04:00
72.86000061035156,2019-10-09 00:00:00-04:00
71.01000213623047,2019-10-10 00:00:00-04:00
71.3499984741211,2019-10-11 00:00:00-04:00
70.80000305175781,2019-10-14 00:00:00-04:00
71.11000061035156,2019-10-15 00:00:00-04:00
67.69000244140625,2019-10-16 00:00:00-04:00
67.02999877929688,2019-10-17 00:00:00-04:00
66.08000183105469,2019-10-18 00:00:00-04:00
65.7699966430664,2019-10-21 00:00:00-04:00
62.0,2019-10-22 00:00:00-04:00
62.060001373291016,2019-10-23 00:00:00-04:00
64.5199966430664,2019-10-24 00:00:00-04:00
63.45000076293945,2019-10-25 00:00:00-04:00
66.55999755859375,2019-10-28 00:00:00-04:00
65.48999786376953,2019-10-29 00:00:00-04:00
70.0,2019-10-30 00:00:00-04:00
69.88999938964844,2019-10-31 00:00:00-04:00
70.38999938964844,2019-11-01 00:00:00-04:00
70.12000274658203,2019-11-04 00:00:00-05:00
66.88999938964844,2019-11-05 00:00:00-05:00
66.83000183105469,2019-11-06 00:00:00-05:00
66.80999755859375,2019-11-07 00:00:00-05:00
69.8499984741211,2019-11-08 00:00:00-05:00
68.38999938964844,2019-11-11 00:00:00-05:00
68.0,2019-11-12 00:00:00-05:00
68.01000213623047,2019-11-13 00:00:00-05:00
67.73999786376953,2019-11-14 00:00:00-05:00
70.01000213623047,2019-11-15 00:00:00-05:00
70.08000183105469,2019-11-18 00:00:00-05:00
69.63999938964844,2019-11-19 00:00:00-05:00
70.98999786376953,2019-11-20 00:00:00-05:00
69.91999816894531,2019-11-21 00:00:00-05:00
73.16000366210938,2019-11-22 00:00:00-05:00
74.55000305175781,2019-11-25 00:00:00-05:00
75.16000366210938,2019-11-26 00:00:00-05:00
74.08000183105469,2019-11-27 00:00:00-05:00
74.5,2019-11-29 00:00:00-05:00
68.93000030517578,2019-12-02 00:00:00-05:00
70.0199966430664,2019-12-03 00:00:00-05:00
69.95999908447266,2019-12-04 00:00:00-05:00
69.66999816894531,2019-12-05 00:00:00-05:00
62.7400016784668,2019-12-06 00:00:00-05:00
65.94000244140625,2019-12-09 00:00:00-05:00
64.56999969482422,2019-12-10 00:00:00-05:00
63.52000045776367,2019-12-11 00:00:00-05:00
62.4900016784668,2019-12-12 00:00:00-05:00
63.540000915527344,2019-12-13 00:00:00-05:00
66.3499984741211,2019-12-16 00:00:00-05:00
66.16999816894531,2019-12-17 00:00:00-05:00
67.5999984741211,2019-12-18 00:00:00-05:00
68.18000030517578,2019-12-19 00:00:00-05:00
66.93000030517578,2019-12-20 00:00:00-05:00
66.1500015258789,2019-12-23 00:00:00-05:00
66.45999908447266,2019-12-24 00:00:00-05:00
67.44999694824219,2019-12-26 00:00:00-05:00
66.63999938964844,2019-12-27 00:00:00-05:00
66.79000091552734,2019-12-30 00:00:00-05:00
68.04000091552734,2019-12-31 00:00:00-05:00
68.72000122070312,2020-01-02 00:00:00-05:00
67.27999877929688,2020-01-03 00:00:00-05:00
70.31999969482422,2020-01-06 00:00:00-05:00
71.9000015258789,2020-01-07 00:00:00-05:00
72.55000305175781,2020-01-08 00:00:00-05:00
72.62000274658203,2020-01-09 00:00:00-05:00
73.08999633789062,2020-01-10 00:00:00-05:00
74.02999877929688,2020-01-13 00:00:00-05:00
73.16000366210938,2020-01-14 00:00:00-05:00
76.94000244140625,2020-01-15 00:00:00-05:00
76.11000061035156,2020-01-16 00:00:00-05:00
75.55999755859375,2020-01-17 00:00:00-05:00
76.7300033569336,2020-01-21 00:00:00-05:00
75.54000091552734,2020-01-22 00:00:00-05:00
74.47000122070312,2020-01-23 00:00:00-05:00
73.0,2020-01-24 00:00:00-05:00
70.44000244140625,2020-01-27 00:00:00-05:00
71.51000213623047,2020-01-28 00:00:00-05:00
73.58000183105469,2020-01-29 00:00:00-05:00
74.54000091552734,2020-01-30 00:00:00-05:00
76.30000305175781,2020-01-31 00:00:00-05:00
87.66000366210938,2020-02-03 00:00:00-05:00
85.79000091552734,2020-02-04 00:00:00-05:00
86.98999786376953,2020-02-05 00:00:00-05:00
87.26000213623047,2020-02-06 00:00:00-05:00
88.63999938964844,2020-02-07 00:00:00-05:00
89.66999816894531,2020-02-10 00:00:00-05:00
88.68000030517578,2020-02-11 00:00:00-05:00
88.27999877929688,2020-02-12 00:00:00-05:00
89.86000061035156,2020-02-13 00:00:00-05:00
90.94999694824219,2020-02-14 00:00:00-05:00
96.38999938964844,2020-02-18 00:00:00-05:00
103.93000030517578,2020-02-19 00:00:00-05:00
105.29000091552734,2020-02-20 00:00:00-05:00
101.76000213623047,2020-02-21 00:00:00-05:00
105.01000213623047,2020-02-24 00:00:00-05:00
107.08000183105469,2020-02-25 00:00:00-05:00
106.87999725341797,2020-02-26 00:00:00-05:00
113.55000305175781,2020-02-27 00:00:00-05:00
105.0,2020-02-28 00:00:00-05:00
113.11000061035156,2020-03-02 00:00:00-05:00
117.47000122070312,2020-03-03 00:00:00-05:00
116.80000305175781,2020-03-04 00:00:00-05:00
125.0,2020-03-05 00:00:00-05:00
114.31999969482422,2020-03-06 00:00:00-05:00
113.75,2020-03-09 00:00:00-04:00
108.48999786376953,2020-03-10 00:00:00-04:00
110.30000305175781,2020-03-11 00:00:00-04:00
109.47000122070312,2020-03-12 00:00:00-04:00
107.47000122070312,2020-03-13 00:00:00-04:00
107.86000061035156,2020-03-16 00:00:00-04:00
111.0999984741211,2020-03-17 00:00:00-04:00
118.70999908447266,2020-03-18 00:00:00-04:00
123.7699966430664,2020-03-19 00:00:00-04:00
130.5500030517578,2020-03-20 00:00:00-04:00
159.55999755859375,2020-03-23 00:00:00-04:00
135.17999267578125,2020-03-24 00:00:00-04:00
138.11000061035156,2020-03-25 00:00:00-04:00
141.14999389648438,2020-03-26 00:00:00-04:00
151.6999969482422,2020-03-27 00:00:00-04:00
150.8800048828125,2020-03-30 00:00:00-04:00
146.1199951171875,2020-03-31 00:00:00-04:00
137.0,2020-04-01 00:00:00-04:00
121.93000030517578,2020-04-02 00:00:00-04:00
128.1999969482422,2020-04-03 00:00:00-04:00
122.94000244140625,2020-04-06 00:00:00-04:00
113.75,2020-04-07 00:00:00-04:00
117.80999755859375,2020-04-08 00:00:00-04:00
124.51000213623047,2020-04-09 00:00:00-04:00
135.9199981689453,2020-04-13 00:00:00-04:00
141.88999938964844,2020-04-14 00:00:00-04:00
151.55999755859375,2020-04-15 00:00:00-04:00
150.25999450683594,2020-04-16 00:00:00-04:00
150.05999755859375,2020-04-17 00:00:00-04:00
148.99000549316406,2020-04-20 00:00:00-04:00
143.27000427246094,2020-04-21 00:00:00-04:00
150.25,2020-04-22 00:00:00-04:00
169.08999633789062,2020-04-23 00:00:00-04:00
158.8000030517578,2020-04-24 00:00:00-04:00
164.60000610351562,2020-04-27 00:00:00-04:00
156.72000122070312,2020-04-28 00:00:00-04:00
146.47999572753906,2020-04-29 00:00:00-04:00
135.1699981689453,2020-04-30 00:00:00-04:00
138.55999755859375,2020-05-01 00:00:00-04:00
143.44000244140625,2020-05-04 00:00:00-04:00
144.82000732421875,2020-05-05 00:00:00-04:00
149.58999633789062,2020-05-06 00:00:00-04:00
157.8000030517578,2020-05-07 00:00:00-04:00
155.39999389648438,2020-05-08 00:00:00-04:00
166.47999572753906,2020-05-11 00:00:00-04:00
161.0399932861328,2020-05-12 00:00:00-04:00
167.13999938964844,2020-05-13 00:00:00-04:00
167.91000366210938,2020-05-14 00:00:00-04:00
174.8300018310547,2020-05-15 00:00:00-04:00
164.69000244140625,2020-05-18 00:00:00-04:00
173.67999267578125,2020-05-19 00:00:00-04:00
175.47999572753906,2020-05-20 00:00:00-04:00
172.02999877929688,2020-05-21 00:00:00-04:00
171.05999755859375,2020-05-22 00:00:00-04:00
164.0,2020-05-26 00:00:00-04:00
161.97000122070312,2020-05-27 00:00:00-04:00
163.5500030517578,2020-05-28 00:00:00-04:00
179.47999572753906,2020-05-29 00:00:00-04:00
204.14999389648438,2020-06-01 00:00:00-04:00
208.0800018310547,2020-06-02 00:00:00-04:00
223.8699951171875,2020-06-03 00:00:00-04:00
210.35000610351562,2020-06-04 00:00:00-04:00
207.60000610351562,2020-06-05 00:00:00-04:00
209.8300018310547,2020-06-08 00:00:00-04:00
205.42999267578125,2020-06-09 00:00:00-04:00
221.02000427246094,2020-06-10 00:00:00-04:00
222.07000732421875,2020-06-11 00:00:00-04:00
219.52000427246094,2020-06-12 00:00:00-04:00
239.02000427246094,2020-06-15 00:00:00-04:00
242.55999755859375,2020-06-16 00:00:00-04:00
236.75999450683594,2020-06-17 00:00:00-04:00
241.57000732421875,2020-06-18 00:00:00-04:00
243.47999572753906,2020-06-19 00:00:00-04:00
251.27000427246094,2020-06-22 00:00:00-04:00
252.80999755859375,2020-06-23 00:00:00-04:00
255.89999389648438,2020-06-24 00:00:00-04:00
259.510009765625,2020-06-25 00:00:00-04:00
256.79998779296875,2020-06-26 00:00:00-04:00
248.55999755859375,2020-06-29 00:00:00-04:00
253.5399932861328,2020-06-30 00:00:00-04:00
259.1300048828125,2020-07-01 00:00:00-04:00
261.739990234375,2020-07-02 00:00:00-04:00
261.0,2020-07-06 00:00:00-04:00
262.1000061035156,2020-07-07 00:00:00-04:00
266.32000732421875,2020-07-08 00:00:00-04:00
269.5199890136719,2020-07-09 00:00:00-04:00
275.8699951171875,2020-07-10 00:00:00-04:00
260.29998779296875,2020-07-13 00:00:00-04:00
260.010009765625,2020-07-14 00:00:00-04:00
256.2200012207031,2020-07-15 00:00:00-04:00
248.5399932861328,2020-07-16 00:00:00-04:00
246.5399932861328,2020-07-17 00:00:00-04:00
268.5799865722656,2020-07-20 00:00:00-04:00
260.44000244140625,2020-07-21 00:00:00-04:00
261.17999267578125,2020-07-22 00:00:00-04:00
251.5,2020-07-23 00:00:00-04:00
246.55999755859375,2020-07-24 00:00:00-04:00
252.3300018310547,2020-07-27 00:00:00-04:00
252.17999267578125,2020-07-28 00:00:00-04:00
252.38999938964844,2020-07-29 00:00:00-04:00
250.0,2020-07-30 00:00:00-04:00
253.91000366210938,2020-07-31 00:00:00-04:00
268.0,2020-08-03 00:00:00-04:00
267.3399963378906,2020-08-04 00:00:00-04:00
272.8999938964844,2020-08-05 00:00:00-04:00
268.25,2020-08-06 00:00:00-04:00
258.7300109863281,2020-08-07 00:00:00-04:00
250.0,2020-08-10 00:00:00-04:00
231.0399932861328,2020-08-11 00:00:00-04:00
236.72000122070312,2020-08-12 00:00:00-04:00
247.25,2020-08-13 00:00:00-04:00
244.91000366210938,2020-08-14 00:00:00-04:00
266.1499938964844,2020-08-17 00:00:00-04:00
276.79998779296875,2020-08-18 00:00:00-04:00
273.510009765625,2020-08-19 00:00:00-04:00
290.69000244140625,2020-08-20 00:00:00-04:00
289.67999267578125,2020-08-21 00:00:00-04:00
282.2799987792969,2020-08-24 00:00:00-04:00
290.44000244140625,2020-08-25 00:00:00-04:00
295.2699890136719,2020-08-26 00:00:00-04:00
294.67999267578125,2020-08-27 00:00:00-04:00
299.2699890136719,2020-08-28 00:00:00-04:00
325.1000061035156,2020-08-31 00:00:00-04:00
457.69000244140625,2020-09-01 00:00:00-04:00
423.55999755859375,2020-09-02 00:00:00-04:00
381.32000732421875,2020-09-03 00:00:00-04:00
369.8900146484375,2020-09-04 00:00:00-04:00
350.8800048828125,2020-09-08 00:00:00-04:00
389.6499938964844,2020-09-09 00:00:00-04:00
384.4800109863281,2020-09-10 00:00:00-04:00
383.0,2020-09-11 00:00:00-04:00
403.510009765625,2020-09-14 00:00:00-04:00
410.94000244140625,2020-09-15 00:00:00-04:00
408.1700134277344,2020-09-16 00:00:00-04:00
413.125,2020-09-17 00:00:00-04:00
438.7300109863281,2020-09-18 00:00:00-04:00
468.4700012207031,2020-09-21 00:00:00-04:00
492.6000061035156,2020-09-22 00:00:00-04:00
500.5299987792969,2020-09-23 00:00:00-04:00
464.9800109863281,2020-09-24 00:00:00-04:00
496.5,2020-09-25 00:00:00-04:00
487.6600036621094,2020-09-28 00:00:00-04:00
465.5,2020-09-29 00:00:00-04:00
470.1099853515625,2020-09-30 00:00:00-04:00
482.989990234375,2020-10-01 00:00:00-04:00
482.2300109863281,2020-10-02 00:00:00-04:00
485.3699951171875,2020-10-05 00:00:00-04:00
478.25,2020-10-06 00:00:00-04:00
480.6099853515625,2020-10-07 00:00:00-04:00
478.54998779296875,2020-10-08 00:00:00-04:00
492.4100036621094,2020-10-09 00:00:00-04:00
491.5400085449219,2020-10-12 00:00:00-04:00
518.7899780273438,2020-10-13 00:00:00-04:00
509.25,2020-10-14 00:00:00-04:00
536.4000244140625,2020-10-15 00:00:00-04:00
559.0,2020-10-16 00:00:00-04:00
568.3400268554688,2020-10-19 00:00:00-04:00
537.02001953125,2020-10-20 00:00:00-04:00
513.1900024414062,2020-10-21 00:00:00-04:00
520.5399780273438,2020-10-22 00:00:00-04:00
511.5199890136719,2020-10-23 00:00:00-04:00
517.7899780273438,2020-10-26 00:00:00-04:00
538.989990234375,2020-10-27 00:00:00-04:00
516.010009765625,2020-10-28 00:00:00-04:00
489.67999267578125,2020-10-29 00:00:00-04:00
460.9100036621094,2020-10-30 00:00:00-04:00
453.0,2020-11-02 00:00:00-05:00
451.510009765625,2020-11-03 00:00:00-05:00
483.70001220703125,2020-11-04 00:00:00-05:00
496.7300109863281,2020-11-05 00:00:00-05:00
500.1099853515625,2020-11-06 00:00:00-05:00
413.239990234375,2020-11-09 00:00:00-05:00
376.010009765625,2020-11-10 00:00:00-05:00
413.3399963378906,2020-11-11 00:00:00-05:00
428.6400146484375,2020-11-12 00:00:00-05:00
403.5799865722656,2020-11-13 00:00:00-05:00
399.1499938964844,2020-11-16 00:00:00-05:00
401.6300048828125,2020-11-17 00:00:00-05:00
415.0400085449219,2020-11-18 00:00:00-05:00
414.2900085449219,2020-11-19 00:00:00-05:00
439.6000061035156,2020-11-20 00:00:00-05:00
430.2799987792969,2020-11-23 00:00:00-05:00
427.54998779296875,2020-11-24 00:00:00-05:00
443.7200012207031,2020-11-25 00:00:00-05:00
471.6099853515625,2020-11-27 00:00:00-05:00
478.3599853515625,2020-11-30 00:00:00-05:00
406.30999755859375,2020-12-01 00:00:00-05:00
412.8599853515625,2020-12-02 00:00:00-05:00
413.5400085449219,2020-12-03 00:00:00-05:00
410.010009765625,2020-12-04 00:00:00-05:00
407.8500061035156,2020-12-07 00:00:00-05:00
412.0,2020-12-08 00:00:00-05:00
385.3599853515625,2020-12-09 00:00:00-05:00
397.9599914550781,2020-12-10 00:00:00-05:00
397.010009765625,2020-12-11 00:00:00-05:00
395.989990234375,2020-12-14 00:00:00-05:00
399.42999267578125,2020-12-15 00:00:00-05:00
404.0,2020-12-16 00:00:00-05:00
401.6199951171875,2020-12-17 00:00:00-05:00
406.010009765625,2020-12-18 00:00:00-05:00
408.9700012207031,2020-12-21 00:00:00-05:00
409.0,2020-12-22 00:00:00-05:00
383.8800048828125,2020-12-23 00:00:00-05:00
375.1700134277344,2020-12-24 00:00:00-05:00
351.3900146484375,2020-12-28 00:00:00-05:00
353.75,2020-12-29 00:00:00-05:00
353.3999938964844,2020-12-30 00:00:00-05:00
337.32000732421875,2020-12-31 00:00:00-05:00
359.9800109863281,2021-01-04 00:00:00-05:00
360.8299865722656,2021-01-05 00:00:00-05:00
344.4100036621094,2021-01-06 00:00:00-05:00
342.5,2021-01-07 00:00:00-05:00
349.6099853515625,2021-01-08 00:00:00-05:00
337.7099914550781,2021-01-11 00:00:00-05:00
356.80999755859375,2021-01-12 00:00:00-05:00
364.6300048828125,2021-01-13 00:00:00-05:00
383.239990234375,2021-01-14 00:00:00-05:00
384.5299987792969,2021-01-15 00:00:00-05:00
393.8699951171875,2021-01-19 00:00:00-05:00
382.79998779296875,2021-01-20 00:00:00-05:00
382.80999755859375,2021-01-21 00:00:00-05:00
383.3999938964844,2021-01-22 00:00:00-05:00
391.8299865722656,2021-01-25 00:00:00-05:00
374.3900146484375,2021-01-26 00:00:00-05:00
370.739990234375,2021-01-27 00:00:00-05:00
378.5899963378906,2021-01-28 00:00:00-05:00
372.07000732421875,2021-01-29 00:00:00-05:00
381.92999267578125,2021-02-01 00:00:00-05:00
391.8399963378906,2021-02-02 00:00:00-05:00
380.4700012207031,2021-02-03 00:00:00-05:00
389.9800109863281,2021-02-04 00:00:00-05:00
419.5899963378906,2021-02-05 00:00:00-05:00
410.80999755859375,2021-02-08 00:00:00-05:00
430.0299987792969,2021-02-09 00:00:00-05:00
431.0,2021-02-10 00:00:00-05:00
432.7699890136719,2021-02-11 00:00:00-05:00
433.1099853515625,2021-02-12 00:00:00-05:00
444.510009765625,2021-02-16 00:00:00-05:00
429.4200134277344,2021-02-17 00:00:00-05:00
417.9100036621094,2021-02-18 00:00:00-05:00
417.260009765625,2021-02-19 00:00:00-05:00
394.3399963378906,2021-02-22 00:00:00-05:00
388.1600036621094,2021-02-23 00:00:00-05:00
385.2300109863281,2021-02-24 00:00:00-05:00
364.7300109863281,2021-02-25 00:00:00-05:00
373.6099853515625,2021-02-26 00:00:00-05:00
409.6600036621094,2021-03-01 00:00:00-05:00
372.7900085449219,2021-03-02 00:00:00-05:00
341.57000732421875,2021-03-03 00:00:00-05:00
343.0899963378906,2021-03-04 00:00:00-05:00
337.42999267578125,2021-03-05 00:00:00-05:00
310.92999267578125,2021-03-08 00:00:00-05:00
342.1099853515625,2021-03-09 00:00:00-05:00
336.0299987792969,2021-03-10 00:00:00-05:00
355.1700134277344,2021-03-11 00:00:00-05:00
346.3900146484375,2021-03-12 00:00:00-05:00
350.0,2021-03-15 00:00:00-04:00
335.0799865722656,2021-03-16 00:00:00-04:00
336.6499938964844,2021-03-17 00:00:00-04:00
316.32000732421875,2021-03-18 00:00:00-04:00
326.260009765625,2021-03-19 00:00:00-04:00
328.5,2021-03-22 00:00:00-04:00
339.760009765625,2021-03-23 00:00:00-04:00
314.9599914550781,2021-03-24 00:00:00-04:00
314.8500061035156,2021-03-25 00:00:00-04:00
319.95001220703125,2021-03-26 00:00:00-04:00
308.3900146484375,2021-03-29 00:00:00-04:00
313.19000244140625,2021-03-30 00:00:00-04:00
321.2900085449219,2021-03-31 00:00:00-04:00
326.2300109863281,2021-04-01 00:00:00-04:00
323.9599914550781,2021-04-05 00:00:00-04:00
329.7900085449219,2021-04-06 00:00:00-04:00
323.0799865722656,2021-04-07 00:00:00-04:00
331.2799987792969,2021-04-08 00:00:00-04:00
322.6499938964844,2021-04-09 00:00:00-04:00
321.510009765625,2021-04-12 00:00:00-04:00
342.75,2021-04-13 00:00:00-04:00
329.20001220703125,2021-04-14 00:00:00-04:00
332.3800048828125,2021-04-15 00:00:00-04:00
329.95001220703125,2021-04-16 00:00:00-04:00
324.3299865722656,2021-04-19 00:00:00-04:00
321.7799987792969,2021-04-20 00:00:00-04:00
322.760009765625,2021-04-21 00:00:00-04:00
328.32000732421875,2021-04-22 00:00:00-04:00
336.8800048828125,2021-04-23 00:00:00-04:00
336.4200134277344,2021-04-26 00:00:00-04:00
333.489990234375,2021-04-27 00:00:00-04:00
331.25,2021-04-28 00:00:00-04:00
321.1000061035156,2021-04-29 00:00:00-04:00
319.57000732421875,2021-04-30 00:00:00-04:00
313.9200134277344,2021-05-03 00:00:00-04:00
304.8500061035156,2021-05-04 00:00:00-04:00
297.5899963378906,2021-05-05 00:00:00-04:00
293.04998779296875,2021-05-06 00:00:00-04:00
295.239990234375,2021-05-07 00:00:00-04:00
288.489990234375,2021-05-10 00:00:00-04:00
300.25,2021-05-11 00:00:00-04:00
289.70001220703125,2021-05-12 00:00:00-04:00
290.1600036621094,2021-05-13 00:00:00-04:00
307.8900146484375,2021-05-14 00:00:00-04:00
308.92999267578125,2021-05-17 00:00:00-04:00
312.8599853515625,2021-05-18 00:00:00-04:00
310.4599914550781,2021-05-19 00:00:00-04:00
324.7099914550781,2021-05-20 00:00:00-04:00
316.3999938964844,2021-05-21 00:00:00-04:00
321.55999755859375,2021-05-24 00:00:00-04:00
321.2799987792969,2021-05-25 00:00:00-04:00
326.04998779296875,2021-05-26 00:00:00-04:00
326.42999267578125,2021-05-27 00:00:00-04:00
331.5299987792969,2021-05-28 00:00:00-04:00
327.7200012207031,2021-06-01 00:00:00-04:00
327.1099853515625,2021-06-02 00:00:00-04:00
319.010009765625,2021-06-03 00:00:00-04:00
336.0,2021-06-04 00:00:00-04:00
342.6600036621094,2021-06-07 00:00:00-04:00
341.260009765625,2021-06-08 00:00:00-04:00
333.6300048828125,2021-06-09 00:00:00-04:00
346.5,2021-06-10 00:00:00-04:00
366.3999938964844,2021-06-11 00:00:00-04:00
365.9100036621094,2021-06-14 00:00:00-04:00
359.0,2021-06-15 00:00:00-04:00
361.8299865722656,2021-06-16 00:00:00-04:00
372.95001220703125,2021-06-17 00:00:00-04:00
374.239990234375,2021-06-18 00:00:00-04:00
369.25,2021-06-21 00:00:00-04:00
374.6499938964844,2021-06-22 00:00:00-04:00
376.9200134277344,2021-06-23 00:00:00-04:00
373.3999938964844,2021-06-24 00:00:00-04:00
372.4700012207031,2021-06-25 00:00:00-04:00
388.8599853515625,2021-06-28 00:00:00-04:00
394.7300109863281,2021-06-29 00:00:00-04:00
387.0299987792969,2021-06-30 00:00:00-04:00
386.4800109863281,2021-07-01 00:00:00-04:00
388.8900146484375,2021-07-02 00:00:00-04:00
401.1199951171875,2021-07-06 00:00:00-04:00
393.9100036621094,2021-07-07 00:00:00-04:00
386.010009765625,2021-07-08 00:00:00-04:00
385.0799865722656,2021-07-09 00:00:00-04:00
379.1199951171875,2021-07-12 00:00:00-04:00
378.3900146484375,2021-07-13 00:00:00-04:00
360.6099853515625,2021-07-14 00:00:00-04:00
356.80999755859375,2021-07-15 00:00:00-04:00
361.9700012207031,2021-07-16 00:00:00-04:00
354.20001220703125,2021-07-19 00:00:00-04:00
355.80999755859375,2021-07-20 00:00:00-04:00
352.9700012207031,2021-07-21 00:00:00-04:00
361.3900146484375,2021-07-22 00:00:00-04:00
359.2300109863281,2021-07-23 00:00:00-04:00
373.1400146484375,2021-07-26 00:00:00-04:00
367.5400085449219,2021-07-27 00:00:00-04:00
369.489990234375,2021-07-28 00:00:00-04:00
386.0199890136719,2021-07-29 00:00:00-04:00
378.1000061035156,2021-07-30 00:00:00-04:00
378.9599914550781,2021-08-02 00:00:00-04:00
374.8800048828125,2021-08-03 00:00:00-04:00
400.5799865722656,2021-08-04 00:00:00-04:00
398.67999267578125,2021-08-05 00:00:00-04:00
383.4700012207031,2021-08-06 00:00:00-04:00
383.3399963378906,2021-08-09 00:00:00-04:00
372.54998779296875,2021-08-10 00:00:00-04:00
358.55999755859375,2021-08-11 00:00:00-04:00
362.8599853515625,2021-08-12 00:00:00-04:00
355.239990234375,2021-08-13 00:00:00-04:00
348.4100036621094,2021-08-16 00:00:00-04:00
345.5400085449219,2021-08-17 00:00:00-04:00
340.92999267578125,2021-08-18 00:00:00-04:00
332.3800048828125,2021-08-19 00:00:00-04:00
336.8599853515625,2021-08-20 00:00:00-04:00
341.29998779296875,2021-08-23 00:00:00-04:00
340.25,2021-08-24 00:00:00-04:00
337.739990234375,2021-08-25 00:00:00-04:00
340.6300048828125,2021-08-26 00:00:00-04:00
340.80999755859375,2021-08-27 00:00:00-04:00
347.5,2021-08-30 00:00:00-04:00
289.5,2021-08-31 00:00:00-04:00
290.8599853515625,2021-09-01 00:00:00-04:00
295.0899963378906,2021-09-02 00:00:00-04:00
298.2900085449219,2021-09-03 00:00:00-04:00
299.9599914550781,2021-09-07 00:00:00-04:00
293.6000061035156,2021-09-08 00:00:00-04:00
295.8599853515625,2021-09-09 00:00:00-04:00
301.5,2021-09-10 00:00:00-04:00
290.239990234375,2021-09-13 00:00:00-04:00
281.44000244140625,2021-09-14 00:00:00-04:00
279.1199951171875,2021-09-15 00:00:00-04:00
278.2200012207031,2021-09-16 00:00:00-04:00
287.67999267578125,2021-09-17 00:00:00-04:00
280.6700134277344,2021-09-20 00:00:00-04:00
278.239990234375,2021-09-21 00:00:00-04:00
277.95001220703125,2021-09-22 00:00:00-04:00
276.19000244140625,2021-09-23 00:00:00-04:00
272.3599853515625,2021-09-24 00:00:00-04:00
272.8800048828125,2021-09-27 00:00:00-04:00
261.8900146484375,2021-09-28 00:00:00-04:00
257.4100036621094,2021-09-29 00:00:00-04:00
261.5,2021-09-30 00:00:00-04:00
267.510009765625,2021-10-01 00:00:00-04:00
259.5799865722656,2021-10-04 00:00:00-04:00
257.1199951171875,2021-10-05 00:00:00-04:00
253.64999389648438,2021-10-06 00:00:00-04:00
256.2699890136719,2021-10-07 00:00:00-04:00
255.0500030517578,2021-10-08 00:00:00-04:00
253.97000122070312,2021-10-11 00:00:00-04:00
255.49000549316406,2021-10-12 00:00:00-04:00
266.239990234375,2021-10-13 00:00:00-04:00
267.010009765625,2021-10-14 00:00:00-04:00
266.32000732421875,2021-10-15 00:00:00-04:00
274.2300109863281,2021-10-18 00:00:00-04:00
276.3999938964844,2021-10-19 00:00:00-04:00
275.7099914550781,2021-10-20 00:00:00-04:00
274.7799987792969,2021-10-21 00:00:00-04:00
277.5799865722656,2021-10-22 00:00:00-04:00
279.7900085449219,2021-10-25 00:00:00-04:00
278.70001220703125,2021-10-26 00:00:00-04:00
272.80999755859375,2021-10-27 00:00:00-04:00
276.5799865722656,2021-10-28 00:00:00-04:00
274.6499938964844,2021-10-29 00:00:00-04:00
278.94000244140625,2021-11-01 00:00:00-04:00
280.2900085449219,2021-11-02 00:00:00-04:00
285.6600036621094,2021-11-03 00:00:00-04:00
282.20001220703125,2021-11-04 00:00:00-04:00
264.70001220703125,2021-11-05 00:00:00-04:00
259.8999938964844,2021-11-08 00:00:00-05:00
258.3999938964844,2021-11-09 00:00:00-05:00
251.25999450683594,2021-11-10 00:00:00-05:00
247.60000610351562,2021-11-11 00:00:00-05:00
254.97000122070312,2021-11-12 00:00:00-05:00
263.7099914550781,2021-11-15 00:00:00-05:00
264.489990234375,2021-11-16 00:00:00-05:00
263.7099914550781,2021-11-17 00:00:00-05:00
255.75,2021-11-18 00:00:00-05:00
251.3000030517578,2021-11-19 00:00:00-05:00
242.27999877929688,2021-11-22 00:00:00-05:00
206.63999938964844,2021-11-23 00:00:00-05:00
208.3000030517578,2021-11-24 00:00:00-05:00
220.2100067138672,2021-11-26 00:00:00-05:00
218.97999572753906,2021-11-29 00:00:00-05:00
211.41000366210938,2021-11-30 00:00:00-05:00
197.7100067138672,2021-12-01 00:00:00-05:00
191.75,2021-12-02 00:00:00-05:00
183.9199981689453,2021-12-03 00:00:00-05:00
185.83999633789062,2021-12-06 00:00:00-05:00
189.05999755859375,2021-12-07 00:00:00-05:00
194.86000061035156,2021-12-08 00:00:00-05:00
188.27000427246094,2021-12-09 00:00:00-05:00
185.25,2021-12-10 00:00:00-05:00
184.57000732421875,2021-12-13 00:00:00-05:00
181.94000244140625,2021-12-14 00:00:00-05:00
183.72999572753906,2021-12-15 00:00:00-05:00
182.39999389648438,2021-12-16 00:00:00-05:00
199.74000549316406,2021-12-17 00:00:00-05:00
197.97000122070312,2021-12-20 00:00:00-05:00
199.4199981689453,2021-12-21 00:00:00-05:00
193.1300048828125,2021-12-22 00:00:00-05:00
191.64999389648438,2021-12-23 00:00:00-05:00
187.44000244140625,2021-12-27 00:00:00-05:00
183.77000427246094,2021-12-28 00:00:00-05:00
181.80999755859375,2021-12-29 00:00:00-05:00
190.52000427246094,2021-12-30 00:00:00-05:00
183.91000366210938,2021-12-31 00:00:00-05:00
184.25999450683594,2022-01-03 00:00:00-05:00
179.85000610351562,2022-01-04 00:00:00-05:00
174.8800048828125,2022-01-05 00:00:00-05:00
176.3300018310547,2022-01-06 00:00:00-05:00
171.60000610351562,2022-01-07 00:00:00-05:00
172.55999755859375,2022-01-10 00:00:00-05:00
175.97000122070312,2022-01-11 00:00:00-05:00
170.64999389648438,2022-01-12 00:00:00-05:00
162.10000610351562,2022-01-13 00:00:00-05:00
159.72000122070312,2022-01-14 00:00:00-05:00
157.6999969482422,2022-01-18 00:00:00-05:00
157.22999572753906,2022-01-19 00:00:00-05:00
155.80999755859375,2022-01-20 00:00:00-05:00
147.66000366210938,2022-01-21 00:00:00-05:00
152.9499969482422,2022-01-24 00:00:00-05:00
145.88999938964844,2022-01-25 00:00:00-05:00
140.3300018310547,2022-01-26 00:00:00-05:00
136.80999755859375,2022-01-27 00:00:00-05:00
143.80999755859375,2022-01-28 00:00:00-05:00
154.27999877929688,2022-01-31 00:00:00-05:00
155.67999267578125,2022-02-01 00:00:00-05:00
148.11000061035156,2022-02-02 00:00:00-05:00
137.94000244140625,2022-02-03 00:00:00-05:00
144.10000610351562,2022-02-04 00:00:00-05:00
141.44000244140625,2022-02-07 00:00:00-05:00
142.69000244140625,2022-02-08 00:00:00-05:00
149.60000610351562,2022-02-09 00:00:00-05:00
145.72000122070312,2022-02-10 00:00:00-05:00
141.24000549316406,2022-02-11 00:00:00-05:00
142.08999633789062,2022-02-14 00:00:00-05:00
146.89999389648438,2022-02-15 00:00:00-05:00
138.50999450683594,2022-02-16 00:00:00-05:00
129.3800048828125,2022-02-17 00:00:00-05:00
126.95999908447266,2022-02-18 00:00:00-05:00
126.61000061035156,2022-02-22 00:00:00-05:00
120.0999984741211,2022-02-23 00:00:00-05:00
126.97000122070312,2022-02-24 00:00:00-05:00
125.31999969482422,2022-02-25 00:00:00-05:00
132.60000610351562,2022-02-28 00:00:00-05:00
122.77999877929688,2022-03-01 00:00:00-05:00
121.61000061035156,2022-03-02 00:00:00-05:00
113.11000061035156,2022-03-03 00:00:00-05:00
108.94000244140625,2022-03-04 00:00:00-05:00
107.87999725341797,2022-03-07 00:00:00-05:00
108.48999786376953,2022-03-08 00:00:00-05:00
109.08000183105469,2022-03-09 00:00:00-05:00
103.33000183105469,2022-03-10 00:00:00-05:00
98.12000274658203,2022-03-11 00:00:00-05:00
94.63999938964844,2022-03-14 00:00:00-04:00
98.97000122070312,2022-03-15 00:00:00-04:00
106.83999633789062,2022-03-16 00:00:00-04:00
111.29000091552734,2022-03-17 00:00:00-04:00
116.27999877929688,2022-03-18 00:00:00-04:00
116.87000274658203,2022-03-21 00:00:00-04:00
119.80000305175781,2022-03-22 00:00:00-04:00
116.80999755859375,2022-03-23 00:00:00-04:00
117.75,2022-03-24 00:00:00-04:00
113.93000030517578,2022-03-25 00:00:00-04:00
117.44999694824219,2022-03-28 00:00:00-04:00
126.26000213623047,2022-03-29 00:00:00-04:00
122.38999938964844,2022-03-30 00:00:00-04:00
117.2300033569336,2022-03-31 00:00:00-04:00
118.0199966430664,2022-04-01 00:00:00-04:00
124.27999877929688,2022-04-04 00:00:00-04:00
122.0199966430664,2022-04-05 00:00:00-04:00
116.08999633789062,2022-04-06 00:00:00-04:00
114.31999969482422,2022-04-07 00:00:00-04:00
110.9000015258789,2022-04-08 00:00:00-04:00
109.05000305175781,2022-04-11 00:00:00-04:00
106.58000183105469,2022-04-12 00:00:00-04:00
114.88999938964844,2022-04-13 00:00:00-04:00
110.30999755859375,2022-04-14 00:00:00-04:00
105.73999786376953,2022-04-18 00:00:00-04:00
111.18000030517578,2022-04-19 00:00:00-04:00
103.69999694824219,2022-04-20 00:00:00-04:00
100.94999694824219,2022-04-21 00:00:00-04:00
100.16999816894531,2022-04-22 00:00:00-04:00
102.44000244140625,2022-04-25 00:00:00-04:00
98.36000061035156,2022-04-26 00:00:00-04:00
97.62000274658203,2022-04-27 00:00:00-04:00
102.55999755859375,2022-04-28 00:00:00-04:00
99.56999969482422,2022-04-29 00:00:00-04:00
104.79000091552734,2022-05-02 00:00:00-04:00
103.52999877929688,2022-05-03 00:00:00-04:00
108.9800033569336,2022-05-04 00:00:00-04:00
100.83999633789062,2022-05-05 00:00:00-04:00
96.37999725341797,2022-05-06 00:00:00-04:00
92.33999633789062,2022-05-09 00:00:00-04:00
90.68000030517578,2022-05-10 00:00:00-04:00
84.80000305175781,2022-05-11 00:00:00-04:00
84.97000122070312,2022-05-12 00:00:00-04:00
94.83999633789062,2022-05-13 00:00:00-04:00
88.91999816894531,2022-05-16 00:00:00-04:00
90.94000244140625,2022-05-17 00:00:00-04:00
84.69000244140625,2022-05-18 00:00:00-04:00
90.94000244140625,2022-05-19 00:00:00-04:00
89.73999786376953,2022-05-20 00:00:00-04:00
89.33000183105469,2022-05-23 00:00:00-04:00
94.33999633789062,2022-05-24 00:00:00-04:00
102.33999633789062,2022-05-25 00:00:00-04:00
107.0,2022-05-26 00:00:00-04:00
110.41999816894531,2022-05-27 00:00:00-04:00
107.44999694824219,2022-05-31 00:00:00-04:00
107.6500015258789,2022-06-01 00:00:00-04:00
112.23999786376953,2022-06-02 00:00:00-04:00
109.41999816894531,2022-06-03 00:00:00-04:00
111.01000213623047,2022-06-06 00:00:00-04:00
115.04000091552734,2022-06-07 00:00:00-04:00
115.45999908447266,2022-06-08 00:00:00-04:00
110.4000015258789,2022-06-09 00:00:00-04:00
109.06999969482422,2022-06-10 00:00:00-04:00
103.31999969482422,2022-06-13 00:00:00-04:00
106.86000061035156,2022-06-14 00:00:00-04:00
112.93000030517578,2022-06-15 00:00:00-04:00
106.08999633789062,2022-06-16 00:00:00-04:00
110.0,2022-06-17 00:00:00-04:00
113.81999969482422,2022-06-21 00:00:00-04:00
115.16999816894531,2022-06-22 00:00:00-04:00
117.66999816894531,2022-06-23 00:00:00-04:00
122.63999938964844,2022-06-24 00:00:00-04:00
119.81999969482422,2022-06-27 00:00:00-04:00
113.12999725341797,2022-06-28 00:00:00-04:00
111.87000274658203,2022-06-29 00:00:00-04:00
107.97000122070312,2022-06-30 00:00:00-04:00
110.97000122070312,2022-07-01 00:00:00-04:00
120.41999816894531,2022-07-05 00:00:00-04:00
117.05999755859375,2022-07-06 00:00:00-04:00
120.73999786376953,2022-07-07 00:00:00-04:00
119.80000305175781,2022-07-08 00:00:00-04:00
108.37999725341797,2022-07-11 00:00:00-04:00
107.98999786376953,2022-07-12 00:00:00-04:00
101.01000213623047,2022-07-13 00:00:00-04:00
97.3499984741211,2022-07-14 00:00:00-04:00
99.8499984741211,2022-07-15 00:00:00-04:00
98.91999816894531,2022-07-18 00:00:00-04:00
102.08000183105469,2022-07-19 00:00:00-04:00
107.08999633789062,2022-07-20 00:00:00-04:00
110.8499984741211,2022-07-21 00:00:00-04:00
106.55000305175781,2022-07-22 00:00:00-04:00
106.0999984741211,2022-07-25 00:00:00-04:00
100.33000183105469,2022-07-26 00:00:00-04:00
105.91000366210938,2022-07-27 00:00:00-04:00
106.22000122070312,2022-07-28 00:00:00-04:00
103.86000061035156,2022-07-29 00:00:00-04:00
105.38999938964844,2022-08-01 00:00:00-04:00
108.16000366210938,2022-08-02 00:00:00-04:00
112.97000122070312,2022-08-03 00:00:00-04:00
112.86000061035156,2022-08-04 00:00:00-04:00
113.8499984741211,2022-08-05 00:00:00-04:00
114.73999786376953,2022-08-08 00:00:00-04:00
105.29000091552734,2022-08-09 00:00:00-04:00
112.01000213623047,2022-08-10 00:00:00-04:00
108.05999755859375,2022-08-11 00:00:00-04:00
109.5199966430664,2022-08-12 00:00:00-04:00
113.2300033569336,2022-08-15 00:00:00-04:00
109.19000244140625,2022-08-16 00:00:00-04:00
102.37999725341797,2022-08-17 00:00:00-04:00
103.18000030517578,2022-08-18 00:00:00-04:00
99.5,2022-08-19 00:00:00-04:00
97.44000244140625,2022-08-22 00:00:00-04:00
81.31999969482422,2022-08-23 00:00:00-04:00
83.61000061035156,2022-08-24 00:00:00-04:00
85.72000122070312,2022-08-25 00:00:00-04:00
81.41000366210938,2022-08-26 00:00:00-04:00
81.0,2022-08-29 00:00:00-04:00
81.41999816894531,2022-08-30 00:00:00-04:00
80.4000015258789,2022-08-31 00:00:00-04:00
81.13999938964844,2022-09-01 00:00:00-04:00
80.79000091552734,2022-09-02 00:00:00-04:00
80.0199966430664,2022-09-06 00:00:00-04:00
81.0199966430664,2022-09-07 00:00:00-04:00
80.2300033569336,2022-09-08 00:00:00-04:00
82.62000274658203,2022-09-09 00:00:00-04:00
84.08000183105469,2022-09-12 00:00:00-04:00
78.86000061035156,2022-09-13 00:00:00-04:00
79.58999633789062,2022-09-14 00:00:00-04:00
80.20999908447266,2022-09-15 00:00:00-04:00
78.68000030517578,2022-09-16 00:00:00-04:00
78.31999969482422,2022-09-19 00:00:00-04:00
77.08999633789062,2022-09-20 00:00:00-04:00
75.94000244140625,2022-09-21 00:00:00-04:00
74.54000091552734,2022-09-22 00:00:00-04:00
74.44999694824219,2022-09-23 00:00:00-04:00
73.33000183105469,2022-09-26 00:00:00-04:00
74.26000213623047,2022-09-27 00:00:00-04:00
75.88999938964844,2022-09-28 00:00:00-04:00
74.47000122070312,2022-09-29 00:00:00-04:00
73.58999633789062,2022-09-30 00:00:00-04:00
73.94000244140625,2022-10-03 00:00:00-04:00
77.54000091552734,2022-10-04 00:00:00-04:00
77.5199966430664,2022-10-05 00:00:00-04:00
78.3499984741211,2022-10-06 00:00:00-04:00
76.58999633789062,2022-10-07 00:00:00-04:00
73.72000122070312,2022-10-10 00:00:00-04:00
73.70999908447266,2022-10-11 00:00:00-04:00
75.22000122070312,2022-10-12 00:00:00-04:00
74.7300033569336,2022-10-13 00:00:00-04:00
72.29000091552734,2022-10-14 00:00:00-04:00
76.69000244140625,2022-10-17 00:00:00-04:00
78.2300033569336,2022-10-18 00:00:00-04:00
76.33000183105469,2022-10-19 00:00:00-04:00
79.95999908447266,2022-10-20 00:00:00-04:00
80.9800033569336,2022-10-21 00:00:00-04:00
80.61000061035156,2022-10-24 00:00:00-04:00
84.08999633789062,2022-10-25 00:00:00-04:00
83.37000274658203,2022-10-26 00:00:00-04:00
82.61000061035156,2022-10-27 00:00:00-04:00
84.20999908447266,2022-10-28 00:00:00-04:00
83.44000244140625,2022-10-31 00:00:00-04:00
82.88999938964844,2022-11-01 00:00:00-04:00
78.5999984741211,2022-11-02 00:00:00-04:00
78.38999938964844,2022-11-03 00:00:00-04:00
77.45999908447266,2022-11-04 00:00:00-04:00
79.61000061035156,2022-11-07 00:00:00-05:00
78.30999755859375,2022-11-08 00:00:00-05:00
71.83999633789062,2022-11-09 00:00:00-05:00
82.2300033569336,2022-11-10 00:00:00-05:00
88.31999969482422,2022-11-11 00:00:00-05:00
84.3499984741211,2022-11-14 00:00:00-05:00
87.44000244140625,2022-11-15 00:00:00-05:00
83.5,2022-11-16 00:00:00-05:00
82.58999633789062,2022-11-17 00:00:00-05:00
81.63999938964844,2022-11-18 00:00:00-05:00
80.26000213623047,2022-11-21 00:00:00-05:00
77.1500015258789,2022-11-22 00:00:00-05:00
76.13999938964844,2022-11-23 00:00:00-05:00
75.4000015258789,2022-11-25 00:00:00-05:00
71.58999633789062,2022-11-28 00:00:00-05:00
70.56999969482422,2022-11-29 00:00:00-05:00
75.43000030517578,2022-11-30 00:00:00-05:00
77.43000030517578,2022-12-01 00:00:00-05:00
74.30999755859375,2022-12-02 00:00:00-05:00
72.9000015258789,2022-12-05 00:00:00-05:00
71.47000122070312,2022-12-06 00:00:00-05:00
69.87000274658203,2022-12-07 00:00:00-05:00
72.36000061035156,2022-12-08 00:00:00-05:00
72.16000366210938,2022-12-09 00:00:00-05:00
73.69000244140625,2022-12-12 00:00:00-05:00
74.05000305175781,2022-12-13 00:00:00-05:00
73.22000122070312,2022-12-14 00:00:00-05:00
70.19999694824219,2022-12-15 00:00:00-05:00
69.86000061035156,2022-12-16 00:00:00-05:00
69.08999633789062,2022-12-19 00:00:00-05:00
68.55999755859375,2022-12-20 00:00:00-05:00
69.93000030517578,2022-12-21 00:00:00-05:00
65.94000244140625,2022-12-22 00:00:00-05:00
65.88999938964844,2022-12-23 00:00:00-05:00
65.45999908447266,2022-12-27 00:00:00-05:00
65.36000061035156,2022-12-28 00:00:00-05:00
68.0,2022-12-29 00:00:00-05:00
67.73999786376953,2022-12-30 00:00:00-05:00
66.66000366210938,2023-01-03 00:00:00-05:00
67.6500015258789,2023-01-04 00:00:00-05:00
65.62000274658203,2023-01-05 00:00:00-05:00
69.51000213623047,2023-01-06 00:00:00-05:00
70.08000183105469,2023-01-09 00:00:00-05:00
70.86000061035156,2023-01-10 00:00:00-05:00
70.01000213623047,2023-01-11 00:00:00-05:00
69.91000366210938,2023-01-12 00:00:00-05:00
69.48999786376953,2023-01-13 00:00:00-05:00
69.87000274658203,2023-01-17 00:00:00-05:00
67.4800033569336,2023-01-18 00:00:00-05:00
66.83499908447266,2023-01-19 00:00:00-05:00
69.5,2023-01-20 00:00:00-05:00
70.97000122070312,2023-01-23 00:00:00-05:00
69.43000030517578,2023-01-24 00:00:00-05:00
68.88999938964844,2023-01-25 00:00:00-05:00
71.58000183105469,2023-01-26 00:00:00-05:00
74.1500015258789,2023-01-27 00:00:00-05:00
73.5,2023-01-30 00:00:00-05:00
75.0,2023-01-31 00:00:00-05:00
78.11000061035156,2023-02-01 00:00:00-05:00
82.83999633789062,2023-02-02 00:00:00-05:00
79.54000091552734,2023-02-03 00:00:00-05:00
77.06999969482422,2023-02-06 00:00:00-05:00
84.66000366210938,2023-02-07 00:00:00-05:00
79.3499984741211,2023-02-08 00:00:00-05:00
76.7699966430664,2023-02-09 00:00:00-05:00
74.20999908447266,2023-02-10 00:00:00-05:00
76.4800033569336,2023-02-13 00:00:00-05:00
77.9000015258789,2023-02-14 00:00:00-05:00
80.7699966430664,2023-02-15 00:00:00-05:00
77.91000366210938,2023-02-16 00:00:00-05:00
76.11000061035156,2023-02-17 00:00:00-05:00
72.47000122070312,2023-02-21 00:00:00-05:00
73.38999938964844,2023-02-22 00:00:00-05:00
74.56999969482422,2023-02-23 00:00:00-05:00
73.93000030517578,2023-02-24 00:00:00-05:00
73.72000122070312,2023-02-27 00:00:00-05:00
74.58999633789062,2023-02-28 00:00:00-05:00
69.62000274658203,2023-03-01 00:00:00-05:00
70.62999725341797,2023-03-02 00:00:00-05:00
70.80999755859375,2023-03-03 00:00:00-05:00
71.33000183105469,2023-03-06 00:00:00-05:00
69.6500015258789,2023-03-07 00:00:00-05:00
68.91000366210938,2023-03-08 00:00:00-05:00
67.62000274658203,2023-03-09 00:00:00-05:00
67.12000274658203,2023-03-10 00:00:00-05:00
68.66999816894531,2023-03-13 00:00:00-04:00
68.98999786376953,2023-03-14 00:00:00-04:00
71.02999877929688,2023-03-15 00:00:00-04:00
70.58999633789062,2023-03-16 00:00:00-04:00
69.19000244140625,2023-03-17 00:00:00-04:00
69.30000305175781,2023-03-20 00:00:00-04:00
71.8499984741211,2023-03-21 00:00:00-04:00
68.75,2023-03-22 00:00:00-04:00
69.19000244140625,2023-03-23 00:00:00-04:00
69.04000091552734,2023-03-24 00:00:00-04:00
68.56999969482422,2023-03-27 00:00:00-04:00
68.54000091552734,2023-03-28 00:00:00-04:00
70.5999984741211,2023-03-29 00:00:00-04:00
72.04000091552734,2023-03-30 00:00:00-04:00
73.83999633789062,2023-03-31 00:00:00-04:00
73.66999816894531,2023-04-03 00:00:00-04:00
73.63999938964844,2023-04-04 00:00:00-04:00
71.0999984741211,2023-04-05 00:00:00-04:00
71.8499984741211,2023-04-06 00:00:00-04:00
71.16999816894531,2023-04-10 00:00:00-04:00
70.0,2023-04-11 00:00:00-04:00
67.48999786376953,2023-04-12 00:00:00-04:00
70.18000030517578,2023-04-13 00:00:00-04:00
69.5,2023-04-14 00:00:00-04:00
67.62000274658203,2023-04-17 00:00:00-04:00
67.2699966430664,2023-04-18 00:00:00-04:00
67.75,2023-04-19 00:00:00-04:00
65.69999694824219,2023-04-20 00:00:00-04:00
63.97999954223633,2023-04-21 00:00:00-04:00
65.80000305175781,2023-04-24 00:00:00-04:00
63.04999923706055,2023-04-25 00:00:00-04:00
61.43000030517578,2023-04-26 00:00:00-04:00
61.290000915527344,2023-04-27 00:00:00-04:00
61.43000030517578,2023-04-28 00:00:00-04:00
61.68000030517578,2023-05-01 00:00:00-04:00
61.189998626708984,2023-05-02 00:00:00-04:00
60.81999969482422,2023-05-03 00:00:00-04:00
62.220001220703125,2023-05-04 00:00:00-04:00
63.400001525878906,2023-05-05 00:00:00-04:00
62.93000030517578,2023-05-08 00:00:00-04:00
63.560001373291016,2023-05-09 00:00:00-04:00
64.43000030517578,2023-05-10 00:00:00-04:00
64.44999694824219,2023-05-11 00:00:00-04:00
63.689998626708984,2023-05-12 00:00:00-04:00
66.02999877929688,2023-05-15 00:00:00-04:00
65.98999786376953,2023-05-16 00:00:00-04:00
67.8499984741211,2023-05-17 00:00:00-04:00
69.52999877929688,2023-05-18 00:00:00-04:00
69.37000274658203,2023-05-19 00:00:00-04:00
71.41000366210938,2023-05-22 00:00:00-04:00
65.6500015258789,2023-05-23 00:00:00-04:00
62.630001068115234,2023-05-24 00:00:00-04:00
65.12000274658203,2023-05-25 00:00:00-04:00
66.2699966430664,2023-05-26 00:00:00-04:00
65.68000030517578,2023-05-30 00:00:00-04:00
67.12999725341797,2023-05-31 00:00:00-04:00
67.83000183105469,2023-06-01 00:00:00-04:00
67.08999633789062,2023-06-02 00:00:00-04:00
69.0199966430664,2023-06-05 00:00:00-04:00
69.5,2023-06-06 00:00:00-04:00
66.5,2023-06-07 00:00:00-04:00
66.73999786376953,2023-06-08 00:00:00-04:00
67.13999938964844,2023-06-09 00:00:00-04:00
69.18000030517578,2023-06-12 00:00:00-04:00
68.81999969482422,2023-06-13 00:00:00-04:00
68.4000015258789,2023-06-14 00:00:00-04:00
69.94000244140625,2023-06-15 00:00:00-04:00
70.05999755859375,2023-06-16 00:00:00-04:00
70.55999755859375,2023-06-20 00:00:00-04:00
66.93000030517578,2023-06-21 00:00:00-04:00
67.44999694824219,2023-06-22 00:00:00-04:00
66.62000274658203,2023-06-23 00:00:00-04:00
66.62000274658203,2023-06-26 00:00:00-04:00
68.05000305175781,2023-06-27 00:00:00-04:00
68.69000244140625,2023-06-28 00:00:00-04:00
67.5999984741211,2023-06-29 00:00:00-04:00
67.87999725341797,2023-06-30 00:00:00-04:00
68.29000091552734,2023-07-03 00:00:00-04:00
67.6500015258789,2023-07-05 00:00:00-04:00
64.69000244140625,2023-07-06 00:00:00-04:00
65.66999816894531,2023-07-07 00:00:00-04:00
67.62000274658203,2023-07-10 00:00:00-04:00
69.73999786376953,2023-07-11 00:00:00-04:00
69.80000305175781,2023-07-12 00:00:00-04:00
71.23999786376953,2023-07-13 00:00:00-04:00
70.58999633789062,2023-07-14 00:00:00-04:00
72.83999633789062,2023-07-17 00:00:00-04:00
72.27999877929688,2023-07-18 00:00:00-04:00
73.91999816894531,2023-07-19 00:00:00-04:00
69.80000305175781,2023-07-20 00:00:00-04:00
71.02999877929688,2023-07-21 00:00:00-04:00
69.51000213623047,2023-07-24 00:00:00-04:00
69.33000183105469,2023-07-25 00:00:00-04:00
71.0999984741211,2023-07-26 00:00:00-04:00
72.38999938964844,2023-07-27 00:00:00-04:00
73.08000183105469,2023-07-28 00:00:00-04:00
73.3499984741211,2023-07-31 00:00:00-04:00
72.91000366210938,2023-08-01 00:00:00-04:00
69.88999938964844,2023-08-02 00:00:00-04:00
69.88999938964844,2023-08-03 00:00:00-04:00
69.05999755859375,2023-08-04 00:00:00-04:00
68.66000366210938,2023-08-07 00:00:00-04:00
67.55000305175781,2023-08-08 00:00:00-04:00
66.55000305175781,2023-08-09 00:00:00-04:00
67.47000122070312,2023-08-10 00:00:00-04:00
66.5999984741211,2023-08-11 00:00:00-04:00
67.55000305175781,2023-08-14 00:00:00-04:00
66.05999755859375,2023-08-15 00:00:00-04:00
65.375,2023-08-16 00:00:00-04:00
65.36000061035156,2023-08-17 00:00:00-04:00
66.29000091552734,2023-08-18 00:00:00-04:00
67.2699966430664,2023-08-21 00:00:00-04:00
65.83000183105469,2023-08-22 00:00:00-04:00
68.16999816894531,2023-08-23 00:00:00-04:00
66.94999694824219,2023-08-24 00:00:00-04:00
67.69999694824219,2023-08-25 00:00:00-04:00
67.56999969482422,2023-08-28 00:00:00-04:00
68.80999755859375,2023-08-29 00:00:00-04:00
68.66999816894531,2023-08-30 00:00:00-04:00
71.02999877929688,2023-08-31 00:00:00-04:00
71.72000122070312,2023-09-01 00:00:00-04:00
73.27999877929688,2023-09-05 00:00:00-04:00
74.0,2023-09-06 00:00:00-04:00
73.68000030517578,2023-09-07 00:00:00-04:00
72.05999755859375,2023-09-08 00:00:00-04:00
71.77999877929688,2023-09-11 00:00:00-04:00
70.2699966430664,2023-09-12 00:00:00-04:00
69.83999633789062,2023-09-13 00:00:00-04:00
71.56999969482422,2023-09-14 00:00:00-04:00
71.11000061035156,2023-09-15 00:00:00-04:00
70.62999725341797,2023-09-18 00:00:00-04:00
69.33999633789062,2023-09-19 00:00:00-04:00
68.80000305175781,2023-09-20 00:00:00-04:00
68.30999755859375,2023-09-21 00:00:00-04:00
68.8499984741211,2023-09-22 00:00:00-04:00
68.6500015258789,2023-09-25 00:00:00-04:00
68.30000305175781,2023-09-26 00:00:00-04:00
67.31999969482422,2023-09-27 00:00:00-04:00
68.33000183105469,2023-09-28 00:00:00-04:00
69.94000244140625,2023-09-29 00:00:00-04:00
70.11000061035156,2023-10-02 00:00:00-04:00
68.04000091552734,2023-10-03 00:00:00-04:00
66.05999755859375,2023-10-04 00:00:00-04:00
64.5199966430664,2023-10-05 00:00:00-04:00
65.4800033569336,2023-10-06 00:00:00-04:00
66.0999984741211,2023-10-09 00:00:00-04:00
67.27999877929688,2023-10-10 00:00:00-04:00
64.81999969482422,2023-10-11 00:00:00-04:00
63.470001220703125,2023-10-12 00:00:00-04:00
62.75,2023-10-13 00:00:00-04:00
63.18000030517578,2023-10-16 00:00:00-04:00
63.84000015258789,2023-10-17 00:00:00-04:00
62.970001220703125,2023-10-18 00:00:00-04:00
62.36000061035156,2023-10-19 00:00:00-04:00
61.709999084472656,2023-10-20 00:00:00-04:00
61.130001068115234,2023-10-23 00:00:00-04:00
62.13999938964844,2023-10-24 00:00:00-04:00
60.349998474121094,2023-10-25 00:00:00-04:00
59.5,2023-10-26 00:00:00-04:00
59.290000915527344,2023-10-27 00:00:00-04:00
60.0,2023-10-30 00:00:00-04:00
59.97999954223633,2023-10-31 00:00:00-04:00
60.029998779296875,2023-11-01 00:00:00-04:00
61.279998779296875,2023-11-02 00:00:00-04:00
62.9900016784668,2023-11-03 00:00:00-04:00
61.81999969482422,2023-11-06 00:00:00-05:00
62.689998626708984,2023-11-07 00:00:00-05:00
61.83000183105469,2023-11-08 00:00:00-05:00
60.650001525878906,2023-11-09 00:00:00-05:00
62.060001373291016,2023-11-10 00:00:00-05:00
61.540000915527344,2023-11-13 00:00:00-05:00
62.77000045776367,2023-11-14 00:00:00-05:00
63.7400016784668,2023-11-15 00:00:00-05:00
63.400001525878906,2023-11-16 00:00:00-05:00
64.12000274658203,2023-11-17 00:00:00-05:00
66.0,2023-11-20 00:00:00-05:00
65.94000244140625,2023-11-21 00:00:00-05:00
63.83000183105469,2023-11-22 00:00:00-05:00
64.52999877929688,2023-11-24 00:00:00-05:00
65.55000305175781,2023-11-27 00:00:00-05:00
67.52999877929688,2023-11-28 00:00:00-05:00
67.94999694824219,2023-11-29 00:00:00-05:00
67.83000183105469,2023-11-30 00:00:00-05:00
70.29000091552734,2023-12-01 00:00:00-05:00
68.16000366210938,2023-12-04 00:00:00-05:00
68.72000122070312,2023-12-05 00:00:00-05:00
70.94000244140625,2023-12-06 00:00:00-05:00
71.93000030517578,2023-12-07 00:00:00-05:00
73.05999755859375,2023-12-08 00:00:00-05:00
72.58000183105469,2023-12-11 00:00:00-05:00
71.27999877929688,2023-12-12 00:00:00-05:00
71.22000122070312,2023-12-13 00:00:00-05:00
72.13999938964844,2023-12-14 00:00:00-05:00
71.56999969482422,2023-12-15 00:00:00-05:00
71.36000061035156,2023-12-18 00:00:00-05:00
72.41999816894531,2023-12-19 00:00:00-05:00
69.86000061035156,2023-12-20 00:00:00-05:00
71.9000015258789,2023-12-21 00:00:00-05:00
72.5,2023-12-22 00:00:00-05:00
74.20999908447266,2023-12-26 00:00:00-05:00
73.7300033569336,2023-12-27 00:00:00-05:00
73.08999633789062,2023-12-28 00:00:00-05:00
71.91000366210938,2023-12-29 00:00:00-05:00
69.1500015258789,2024-01-02 00:00:00-05:00
67.16999816894531,2024-01-03 00:00:00-05:00
66.9000015258789,2024-01-04 00:00:00-05:00
66.95999908447266,2024-01-05 00:00:00-05:00
68.38999938964844,2024-01-08 00:00:00-05:00
68.30999755859375,2024-01-09 00:00:00-05:00
68.18000030517578,2024-01-10 00:00:00-05:00
68.5,2024-01-11 00:00:00-05:00
70.45999908447266,2024-01-12 00:00:00-05:00
69.0999984741211,2024-01-16 00:00:00-05:00
67.94999694824219,2024-01-17 00:00:00-05:00
67.31999969482422,2024-01-18 00:00:00-05:00
69.04000091552734,2024-01-19 00:00:00-05:00
69.58999633789062,2024-01-22 00:00:00-05:00
69.62999725341797,2024-01-23 00:00:00-05:00
69.04000091552734,2024-01-24 00:00:00-05:00
67.41999816894531,2024-01-25 00:00:00-05:00
67.73999786376953,2024-01-26 00:00:00-05:00
68.93000030517578,2024-01-29 00:00:00-05:00
67.18000030517578,2024-01-30 00:00:00-05:00
64.61000061035156,2024-01-31 00:00:00-05:00
64.8499984741211,2024-02-01 00:00:00-05:00
64.2699966430664,2024-02-02 00:00:00-05:00
63.689998626708984,2024-02-05 00:00:00-05:00
63.599998474121094,2024-02-06 00:00:00-05:00
63.880001068115234,2024-02-07 00:00:00-05:00
63.900001525878906,2024-02-08 00:00:00-05:00
65.69999694824219,2024-02-09 00:00:00-05:00
64.4800033569336,2024-02-12 00:00:00-05:00
63.65999984741211,2024-02-13 00:00:00-05:00
64.13999938964844,2024-02-14 00:00:00-05:00
64.04000091552734,2024-02-15 00:00:00-05:00
62.119998931884766,2024-02-16 00:00:00-05:00
61.31999969482422,2024-02-20 00:00:00-05:00
61.349998474121094,2024-02-21 00:00:00-05:00
62.119998931884766,2024-02-22 00:00:00-05:00
63.400001525878906,2024-02-23 00:00:00-05:00
63.119998931884766,2024-02-26 00:00:00-05:00
68.16999816894531,2024-02-27 00:00:00-05:00
69.62000274658203,2024-02-28 00:00:00-05:00
70.7300033569336,2024-02-29 00:00:00-05:00
70.91000366210938,2024-03-01 00:00:00-05:00
69.70999908447266,2024-03-04 00:00:00-05:00
66.48999786376953,2024-03-05 00:00:00-05:00
66.41999816894531,2024-03-06 00:00:00-05:00
67.02999877929688,2024-03-07 00:00:00-05:00
67.16000366210938,2024-03-08 00:00:00-05:00
69.68000030517578,2024-03-11 00:00:00-04:00
69.87999725341797,2024-03-12 00:00:00-04:00
68.44000244140625,2024-03-13 00:00:00-04:00
67.26000213623047,2024-03-14 00:00:00-04:00
65.95999908447266,2024-03-15 00:00:00-04:00
66.2300033569336,2024-03-18 00:00:00-04:00
66.52999877929688,2024-03-19 00:00:00-04:00
66.86000061035156,2024-03-20 00:00:00-04:00
66.54000091552734,2024-03-21 00:00:00-04:00
65.95999908447266,2024-03-22 00:00:00-04:00
66.70999908447266,2024-03-25 00:00:00-04:00
66.3499984741211,2024-03-26 00:00:00-04:00
66.62000274658203,2024-03-27 00:00:00-04:00
65.37000274658203,2024-03-28 00:00:00-04:00
64.7300033569336,2024-04-01 00:00:00-04:00
63.779998779296875,2024-04-02 00:00:00-04:00
63.220001220703125,2024-04-03 00:00:00-04:00
63.279998779296875,2024-04-04 00:00:00-04:00
62.939998626708984,2024-04-05 00:00:00-04:00
63.0099983215332,2024-04-08 00:00:00-04:00
63.849998474121094,2024-04-09 00:00:00-04:00
62.220001220703125,2024-04-10 00:00:00-04:00
62.52000045776367,2024-04-11 00:00:00-04:00
61.630001068115234,2024-04-12 00:00:00-04:00
60.2400016784668,2024-04-15 00:00:00-04:00
59.279998779296875,2024-04-16 00:00:00-04:00
59.08000183105469,2024-04-17 00:00:00-04:00
59.939998626708984,2024-04-18 00:00:00-04:00
59.45000076293945,2024-04-19 00:00:00-04:00
59.540000915527344,2024-04-22 00:00:00-04:00
61.619998931884766,2024-04-23 00:00:00-04:00
61.650001525878906,2024-04-24 00:00:00-04:00
61.040000915527344,2024-04-25 00:00:00-04:00
62.0,2024-04-26 00:00:00-04:00
63.31999969482422,2024-04-29 00:00:00-04:00
61.099998474121094,2024-04-30 00:00:00-04:00
61.275001525878906,2024-05-01 00:00:00-04:00
