ZS,Date
33.0,2018-03-16 00:00:00-04:00
27.899999618530273,2018-03-19 00:00:00-04:00
30.3799991607666,2018-03-20 00:00:00-04:00
31.079999923706055,2018-03-21 00:00:00-04:00
29.829999923706055,2018-03-22 00:00:00-04:00
29.43000030517578,2018-03-23 00:00:00-04:00
27.829999923706055,2018-03-26 00:00:00-04:00
27.75,2018-03-27 00:00:00-04:00
27.530000686645508,2018-03-28 00:00:00-04:00
28.06999969482422,2018-03-29 00:00:00-04:00
27.059999465942383,2018-04-02 00:00:00-04:00
26.799999237060547,2018-04-03 00:00:00-04:00
27.969999313354492,2018-04-04 00:00:00-04:00
28.530000686645508,2018-04-05 00:00:00-04:00
28.219999313354492,2018-04-06 00:00:00-04:00
26.540000915527344,2018-04-09 00:00:00-04:00
28.06999969482422,2018-04-10 00:00:00-04:00
27.709999084472656,2018-04-11 00:00:00-04:00
27.959999084472656,2018-04-12 00:00:00-04:00
27.479999542236328,2018-04-13 00:00:00-04:00
28.989999771118164,2018-04-16 00:00:00-04:00
28.75,2018-04-17 00:00:00-04:00
28.649999618530273,2018-04-18 00:00:00-04:00
28.030000686645508,2018-04-19 00:00:00-04:00
27.219999313354492,2018-04-20 00:00:00-04:00
26.860000610351562,2018-04-23 00:00:00-04:00
27.139999389648438,2018-04-24 00:00:00-04:00
28.110000610351562,2018-04-25 00:00:00-04:00
28.649999618530273,2018-04-26 00:00:00-04:00
28.709999084472656,2018-04-27 00:00:00-04:00
29.889999389648438,2018-04-30 00:00:00-04:00
29.1299991607666,2018-05-01 00:00:00-04:00
29.950000762939453,2018-05-02 00:00:00-04:00
27.56999969482422,2018-05-03 00:00:00-04:00
27.860000610351562,2018-05-04 00:00:00-04:00
27.649999618530273,2018-05-07 00:00:00-04:00
27.530000686645508,2018-05-08 00:00:00-04:00
27.850000381469727,2018-05-09 00:00:00-04:00
28.18000030517578,2018-05-10 00:00:00-04:00
29.31999969482422,2018-05-11 00:00:00-04:00
28.469999313354492,2018-05-14 00:00:00-04:00
27.40999984741211,2018-05-15 00:00:00-04:00
27.09000015258789,2018-05-16 00:00:00-04:00
27.389999389648438,2018-05-17 00:00:00-04:00
27.280000686645508,2018-05-18 00:00:00-04:00
27.420000076293945,2018-05-21 00:00:00-04:00
27.09000015258789,2018-05-22 00:00:00-04:00
26.559999465942383,2018-05-23 00:00:00-04:00
26.549999237060547,2018-05-24 00:00:00-04:00
24.950000762939453,2018-05-25 00:00:00-04:00
25.6299991607666,2018-05-29 00:00:00-04:00
25.5,2018-05-30 00:00:00-04:00
26.260000228881836,2018-05-31 00:00:00-04:00
28.18000030517578,2018-06-01 00:00:00-04:00
29.209999084472656,2018-06-04 00:00:00-04:00
30.1299991607666,2018-06-05 00:00:00-04:00
30.649999618530273,2018-06-06 00:00:00-04:00
37.790000915527344,2018-06-07 00:00:00-04:00
40.529998779296875,2018-06-08 00:00:00-04:00
41.25,2018-06-11 00:00:00-04:00
38.93000030517578,2018-06-12 00:00:00-04:00
38.83000183105469,2018-06-13 00:00:00-04:00
39.38999938964844,2018-06-14 00:00:00-04:00
41.0,2018-06-15 00:00:00-04:00
40.400001525878906,2018-06-18 00:00:00-04:00
39.15999984741211,2018-06-19 00:00:00-04:00
37.8849983215332,2018-06-20 00:00:00-04:00
35.209999084472656,2018-06-21 00:00:00-04:00
36.630001068115234,2018-06-22 00:00:00-04:00
36.36000061035156,2018-06-25 00:00:00-04:00
35.869998931884766,2018-06-26 00:00:00-04:00
34.61000061035156,2018-06-27 00:00:00-04:00
35.310001373291016,2018-06-28 00:00:00-04:00
35.75,2018-06-29 00:00:00-04:00
37.08000183105469,2018-07-02 00:00:00-04:00
36.43000030517578,2018-07-03 00:00:00-04:00
36.66999816894531,2018-07-05 00:00:00-04:00
38.0099983215332,2018-07-06 00:00:00-04:00
39.869998931884766,2018-07-09 00:00:00-04:00
38.540000915527344,2018-07-10 00:00:00-04:00
39.119998931884766,2018-07-11 00:00:00-04:00
40.540000915527344,2018-07-12 00:00:00-04:00
39.7400016784668,2018-07-13 00:00:00-04:00
41.119998931884766,2018-07-16 00:00:00-04:00
41.880001068115234,2018-07-17 00:00:00-04:00
41.68000030517578,2018-07-18 00:00:00-04:00
40.380001068115234,2018-07-19 00:00:00-04:00
39.790000915527344,2018-07-20 00:00:00-04:00
41.380001068115234,2018-07-23 00:00:00-04:00
39.810001373291016,2018-07-24 00:00:00-04:00
41.220001220703125,2018-07-25 00:00:00-04:00
39.66999816894531,2018-07-26 00:00:00-04:00
37.380001068115234,2018-07-27 00:00:00-04:00
36.220001220703125,2018-07-30 00:00:00-04:00
35.310001373291016,2018-07-31 00:00:00-04:00
36.060001373291016,2018-08-01 00:00:00-04:00
37.029998779296875,2018-08-02 00:00:00-04:00
37.33000183105469,2018-08-03 00:00:00-04:00
36.59000015258789,2018-08-06 00:00:00-04:00
37.25,2018-08-07 00:00:00-04:00
37.040000915527344,2018-08-08 00:00:00-04:00
38.290000915527344,2018-08-09 00:00:00-04:00
38.189998626708984,2018-08-10 00:00:00-04:00
38.060001373291016,2018-08-13 00:00:00-04:00
37.52000045776367,2018-08-14 00:00:00-04:00
36.349998474121094,2018-08-15 00:00:00-04:00
39.099998474121094,2018-08-16 00:00:00-04:00
40.290000915527344,2018-08-17 00:00:00-04:00
39.81999969482422,2018-08-20 00:00:00-04:00
39.43000030517578,2018-08-21 00:00:00-04:00
41.720001220703125,2018-08-22 00:00:00-04:00
42.54999923706055,2018-08-23 00:00:00-04:00
44.43000030517578,2018-08-24 00:00:00-04:00
47.2599983215332,2018-08-27 00:00:00-04:00
47.0,2018-08-28 00:00:00-04:00
47.15999984741211,2018-08-29 00:00:00-04:00
43.900001525878906,2018-08-30 00:00:00-04:00
42.790000915527344,2018-08-31 00:00:00-04:00
44.2599983215332,2018-09-04 00:00:00-04:00
44.06999969482422,2018-09-05 00:00:00-04:00
41.869998931884766,2018-09-06 00:00:00-04:00
46.04999923706055,2018-09-07 00:00:00-04:00
45.7599983215332,2018-09-10 00:00:00-04:00
42.95000076293945,2018-09-11 00:00:00-04:00
42.68000030517578,2018-09-12 00:00:00-04:00
42.439998626708984,2018-09-13 00:00:00-04:00
42.63999938964844,2018-09-14 00:00:00-04:00
40.2599983215332,2018-09-17 00:00:00-04:00
39.75,2018-09-18 00:00:00-04:00
37.83000183105469,2018-09-19 00:00:00-04:00
38.81999969482422,2018-09-20 00:00:00-04:00
40.130001068115234,2018-09-21 00:00:00-04:00
41.43000030517578,2018-09-24 00:00:00-04:00
42.63999938964844,2018-09-25 00:00:00-04:00
41.970001220703125,2018-09-26 00:00:00-04:00
41.61000061035156,2018-09-27 00:00:00-04:00
40.779998779296875,2018-09-28 00:00:00-04:00
39.93000030517578,2018-10-01 00:00:00-04:00
37.029998779296875,2018-10-02 00:00:00-04:00
38.209999084472656,2018-10-03 00:00:00-04:00
37.810001373291016,2018-10-04 00:00:00-04:00
37.040000915527344,2018-10-05 00:00:00-04:00
36.349998474121094,2018-10-08 00:00:00-04:00
35.72999954223633,2018-10-09 00:00:00-04:00
33.540000915527344,2018-10-10 00:00:00-04:00
34.54999923706055,2018-10-11 00:00:00-04:00
36.29999923706055,2018-10-12 00:00:00-04:00
36.86000061035156,2018-10-15 00:00:00-04:00
38.959999084472656,2018-10-16 00:00:00-04:00
37.90999984741211,2018-10-17 00:00:00-04:00
36.779998779296875,2018-10-18 00:00:00-04:00
35.68000030517578,2018-10-19 00:00:00-04:00
36.29999923706055,2018-10-22 00:00:00-04:00
35.529998779296875,2018-10-23 00:00:00-04:00
34.02000045776367,2018-10-24 00:00:00-04:00
35.75,2018-10-25 00:00:00-04:00
33.75,2018-10-26 00:00:00-04:00
34.16999816894531,2018-10-29 00:00:00-04:00
35.4900016784668,2018-10-30 00:00:00-04:00
36.290000915527344,2018-10-31 00:00:00-04:00
38.959999084472656,2018-11-01 00:00:00-04:00
39.41999816894531,2018-11-02 00:00:00-04:00
39.77000045776367,2018-11-05 00:00:00-05:00
40.970001220703125,2018-11-06 00:00:00-05:00
41.0,2018-11-07 00:00:00-05:00
41.7400016784668,2018-11-08 00:00:00-05:00
40.709999084472656,2018-11-09 00:00:00-05:00
39.34000015258789,2018-11-12 00:00:00-05:00
40.31999969482422,2018-11-13 00:00:00-05:00
40.09000015258789,2018-11-14 00:00:00-05:00
40.9900016784668,2018-11-15 00:00:00-05:00
37.650001525878906,2018-11-16 00:00:00-05:00
33.099998474121094,2018-11-19 00:00:00-05:00
32.25,2018-11-20 00:00:00-05:00
33.47999954223633,2018-11-21 00:00:00-05:00
33.849998474121094,2018-11-23 00:00:00-05:00
34.68000030517578,2018-11-26 00:00:00-05:00
34.61000061035156,2018-11-27 00:00:00-05:00
36.900001525878906,2018-11-28 00:00:00-05:00
37.560001373291016,2018-11-29 00:00:00-05:00
39.2599983215332,2018-11-30 00:00:00-05:00
39.119998931884766,2018-12-03 00:00:00-05:00
37.209999084472656,2018-12-04 00:00:00-05:00
42.97999954223633,2018-12-06 00:00:00-05:00
40.38999938964844,2018-12-07 00:00:00-05:00
40.599998474121094,2018-12-10 00:00:00-05:00
39.7599983215332,2018-12-11 00:00:00-05:00
41.220001220703125,2018-12-12 00:00:00-05:00
41.86000061035156,2018-12-13 00:00:00-05:00
42.470001220703125,2018-12-14 00:00:00-05:00
38.27000045776367,2018-12-17 00:00:00-05:00
39.599998474121094,2018-12-18 00:00:00-05:00
39.33000183105469,2018-12-19 00:00:00-05:00
37.22999954223633,2018-12-20 00:00:00-05:00
34.959999084472656,2018-12-21 00:00:00-05:00
35.54999923706055,2018-12-24 00:00:00-05:00
39.130001068115234,2018-12-26 00:00:00-05:00
40.16999816894531,2018-12-27 00:00:00-05:00
39.79999923706055,2018-12-28 00:00:00-05:00
39.209999084472656,2018-12-31 00:00:00-05:00
39.810001373291016,2019-01-02 00:00:00-05:00
39.31999969482422,2019-01-03 00:00:00-05:00
41.77000045776367,2019-01-04 00:00:00-05:00
43.560001373291016,2019-01-07 00:00:00-05:00
43.97999954223633,2019-01-08 00:00:00-05:00
44.880001068115234,2019-01-09 00:00:00-05:00
45.40999984741211,2019-01-10 00:00:00-05:00
45.20000076293945,2019-01-11 00:00:00-05:00
45.0099983215332,2019-01-14 00:00:00-05:00
45.31999969482422,2019-01-15 00:00:00-05:00
44.150001525878906,2019-01-16 00:00:00-05:00
44.84000015258789,2019-01-17 00:00:00-05:00
45.349998474121094,2019-01-18 00:00:00-05:00
44.59000015258789,2019-01-22 00:00:00-05:00
45.04999923706055,2019-01-23 00:00:00-05:00
45.060001373291016,2019-01-24 00:00:00-05:00
45.88999938964844,2019-01-25 00:00:00-05:00
45.59000015258789,2019-01-28 00:00:00-05:00
45.16999816894531,2019-01-29 00:00:00-05:00
45.52000045776367,2019-01-30 00:00:00-05:00
48.369998931884766,2019-01-31 00:00:00-05:00
48.31999969482422,2019-02-01 00:00:00-05:00
49.06999969482422,2019-02-04 00:00:00-05:00
48.31999969482422,2019-02-05 00:00:00-05:00
47.75,2019-02-06 00:00:00-05:00
48.029998779296875,2019-02-07 00:00:00-05:00
48.459999084472656,2019-02-08 00:00:00-05:00
48.59000015258789,2019-02-11 00:00:00-05:00
50.099998474121094,2019-02-12 00:00:00-05:00
49.0,2019-02-13 00:00:00-05:00
50.08000183105469,2019-02-14 00:00:00-05:00
50.11000061035156,2019-02-15 00:00:00-05:00
49.9900016784668,2019-02-19 00:00:00-05:00
49.83000183105469,2019-02-20 00:00:00-05:00
49.66999816894531,2019-02-21 00:00:00-05:00
49.779998779296875,2019-02-22 00:00:00-05:00
49.93000030517578,2019-02-25 00:00:00-05:00
50.0,2019-02-26 00:00:00-05:00
50.720001220703125,2019-02-27 00:00:00-05:00
49.68000030517578,2019-02-28 00:00:00-05:00
60.56999969482422,2019-03-01 00:00:00-05:00
58.029998779296875,2019-03-04 00:00:00-05:00
57.529998779296875,2019-03-05 00:00:00-05:00
58.27000045776367,2019-03-06 00:00:00-05:00
59.18000030517578,2019-03-07 00:00:00-05:00
60.540000915527344,2019-03-08 00:00:00-05:00
63.34000015258789,2019-03-11 00:00:00-04:00
63.650001525878906,2019-03-12 00:00:00-04:00
64.80000305175781,2019-03-13 00:00:00-04:00
66.94000244140625,2019-03-14 00:00:00-04:00
67.19000244140625,2019-03-15 00:00:00-04:00
67.27999877929688,2019-03-18 00:00:00-04:00
67.91000366210938,2019-03-19 00:00:00-04:00
67.48999786376953,2019-03-20 00:00:00-04:00
69.91999816894531,2019-03-21 00:00:00-04:00
66.01000213623047,2019-03-22 00:00:00-04:00
67.80999755859375,2019-03-25 00:00:00-04:00
71.02999877929688,2019-03-26 00:00:00-04:00
69.75,2019-03-27 00:00:00-04:00
71.05000305175781,2019-03-28 00:00:00-04:00
70.93000030517578,2019-03-29 00:00:00-04:00
70.73999786376953,2019-04-01 00:00:00-04:00
70.91000366210938,2019-04-02 00:00:00-04:00
69.33999633789062,2019-04-03 00:00:00-04:00
63.279998779296875,2019-04-04 00:00:00-04:00
63.13999938964844,2019-04-05 00:00:00-04:00
63.470001220703125,2019-04-08 00:00:00-04:00
64.94000244140625,2019-04-09 00:00:00-04:00
68.44000244140625,2019-04-10 00:00:00-04:00
67.75,2019-04-11 00:00:00-04:00
66.63999938964844,2019-04-12 00:00:00-04:00
67.04000091552734,2019-04-15 00:00:00-04:00
66.26000213623047,2019-04-16 00:00:00-04:00
62.43000030517578,2019-04-17 00:00:00-04:00
62.72999954223633,2019-04-18 00:00:00-04:00
64.26000213623047,2019-04-22 00:00:00-04:00
65.41999816894531,2019-04-23 00:00:00-04:00
64.98999786376953,2019-04-24 00:00:00-04:00
66.95999908447266,2019-04-25 00:00:00-04:00
66.94000244140625,2019-04-26 00:00:00-04:00
68.19999694824219,2019-04-29 00:00:00-04:00
68.30999755859375,2019-04-30 00:00:00-04:00
66.16999816894531,2019-05-01 00:00:00-04:00
65.66999816894531,2019-05-02 00:00:00-04:00
67.4000015258789,2019-05-03 00:00:00-04:00
69.5,2019-05-06 00:00:00-04:00
66.36000061035156,2019-05-07 00:00:00-04:00
67.61000061035156,2019-05-08 00:00:00-04:00
68.62000274658203,2019-05-09 00:00:00-04:00
73.55000305175781,2019-05-10 00:00:00-04:00
68.08999633789062,2019-05-13 00:00:00-04:00
72.05000305175781,2019-05-14 00:00:00-04:00
75.0199966430664,2019-05-15 00:00:00-04:00
78.66000366210938,2019-05-16 00:00:00-04:00
78.79000091552734,2019-05-17 00:00:00-04:00
76.63999938964844,2019-05-20 00:00:00-04:00
76.08999633789062,2019-05-21 00:00:00-04:00
75.88999938964844,2019-05-22 00:00:00-04:00
73.44999694824219,2019-05-23 00:00:00-04:00
73.76000213623047,2019-05-24 00:00:00-04:00
74.23999786376953,2019-05-28 00:00:00-04:00
71.1500015258789,2019-05-29 00:00:00-04:00
72.98999786376953,2019-05-30 00:00:00-04:00
68.62999725341797,2019-05-31 00:00:00-04:00
66.9000015258789,2019-06-03 00:00:00-04:00
71.95999908447266,2019-06-04 00:00:00-04:00
72.44999694824219,2019-06-05 00:00:00-04:00
72.33000183105469,2019-06-06 00:00:00-04:00
75.51000213623047,2019-06-07 00:00:00-04:00
76.91999816894531,2019-06-10 00:00:00-04:00
75.83000183105469,2019-06-11 00:00:00-04:00
77.16999816894531,2019-06-12 00:00:00-04:00
79.72000122070312,2019-06-13 00:00:00-04:00
77.66999816894531,2019-06-14 00:00:00-04:00
76.73999786376953,2019-06-17 00:00:00-04:00
78.0,2019-06-18 00:00:00-04:00
79.87999725341797,2019-06-19 00:00:00-04:00
79.18000030517578,2019-06-20 00:00:00-04:00
77.23999786376953,2019-06-21 00:00:00-04:00
75.45999908447266,2019-06-24 00:00:00-04:00
73.81999969482422,2019-06-25 00:00:00-04:00
74.30000305175781,2019-06-26 00:00:00-04:00
77.5,2019-06-27 00:00:00-04:00
76.63999938964844,2019-06-28 00:00:00-04:00
76.61000061035156,2019-07-01 00:00:00-04:00
78.95999908447266,2019-07-02 00:00:00-04:00
80.63999938964844,2019-07-03 00:00:00-04:00
83.05999755859375,2019-07-05 00:00:00-04:00
83.79000091552734,2019-07-08 00:00:00-04:00
84.30999755859375,2019-07-09 00:00:00-04:00
83.29000091552734,2019-07-10 00:00:00-04:00
82.27999877929688,2019-07-11 00:00:00-04:00
81.87000274658203,2019-07-12 00:00:00-04:00
83.79000091552734,2019-07-15 00:00:00-04:00
82.58999633789062,2019-07-16 00:00:00-04:00
82.0,2019-07-17 00:00:00-04:00
82.37999725341797,2019-07-18 00:00:00-04:00
82.68000030517578,2019-07-19 00:00:00-04:00
84.0,2019-07-22 00:00:00-04:00
84.0,2019-07-23 00:00:00-04:00
86.69000244140625,2019-07-24 00:00:00-04:00
86.41999816894531,2019-07-25 00:00:00-04:00
88.20999908447266,2019-07-26 00:00:00-04:00
85.56999969482422,2019-07-29 00:00:00-04:00
84.68000030517578,2019-07-30 00:00:00-04:00
84.2699966430664,2019-07-31 00:00:00-04:00
85.26000213623047,2019-08-01 00:00:00-04:00
83.4800033569336,2019-08-02 00:00:00-04:00
78.16999816894531,2019-08-05 00:00:00-04:00
79.94000244140625,2019-08-06 00:00:00-04:00
81.22000122070312,2019-08-07 00:00:00-04:00
84.72000122070312,2019-08-08 00:00:00-04:00
85.18000030517578,2019-08-09 00:00:00-04:00
83.20999908447266,2019-08-12 00:00:00-04:00
85.04000091552734,2019-08-13 00:00:00-04:00
81.5,2019-08-14 00:00:00-04:00
79.18000030517578,2019-08-15 00:00:00-04:00
80.91000366210938,2019-08-16 00:00:00-04:00
71.80000305175781,2019-08-19 00:00:00-04:00
70.80000305175781,2019-08-20 00:00:00-04:00
72.98999786376953,2019-08-21 00:00:00-04:00
72.54000091552734,2019-08-22 00:00:00-04:00
71.27999877929688,2019-08-23 00:00:00-04:00
71.77999877929688,2019-08-26 00:00:00-04:00
71.45999908447266,2019-08-27 00:00:00-04:00
69.16000366210938,2019-08-28 00:00:00-04:00
70.51000213623047,2019-08-29 00:00:00-04:00
68.73999786376953,2019-08-30 00:00:00-04:00
65.66999816894531,2019-09-03 00:00:00-04:00
67.91000366210938,2019-09-04 00:00:00-04:00
66.9800033569336,2019-09-05 00:00:00-04:00
64.05000305175781,2019-09-06 00:00:00-04:00
62.02000045776367,2019-09-09 00:00:00-04:00
61.599998474121094,2019-09-10 00:00:00-04:00
49.66999816894531,2019-09-11 00:00:00-04:00
49.59000015258789,2019-09-12 00:00:00-04:00
47.47999954223633,2019-09-13 00:00:00-04:00
47.619998931884766,2019-09-16 00:00:00-04:00
50.63999938964844,2019-09-17 00:00:00-04:00
51.95000076293945,2019-09-18 00:00:00-04:00
50.349998474121094,2019-09-19 00:00:00-04:00
51.45000076293945,2019-09-20 00:00:00-04:00
50.31999969482422,2019-09-23 00:00:00-04:00
49.22999954223633,2019-09-24 00:00:00-04:00
48.88999938964844,2019-09-25 00:00:00-04:00
48.77000045776367,2019-09-26 00:00:00-04:00
46.9900016784668,2019-09-27 00:00:00-04:00
47.2599983215332,2019-09-30 00:00:00-04:00
47.02000045776367,2019-10-01 00:00:00-04:00
46.939998626708984,2019-10-02 00:00:00-04:00
48.970001220703125,2019-10-03 00:00:00-04:00
49.209999084472656,2019-10-04 00:00:00-04:00
49.880001068115234,2019-10-07 00:00:00-04:00
46.900001525878906,2019-10-08 00:00:00-04:00
48.220001220703125,2019-10-09 00:00:00-04:00
47.29999923706055,2019-10-10 00:00:00-04:00
48.119998931884766,2019-10-11 00:00:00-04:00
47.5,2019-10-14 00:00:00-04:00
46.3849983215332,2019-10-15 00:00:00-04:00
45.650001525878906,2019-10-16 00:00:00-04:00
45.150001525878906,2019-10-17 00:00:00-04:00
42.84000015258789,2019-10-18 00:00:00-04:00
42.16999816894531,2019-10-21 00:00:00-04:00
40.75,2019-10-22 00:00:00-04:00
41.09000015258789,2019-10-23 00:00:00-04:00
43.33000183105469,2019-10-24 00:00:00-04:00
42.86000061035156,2019-10-25 00:00:00-04:00
42.40999984741211,2019-10-28 00:00:00-04:00
43.119998931884766,2019-10-29 00:00:00-04:00
45.15999984741211,2019-10-30 00:00:00-04:00
43.97999954223633,2019-10-31 00:00:00-04:00
45.0,2019-11-01 00:00:00-04:00
44.36000061035156,2019-11-04 00:00:00-05:00
44.43000030517578,2019-11-05 00:00:00-05:00
43.90999984741211,2019-11-06 00:00:00-05:00
42.54999923706055,2019-11-07 00:00:00-05:00
43.900001525878906,2019-11-08 00:00:00-05:00
44.06999969482422,2019-11-11 00:00:00-05:00
44.77000045776367,2019-11-12 00:00:00-05:00
44.81999969482422,2019-11-13 00:00:00-05:00
45.31999969482422,2019-11-14 00:00:00-05:00
45.83000183105469,2019-11-15 00:00:00-05:00
44.5099983215332,2019-11-18 00:00:00-05:00
46.220001220703125,2019-11-19 00:00:00-05:00
46.599998474121094,2019-11-20 00:00:00-05:00
45.41999816894531,2019-11-21 00:00:00-05:00
46.31999969482422,2019-11-22 00:00:00-05:00
50.38999938964844,2019-11-25 00:00:00-05:00
51.65999984741211,2019-11-26 00:00:00-05:00
52.060001373291016,2019-11-27 00:00:00-05:00
52.130001068115234,2019-11-29 00:00:00-05:00
51.06999969482422,2019-12-02 00:00:00-05:00
52.79999923706055,2019-12-03 00:00:00-05:00
49.849998474121094,2019-12-04 00:00:00-05:00
48.11000061035156,2019-12-05 00:00:00-05:00
46.70000076293945,2019-12-06 00:00:00-05:00
47.29999923706055,2019-12-09 00:00:00-05:00
46.130001068115234,2019-12-10 00:00:00-05:00
45.20000076293945,2019-12-11 00:00:00-05:00
45.189998626708984,2019-12-12 00:00:00-05:00
45.97999954223633,2019-12-13 00:00:00-05:00
46.959999084472656,2019-12-16 00:00:00-05:00
46.52000045776367,2019-12-17 00:00:00-05:00
47.2400016784668,2019-12-18 00:00:00-05:00
47.90999984741211,2019-12-19 00:00:00-05:00
49.130001068115234,2019-12-20 00:00:00-05:00
48.16999816894531,2019-12-23 00:00:00-05:00
47.7400016784668,2019-12-24 00:00:00-05:00
48.15999984741211,2019-12-26 00:00:00-05:00
47.61000061035156,2019-12-27 00:00:00-05:00
46.5,2019-12-30 00:00:00-05:00
46.5,2019-12-31 00:00:00-05:00
47.33000183105469,2020-01-02 00:00:00-05:00
47.380001068115234,2020-01-03 00:00:00-05:00
48.70000076293945,2020-01-06 00:00:00-05:00
48.400001525878906,2020-01-07 00:00:00-05:00
50.75,2020-01-08 00:00:00-05:00
54.0,2020-01-09 00:00:00-05:00
55.0,2020-01-10 00:00:00-05:00
59.619998931884766,2020-01-13 00:00:00-05:00
59.540000915527344,2020-01-14 00:00:00-05:00
59.9900016784668,2020-01-15 00:00:00-05:00
61.81999969482422,2020-01-16 00:00:00-05:00
59.43000030517578,2020-01-17 00:00:00-05:00
60.5099983215332,2020-01-21 00:00:00-05:00
59.91999816894531,2020-01-22 00:00:00-05:00
59.310001373291016,2020-01-23 00:00:00-05:00
57.79999923706055,2020-01-24 00:00:00-05:00
56.040000915527344,2020-01-27 00:00:00-05:00
56.5,2020-01-28 00:00:00-05:00
57.130001068115234,2020-01-29 00:00:00-05:00
57.689998626708984,2020-01-30 00:00:00-05:00
56.09000015258789,2020-01-31 00:00:00-05:00
56.81999969482422,2020-02-03 00:00:00-05:00
58.880001068115234,2020-02-04 00:00:00-05:00
58.5099983215332,2020-02-05 00:00:00-05:00
58.400001525878906,2020-02-06 00:00:00-05:00
58.970001220703125,2020-02-07 00:00:00-05:00
60.84000015258789,2020-02-10 00:00:00-05:00
60.91999816894531,2020-02-11 00:00:00-05:00
60.47999954223633,2020-02-12 00:00:00-05:00
61.900001525878906,2020-02-13 00:00:00-05:00
62.11000061035156,2020-02-14 00:00:00-05:00
63.86000061035156,2020-02-18 00:00:00-05:00
65.16999816894531,2020-02-19 00:00:00-05:00
65.18000030517578,2020-02-20 00:00:00-05:00
54.5099983215332,2020-02-21 00:00:00-05:00
51.86000061035156,2020-02-24 00:00:00-05:00
50.40999984741211,2020-02-25 00:00:00-05:00
51.33000183105469,2020-02-26 00:00:00-05:00
49.7400016784668,2020-02-27 00:00:00-05:00
51.9900016784668,2020-02-28 00:00:00-05:00
52.779998779296875,2020-03-02 00:00:00-05:00
51.33000183105469,2020-03-03 00:00:00-05:00
53.38999938964844,2020-03-04 00:00:00-05:00
53.36000061035156,2020-03-05 00:00:00-05:00
49.38999938964844,2020-03-06 00:00:00-05:00
43.939998626708984,2020-03-09 00:00:00-04:00
47.0099983215332,2020-03-10 00:00:00-04:00
42.880001068115234,2020-03-11 00:00:00-04:00
39.5,2020-03-12 00:00:00-04:00
41.88999938964844,2020-03-13 00:00:00-04:00
41.81999969482422,2020-03-16 00:00:00-04:00
46.86000061035156,2020-03-17 00:00:00-04:00
50.16999816894531,2020-03-18 00:00:00-04:00
51.80500030517578,2020-03-19 00:00:00-04:00
53.63999938964844,2020-03-20 00:00:00-04:00
58.029998779296875,2020-03-23 00:00:00-04:00
62.13999938964844,2020-03-24 00:00:00-04:00
59.130001068115234,2020-03-25 00:00:00-04:00
60.54999923706055,2020-03-26 00:00:00-04:00
58.630001068115234,2020-03-27 00:00:00-04:00
58.84000015258789,2020-03-30 00:00:00-04:00
60.86000061035156,2020-03-31 00:00:00-04:00
61.9900016784668,2020-04-01 00:00:00-04:00
61.18000030517578,2020-04-02 00:00:00-04:00
63.400001525878906,2020-04-03 00:00:00-04:00
63.310001373291016,2020-04-06 00:00:00-04:00
62.36000061035156,2020-04-07 00:00:00-04:00
64.93000030517578,2020-04-08 00:00:00-04:00
62.59000015258789,2020-04-09 00:00:00-04:00
62.16999816894531,2020-04-13 00:00:00-04:00
66.4800033569336,2020-04-14 00:00:00-04:00
69.95999908447266,2020-04-15 00:00:00-04:00
70.37000274658203,2020-04-16 00:00:00-04:00
68.0,2020-04-17 00:00:00-04:00
70.51000213623047,2020-04-20 00:00:00-04:00
65.18000030517578,2020-04-21 00:00:00-04:00
66.91000366210938,2020-04-22 00:00:00-04:00
66.23999786376953,2020-04-23 00:00:00-04:00
67.5,2020-04-24 00:00:00-04:00
70.47000122070312,2020-04-27 00:00:00-04:00
66.72000122070312,2020-04-28 00:00:00-04:00
66.62999725341797,2020-04-29 00:00:00-04:00
67.08000183105469,2020-04-30 00:00:00-04:00
66.8499984741211,2020-05-01 00:00:00-04:00
69.08000183105469,2020-05-04 00:00:00-04:00
71.2300033569336,2020-05-05 00:00:00-04:00
72.54000091552734,2020-05-06 00:00:00-04:00
74.87999725341797,2020-05-07 00:00:00-04:00
74.0199966430664,2020-05-08 00:00:00-04:00
76.95999908447266,2020-05-11 00:00:00-04:00
76.44999694824219,2020-05-12 00:00:00-04:00
75.16000366210938,2020-05-13 00:00:00-04:00
75.62000274658203,2020-05-14 00:00:00-04:00
76.38999938964844,2020-05-15 00:00:00-04:00
73.80999755859375,2020-05-18 00:00:00-04:00
75.23999786376953,2020-05-19 00:00:00-04:00
77.05999755859375,2020-05-20 00:00:00-04:00
75.62999725341797,2020-05-21 00:00:00-04:00
76.94000244140625,2020-05-22 00:00:00-04:00
76.5199966430664,2020-05-26 00:00:00-04:00
74.52999877929688,2020-05-27 00:00:00-04:00
75.80000305175781,2020-05-28 00:00:00-04:00
98.08999633789062,2020-05-29 00:00:00-04:00
109.9800033569336,2020-06-01 00:00:00-04:00
106.16999816894531,2020-06-02 00:00:00-04:00
107.41000366210938,2020-06-03 00:00:00-04:00
103.05000305175781,2020-06-04 00:00:00-04:00
99.30999755859375,2020-06-05 00:00:00-04:00
102.73999786376953,2020-06-08 00:00:00-04:00
103.58999633789062,2020-06-09 00:00:00-04:00
105.72000122070312,2020-06-10 00:00:00-04:00
102.68000030517578,2020-06-11 00:00:00-04:00
102.47000122070312,2020-06-12 00:00:00-04:00
104.5199966430664,2020-06-15 00:00:00-04:00
102.80999755859375,2020-06-16 00:00:00-04:00
106.18000030517578,2020-06-17 00:00:00-04:00
113.05000305175781,2020-06-18 00:00:00-04:00
108.56999969482422,2020-06-19 00:00:00-04:00
109.66999816894531,2020-06-22 00:00:00-04:00
110.30999755859375,2020-06-23 00:00:00-04:00
108.26000213623047,2020-06-24 00:00:00-04:00
111.61000061035156,2020-06-25 00:00:00-04:00
106.0,2020-06-26 00:00:00-04:00
105.38999938964844,2020-06-29 00:00:00-04:00
109.5,2020-06-30 00:00:00-04:00
111.51000213623047,2020-07-01 00:00:00-04:00
110.20999908447266,2020-07-02 00:00:00-04:00
114.77999877929688,2020-07-06 00:00:00-04:00
113.83999633789062,2020-07-07 00:00:00-04:00
120.8499984741211,2020-07-08 00:00:00-04:00
127.41000366210938,2020-07-09 00:00:00-04:00
125.48999786376953,2020-07-10 00:00:00-04:00
119.91000366210938,2020-07-13 00:00:00-04:00
122.43000030517578,2020-07-14 00:00:00-04:00
119.83999633789062,2020-07-15 00:00:00-04:00
117.1500015258789,2020-07-16 00:00:00-04:00
120.30999755859375,2020-07-17 00:00:00-04:00
127.5999984741211,2020-07-20 00:00:00-04:00
125.47000122070312,2020-07-21 00:00:00-04:00
125.11000061035156,2020-07-22 00:00:00-04:00
123.45999908447266,2020-07-23 00:00:00-04:00
121.72000122070312,2020-07-24 00:00:00-04:00
124.87000274658203,2020-07-27 00:00:00-04:00
124.37999725341797,2020-07-28 00:00:00-04:00
126.97000122070312,2020-07-29 00:00:00-04:00
129.2899932861328,2020-07-30 00:00:00-04:00
129.85000610351562,2020-07-31 00:00:00-04:00
132.5800018310547,2020-08-03 00:00:00-04:00
132.49000549316406,2020-08-04 00:00:00-04:00
134.52999877929688,2020-08-05 00:00:00-04:00
132.27999877929688,2020-08-06 00:00:00-04:00
125.8499984741211,2020-08-07 00:00:00-04:00
122.38999938964844,2020-08-10 00:00:00-04:00
117.51000213623047,2020-08-11 00:00:00-04:00
119.33999633789062,2020-08-12 00:00:00-04:00
122.06999969482422,2020-08-13 00:00:00-04:00
122.88999938964844,2020-08-14 00:00:00-04:00
124.48999786376953,2020-08-17 00:00:00-04:00
127.97000122070312,2020-08-18 00:00:00-04:00
128.25999450683594,2020-08-19 00:00:00-04:00
136.4199981689453,2020-08-20 00:00:00-04:00
135.22000122070312,2020-08-21 00:00:00-04:00
135.74000549316406,2020-08-24 00:00:00-04:00
135.6300048828125,2020-08-25 00:00:00-04:00
140.0,2020-08-26 00:00:00-04:00
138.75999450683594,2020-08-27 00:00:00-04:00
141.1300048828125,2020-08-28 00:00:00-04:00
143.33999633789062,2020-08-31 00:00:00-04:00
159.36000061035156,2020-09-01 00:00:00-04:00
158.52000427246094,2020-09-02 00:00:00-04:00
143.4499969482422,2020-09-03 00:00:00-04:00
134.33999633789062,2020-09-04 00:00:00-04:00
133.1699981689453,2020-09-08 00:00:00-04:00
134.19000244140625,2020-09-09 00:00:00-04:00
132.61000061035156,2020-09-10 00:00:00-04:00
128.5,2020-09-11 00:00:00-04:00
130.10000610351562,2020-09-14 00:00:00-04:00
132.63999938964844,2020-09-15 00:00:00-04:00
131.05999755859375,2020-09-16 00:00:00-04:00
127.20999908447266,2020-09-17 00:00:00-04:00
129.10000610351562,2020-09-18 00:00:00-04:00
134.92999267578125,2020-09-21 00:00:00-04:00
137.99000549316406,2020-09-22 00:00:00-04:00
135.61000061035156,2020-09-23 00:00:00-04:00
134.55999755859375,2020-09-24 00:00:00-04:00
138.27000427246094,2020-09-25 00:00:00-04:00
138.4199981689453,2020-09-28 00:00:00-04:00
140.49000549316406,2020-09-29 00:00:00-04:00
140.69000244140625,2020-09-30 00:00:00-04:00
144.2949981689453,2020-10-01 00:00:00-04:00
142.0500030517578,2020-10-02 00:00:00-04:00
145.30999755859375,2020-10-05 00:00:00-04:00
145.50999450683594,2020-10-06 00:00:00-04:00
147.67999267578125,2020-10-07 00:00:00-04:00
147.66000366210938,2020-10-08 00:00:00-04:00
151.9600067138672,2020-10-09 00:00:00-04:00
151.14999389648438,2020-10-12 00:00:00-04:00
154.4199981689453,2020-10-13 00:00:00-04:00
155.08999633789062,2020-10-14 00:00:00-04:00
154.97000122070312,2020-10-15 00:00:00-04:00
154.85000610351562,2020-10-16 00:00:00-04:00
153.1699981689453,2020-10-19 00:00:00-04:00
150.8000030517578,2020-10-20 00:00:00-04:00
146.85000610351562,2020-10-21 00:00:00-04:00
146.5800018310547,2020-10-22 00:00:00-04:00
147.0500030517578,2020-10-23 00:00:00-04:00
149.0,2020-10-26 00:00:00-04:00
148.63999938964844,2020-10-27 00:00:00-04:00
144.05999755859375,2020-10-28 00:00:00-04:00
142.55999755859375,2020-10-29 00:00:00-04:00
135.75,2020-10-30 00:00:00-04:00
134.42999267578125,2020-11-02 00:00:00-05:00
134.64999389648438,2020-11-03 00:00:00-05:00
145.35000610351562,2020-11-04 00:00:00-05:00
150.07000732421875,2020-11-05 00:00:00-05:00
150.05999755859375,2020-11-06 00:00:00-05:00
128.77000427246094,2020-11-09 00:00:00-05:00
127.76000213623047,2020-11-10 00:00:00-05:00
135.49000549316406,2020-11-11 00:00:00-05:00
140.05999755859375,2020-11-12 00:00:00-05:00
131.9199981689453,2020-11-13 00:00:00-05:00
133.52000427246094,2020-11-16 00:00:00-05:00
136.63999938964844,2020-11-17 00:00:00-05:00
135.3800048828125,2020-11-18 00:00:00-05:00
138.5399932861328,2020-11-19 00:00:00-05:00
143.00999450683594,2020-11-20 00:00:00-05:00
143.0399932861328,2020-11-23 00:00:00-05:00
141.19000244140625,2020-11-24 00:00:00-05:00
146.94000244140625,2020-11-25 00:00:00-05:00
149.74000549316406,2020-11-27 00:00:00-05:00
155.75,2020-11-30 00:00:00-05:00
151.67999267578125,2020-12-01 00:00:00-05:00
146.7899932861328,2020-12-02 00:00:00-05:00
185.61000061035156,2020-12-03 00:00:00-05:00
180.75,2020-12-04 00:00:00-05:00
178.11000061035156,2020-12-07 00:00:00-05:00
184.60000610351562,2020-12-08 00:00:00-05:00
176.6999969482422,2020-12-09 00:00:00-05:00
179.75,2020-12-10 00:00:00-05:00
181.91000366210938,2020-12-11 00:00:00-05:00
183.4499969482422,2020-12-14 00:00:00-05:00
181.24000549316406,2020-12-15 00:00:00-05:00
184.02999877929688,2020-12-16 00:00:00-05:00
187.75999450683594,2020-12-17 00:00:00-05:00
195.8800048828125,2020-12-18 00:00:00-05:00
199.6199951171875,2020-12-21 00:00:00-05:00
206.77999877929688,2020-12-22 00:00:00-05:00
207.47000122070312,2020-12-23 00:00:00-05:00
205.27000427246094,2020-12-24 00:00:00-05:00
199.3699951171875,2020-12-28 00:00:00-05:00
197.83999633789062,2020-12-29 00:00:00-05:00
201.30999755859375,2020-12-30 00:00:00-05:00
199.7100067138672,2020-12-31 00:00:00-05:00
196.08999633789062,2021-01-04 00:00:00-05:00
193.47999572753906,2021-01-05 00:00:00-05:00
184.4199981689453,2021-01-06 00:00:00-05:00
193.0500030517578,2021-01-07 00:00:00-05:00
197.3699951171875,2021-01-08 00:00:00-05:00
198.6999969482422,2021-01-11 00:00:00-05:00
205.89999389648438,2021-01-12 00:00:00-05:00
207.0800018310547,2021-01-13 00:00:00-05:00
209.8699951171875,2021-01-14 00:00:00-05:00
211.05999755859375,2021-01-15 00:00:00-05:00
212.0,2021-01-19 00:00:00-05:00
214.75999450683594,2021-01-20 00:00:00-05:00
213.6300048828125,2021-01-21 00:00:00-05:00
217.36000061035156,2021-01-22 00:00:00-05:00
207.66000366210938,2021-01-25 00:00:00-05:00
197.0,2021-01-26 00:00:00-05:00
199.22000122070312,2021-01-27 00:00:00-05:00
206.27999877929688,2021-01-28 00:00:00-05:00
199.6999969482422,2021-01-29 00:00:00-05:00
204.47000122070312,2021-02-01 00:00:00-05:00
216.7100067138672,2021-02-02 00:00:00-05:00
209.55999755859375,2021-02-03 00:00:00-05:00
213.75,2021-02-04 00:00:00-05:00
216.77999877929688,2021-02-05 00:00:00-05:00
215.8699951171875,2021-02-08 00:00:00-05:00
220.0,2021-02-09 00:00:00-05:00
223.08999633789062,2021-02-10 00:00:00-05:00
222.88999938964844,2021-02-11 00:00:00-05:00
226.47999572753906,2021-02-12 00:00:00-05:00
223.6300048828125,2021-02-16 00:00:00-05:00
224.8300018310547,2021-02-17 00:00:00-05:00
223.3800048828125,2021-02-18 00:00:00-05:00
226.02999877929688,2021-02-19 00:00:00-05:00
213.4499969482422,2021-02-22 00:00:00-05:00
206.50999450683594,2021-02-23 00:00:00-05:00
207.80999755859375,2021-02-24 00:00:00-05:00
195.7899932861328,2021-02-25 00:00:00-05:00
205.02999877929688,2021-02-26 00:00:00-05:00
210.16000366210938,2021-03-01 00:00:00-05:00
202.61000061035156,2021-03-02 00:00:00-05:00
187.8300018310547,2021-03-03 00:00:00-05:00
180.89999389648438,2021-03-04 00:00:00-05:00
175.3699951171875,2021-03-05 00:00:00-05:00
167.83999633789062,2021-03-08 00:00:00-05:00
181.42999267578125,2021-03-09 00:00:00-05:00
180.07000732421875,2021-03-10 00:00:00-05:00
188.8699951171875,2021-03-11 00:00:00-05:00
184.61000061035156,2021-03-12 00:00:00-05:00
184.27000427246094,2021-03-15 00:00:00-04:00
182.17999267578125,2021-03-16 00:00:00-04:00
185.3300018310547,2021-03-17 00:00:00-04:00
178.2100067138672,2021-03-18 00:00:00-04:00
181.55999755859375,2021-03-19 00:00:00-04:00
182.61000061035156,2021-03-22 00:00:00-04:00
183.0,2021-03-23 00:00:00-04:00
175.10000610351562,2021-03-24 00:00:00-04:00
172.85000610351562,2021-03-25 00:00:00-04:00
169.77999877929688,2021-03-26 00:00:00-04:00
165.75,2021-03-29 00:00:00-04:00
165.7899932861328,2021-03-30 00:00:00-04:00
171.6699981689453,2021-03-31 00:00:00-04:00
175.77000427246094,2021-04-01 00:00:00-04:00
175.19000244140625,2021-04-05 00:00:00-04:00
182.1199951171875,2021-04-06 00:00:00-04:00
180.02000427246094,2021-04-07 00:00:00-04:00
185.19000244140625,2021-04-08 00:00:00-04:00
185.0399932861328,2021-04-09 00:00:00-04:00
188.3800048828125,2021-04-12 00:00:00-04:00
196.64999389648438,2021-04-13 00:00:00-04:00
192.38999938964844,2021-04-14 00:00:00-04:00
195.9199981689453,2021-04-15 00:00:00-04:00
192.49000549316406,2021-04-16 00:00:00-04:00
190.94000244140625,2021-04-19 00:00:00-04:00
186.0800018310547,2021-04-20 00:00:00-04:00
186.1199951171875,2021-04-21 00:00:00-04:00
190.02999877929688,2021-04-22 00:00:00-04:00
190.25999450683594,2021-04-23 00:00:00-04:00
196.69000244140625,2021-04-26 00:00:00-04:00
195.92999267578125,2021-04-27 00:00:00-04:00
195.4199981689453,2021-04-28 00:00:00-04:00
187.27999877929688,2021-04-29 00:00:00-04:00
187.63999938964844,2021-04-30 00:00:00-04:00
180.58999633789062,2021-05-03 00:00:00-04:00
175.47999572753906,2021-05-04 00:00:00-04:00
172.3000030517578,2021-05-05 00:00:00-04:00
167.35000610351562,2021-05-06 00:00:00-04:00
169.32000732421875,2021-05-07 00:00:00-04:00
165.77000427246094,2021-05-10 00:00:00-04:00
170.69000244140625,2021-05-11 00:00:00-04:00
164.0800018310547,2021-05-12 00:00:00-04:00
160.9199981689453,2021-05-13 00:00:00-04:00
165.33999633789062,2021-05-14 00:00:00-04:00
163.27999877929688,2021-05-17 00:00:00-04:00
166.5,2021-05-18 00:00:00-04:00
164.80999755859375,2021-05-19 00:00:00-04:00
170.72999572753906,2021-05-20 00:00:00-04:00
170.0800018310547,2021-05-21 00:00:00-04:00
174.39999389648438,2021-05-24 00:00:00-04:00
172.74000549316406,2021-05-25 00:00:00-04:00
194.1999969482422,2021-05-26 00:00:00-04:00
194.25999450683594,2021-05-27 00:00:00-04:00
194.1999969482422,2021-05-28 00:00:00-04:00
191.77000427246094,2021-06-01 00:00:00-04:00
191.33999633789062,2021-06-02 00:00:00-04:00
184.25,2021-06-03 00:00:00-04:00
185.8000030517578,2021-06-04 00:00:00-04:00
192.72999572753906,2021-06-07 00:00:00-04:00
194.64999389648438,2021-06-08 00:00:00-04:00
195.99000549316406,2021-06-09 00:00:00-04:00
204.91000366210938,2021-06-10 00:00:00-04:00
207.7899932861328,2021-06-11 00:00:00-04:00
211.42999267578125,2021-06-14 00:00:00-04:00
207.38999938964844,2021-06-15 00:00:00-04:00
212.27000427246094,2021-06-16 00:00:00-04:00
215.13999938964844,2021-06-17 00:00:00-04:00
218.60000610351562,2021-06-18 00:00:00-04:00
216.41000366210938,2021-06-21 00:00:00-04:00
219.61000061035156,2021-06-22 00:00:00-04:00
218.86000061035156,2021-06-23 00:00:00-04:00
219.63999938964844,2021-06-24 00:00:00-04:00
218.83999633789062,2021-06-25 00:00:00-04:00
221.27000427246094,2021-06-28 00:00:00-04:00
221.44000244140625,2021-06-29 00:00:00-04:00
216.05999755859375,2021-06-30 00:00:00-04:00
213.72000122070312,2021-07-01 00:00:00-04:00
214.77999877929688,2021-07-02 00:00:00-04:00
225.0,2021-07-06 00:00:00-04:00
227.89999389648438,2021-07-07 00:00:00-04:00
227.1699981689453,2021-07-08 00:00:00-04:00
227.7899932861328,2021-07-09 00:00:00-04:00
227.97000122070312,2021-07-12 00:00:00-04:00
227.17999267578125,2021-07-13 00:00:00-04:00
224.50999450683594,2021-07-14 00:00:00-04:00
219.30999755859375,2021-07-15 00:00:00-04:00
221.16000366210938,2021-07-16 00:00:00-04:00
223.00999450683594,2021-07-19 00:00:00-04:00
229.11000061035156,2021-07-20 00:00:00-04:00
231.05999755859375,2021-07-21 00:00:00-04:00
235.58999633789062,2021-07-22 00:00:00-04:00
238.72000122070312,2021-07-23 00:00:00-04:00
234.52000427246094,2021-07-26 00:00:00-04:00
233.02999877929688,2021-07-27 00:00:00-04:00
236.83999633789062,2021-07-28 00:00:00-04:00
237.02999877929688,2021-07-29 00:00:00-04:00
235.91000366210938,2021-07-30 00:00:00-04:00
239.0399932861328,2021-08-02 00:00:00-04:00
243.07000732421875,2021-08-03 00:00:00-04:00
247.92999267578125,2021-08-04 00:00:00-04:00
247.6699981689453,2021-08-05 00:00:00-04:00
242.0500030517578,2021-08-06 00:00:00-04:00
245.0399932861328,2021-08-09 00:00:00-04:00
240.5,2021-08-10 00:00:00-04:00
237.6699981689453,2021-08-11 00:00:00-04:00
242.94000244140625,2021-08-12 00:00:00-04:00
245.14999389648438,2021-08-13 00:00:00-04:00
243.42999267578125,2021-08-16 00:00:00-04:00
241.47000122070312,2021-08-17 00:00:00-04:00
242.5399932861328,2021-08-18 00:00:00-04:00
244.8800048828125,2021-08-19 00:00:00-04:00
246.39999389648438,2021-08-20 00:00:00-04:00
250.80999755859375,2021-08-23 00:00:00-04:00
257.9700012207031,2021-08-24 00:00:00-04:00
263.0299987792969,2021-08-25 00:00:00-04:00
266.9700012207031,2021-08-26 00:00:00-04:00
273.7300109863281,2021-08-27 00:00:00-04:00
278.1700134277344,2021-08-30 00:00:00-04:00
278.3399963378906,2021-08-31 00:00:00-04:00
276.7099914550781,2021-09-01 00:00:00-04:00
282.20001220703125,2021-09-02 00:00:00-04:00
287.3999938964844,2021-09-03 00:00:00-04:00
282.9049987792969,2021-09-07 00:00:00-04:00
280.6600036621094,2021-09-08 00:00:00-04:00
280.2200012207031,2021-09-09 00:00:00-04:00
270.6400146484375,2021-09-10 00:00:00-04:00
267.8399963378906,2021-09-13 00:00:00-04:00
275.79998779296875,2021-09-14 00:00:00-04:00
273.44000244140625,2021-09-15 00:00:00-04:00
274.3900146484375,2021-09-16 00:00:00-04:00
275.6600036621094,2021-09-17 00:00:00-04:00
269.9800109863281,2021-09-20 00:00:00-04:00
272.3299865722656,2021-09-21 00:00:00-04:00
277.70001220703125,2021-09-22 00:00:00-04:00
280.0199890136719,2021-09-23 00:00:00-04:00
279.989990234375,2021-09-24 00:00:00-04:00
272.7300109863281,2021-09-27 00:00:00-04:00
258.739990234375,2021-09-28 00:00:00-04:00
258.8800048828125,2021-09-29 00:00:00-04:00
262.2200012207031,2021-09-30 00:00:00-04:00
263.1600036621094,2021-10-01 00:00:00-04:00
251.86000061035156,2021-10-04 00:00:00-04:00
258.5,2021-10-05 00:00:00-04:00
264.25,2021-10-06 00:00:00-04:00
269.8800048828125,2021-10-07 00:00:00-04:00
266.6600036621094,2021-10-08 00:00:00-04:00
267.70001220703125,2021-10-11 00:00:00-04:00
277.7200012207031,2021-10-12 00:00:00-04:00
286.6400146484375,2021-10-13 00:00:00-04:00
293.8900146484375,2021-10-14 00:00:00-04:00
292.70001220703125,2021-10-15 00:00:00-04:00
301.30999755859375,2021-10-18 00:00:00-04:00
298.0299987792969,2021-10-19 00:00:00-04:00
297.6700134277344,2021-10-20 00:00:00-04:00
305.69000244140625,2021-10-21 00:00:00-04:00
307.8699951171875,2021-10-22 00:00:00-04:00
311.20001220703125,2021-10-25 00:00:00-04:00
315.32000732421875,2021-10-26 00:00:00-04:00
310.1000061035156,2021-10-27 00:00:00-04:00
316.3399963378906,2021-10-28 00:00:00-04:00
318.8599853515625,2021-10-29 00:00:00-04:00
318.67999267578125,2021-11-01 00:00:00-04:00
325.8699951171875,2021-11-02 00:00:00-04:00
327.5,2021-11-03 00:00:00-04:00
331.8999938964844,2021-11-04 00:00:00-04:00
338.489990234375,2021-11-05 00:00:00-04:00
350.1700134277344,2021-11-08 00:00:00-05:00
352.6099853515625,2021-11-09 00:00:00-05:00
337.1099853515625,2021-11-10 00:00:00-05:00
343.6199951171875,2021-11-11 00:00:00-05:00
349.07000732421875,2021-11-12 00:00:00-05:00
345.79998779296875,2021-11-15 00:00:00-05:00
353.75,2021-11-16 00:00:00-05:00
356.0,2021-11-17 00:00:00-05:00
365.6499938964844,2021-11-18 00:00:00-05:00
368.7799987792969,2021-11-19 00:00:00-05:00
343.8599853515625,2021-11-22 00:00:00-05:00
336.1099853515625,2021-11-23 00:00:00-05:00
342.4700012207031,2021-11-24 00:00:00-05:00
336.8999938964844,2021-11-26 00:00:00-05:00
355.9200134277344,2021-11-29 00:00:00-05:00
346.9700012207031,2021-11-30 00:00:00-05:00
318.2099914550781,2021-12-01 00:00:00-05:00
331.9700012207031,2021-12-02 00:00:00-05:00
313.3500061035156,2021-12-03 00:00:00-05:00
274.3599853515625,2021-12-06 00:00:00-05:00
297.760009765625,2021-12-07 00:00:00-05:00
311.80999755859375,2021-12-08 00:00:00-05:00
303.0400085449219,2021-12-09 00:00:00-05:00
305.75,2021-12-10 00:00:00-05:00
308.5400085449219,2021-12-13 00:00:00-05:00
284.3399963378906,2021-12-14 00:00:00-05:00
307.239990234375,2021-12-15 00:00:00-05:00
295.25,2021-12-16 00:00:00-05:00
304.8699951171875,2021-12-17 00:00:00-05:00
305.94000244140625,2021-12-20 00:00:00-05:00
319.4200134277344,2021-12-21 00:00:00-05:00
322.010009765625,2021-12-22 00:00:00-05:00
323.0,2021-12-23 00:00:00-05:00
329.8900146484375,2021-12-27 00:00:00-05:00
324.6600036621094,2021-12-28 00:00:00-05:00
323.17999267578125,2021-12-29 00:00:00-05:00
324.5899963378906,2021-12-30 00:00:00-05:00
321.3299865722656,2021-12-31 00:00:00-05:00
301.8299865722656,2022-01-03 00:00:00-05:00
281.5799865722656,2022-01-04 00:00:00-05:00
262.3299865722656,2022-01-05 00:00:00-05:00
260.2099914550781,2022-01-06 00:00:00-05:00
261.5299987792969,2022-01-07 00:00:00-05:00
275.6499938964844,2022-01-10 00:00:00-05:00
277.5299987792969,2022-01-11 00:00:00-05:00
273.9800109863281,2022-01-12 00:00:00-05:00
250.47000122070312,2022-01-13 00:00:00-05:00
254.74000549316406,2022-01-14 00:00:00-05:00
259.20001220703125,2022-01-18 00:00:00-05:00
253.11000061035156,2022-01-19 00:00:00-05:00
250.6699981689453,2022-01-20 00:00:00-05:00
241.94000244140625,2022-01-21 00:00:00-05:00
243.1999969482422,2022-01-24 00:00:00-05:00
228.8800048828125,2022-01-25 00:00:00-05:00
226.85000610351562,2022-01-26 00:00:00-05:00
223.0800018310547,2022-01-27 00:00:00-05:00
238.6999969482422,2022-01-28 00:00:00-05:00
257.1099853515625,2022-01-31 00:00:00-05:00
261.0899963378906,2022-02-01 00:00:00-05:00
257.5,2022-02-02 00:00:00-05:00
245.02000427246094,2022-02-03 00:00:00-05:00
258.9800109863281,2022-02-04 00:00:00-05:00
262.9200134277344,2022-02-07 00:00:00-05:00
270.7099914550781,2022-02-08 00:00:00-05:00
280.8500061035156,2022-02-09 00:00:00-05:00
284.1000061035156,2022-02-10 00:00:00-05:00
273.0,2022-02-11 00:00:00-05:00
274.42999267578125,2022-02-14 00:00:00-05:00
285.82000732421875,2022-02-15 00:00:00-05:00
280.8699951171875,2022-02-16 00:00:00-05:00
261.94000244140625,2022-02-17 00:00:00-05:00
255.22000122070312,2022-02-18 00:00:00-05:00
254.80999755859375,2022-02-22 00:00:00-05:00
239.39999389648438,2022-02-23 00:00:00-05:00
263.3800048828125,2022-02-24 00:00:00-05:00
221.85000610351562,2022-02-25 00:00:00-05:00
239.14999389648438,2022-02-28 00:00:00-05:00
247.8300018310547,2022-03-01 00:00:00-05:00
254.41000366210938,2022-03-02 00:00:00-05:00
242.02999877929688,2022-03-03 00:00:00-05:00
225.5,2022-03-04 00:00:00-05:00
204.3699951171875,2022-03-07 00:00:00-05:00
198.6300048828125,2022-03-08 00:00:00-05:00
212.35000610351562,2022-03-09 00:00:00-05:00
208.41000366210938,2022-03-10 00:00:00-05:00
201.13999938964844,2022-03-11 00:00:00-05:00
189.52999877929688,2022-03-14 00:00:00-04:00
196.61000061035156,2022-03-15 00:00:00-04:00
207.02999877929688,2022-03-16 00:00:00-04:00
214.8300018310547,2022-03-17 00:00:00-04:00
222.7100067138672,2022-03-18 00:00:00-04:00
220.86000061035156,2022-03-21 00:00:00-04:00
232.38999938964844,2022-03-22 00:00:00-04:00
233.3800048828125,2022-03-23 00:00:00-04:00
235.7899932861328,2022-03-24 00:00:00-04:00
230.32000732421875,2022-03-25 00:00:00-04:00
237.92999267578125,2022-03-28 00:00:00-04:00
243.99000549316406,2022-03-29 00:00:00-04:00
239.89999389648438,2022-03-30 00:00:00-04:00
241.27999877929688,2022-03-31 00:00:00-04:00
246.2100067138672,2022-04-01 00:00:00-04:00
252.11000061035156,2022-04-04 00:00:00-04:00
238.61000061035156,2022-04-05 00:00:00-04:00
226.07000732421875,2022-04-06 00:00:00-04:00
231.9600067138672,2022-04-07 00:00:00-04:00
226.7899932861328,2022-04-08 00:00:00-04:00
224.32000732421875,2022-04-11 00:00:00-04:00
223.0,2022-04-12 00:00:00-04:00
241.22999572753906,2022-04-13 00:00:00-04:00
230.83999633789062,2022-04-14 00:00:00-04:00
223.57000732421875,2022-04-18 00:00:00-04:00
228.7899932861328,2022-04-19 00:00:00-04:00
221.7100067138672,2022-04-20 00:00:00-04:00
211.47000122070312,2022-04-21 00:00:00-04:00
206.47000122070312,2022-04-22 00:00:00-04:00
216.7899932861328,2022-04-25 00:00:00-04:00
207.30999755859375,2022-04-26 00:00:00-04:00
204.75999450683594,2022-04-27 00:00:00-04:00
213.58999633789062,2022-04-28 00:00:00-04:00
202.74000549316406,2022-04-29 00:00:00-04:00
208.22999572753906,2022-05-02 00:00:00-04:00
204.6999969482422,2022-05-03 00:00:00-04:00
208.92999267578125,2022-05-04 00:00:00-04:00
190.41000366210938,2022-05-05 00:00:00-04:00
172.94000244140625,2022-05-06 00:00:00-04:00
153.08999633789062,2022-05-09 00:00:00-04:00
150.2899932861328,2022-05-10 00:00:00-04:00
136.57000732421875,2022-05-11 00:00:00-04:00
137.6300048828125,2022-05-12 00:00:00-04:00
153.22999572753906,2022-05-13 00:00:00-04:00
140.0800018310547,2022-05-16 00:00:00-04:00
141.77999877929688,2022-05-17 00:00:00-04:00
128.08999633789062,2022-05-18 00:00:00-04:00
132.3000030517578,2022-05-19 00:00:00-04:00
136.88999938964844,2022-05-20 00:00:00-04:00
138.1699981689453,2022-05-23 00:00:00-04:00
127.80999755859375,2022-05-24 00:00:00-04:00
132.5800018310547,2022-05-25 00:00:00-04:00
142.1300048828125,2022-05-26 00:00:00-04:00
160.0,2022-05-27 00:00:00-04:00
153.08999633789062,2022-05-31 00:00:00-04:00
148.94000244140625,2022-06-01 00:00:00-04:00
160.83999633789062,2022-06-02 00:00:00-04:00
156.92999267578125,2022-06-03 00:00:00-04:00
158.57000732421875,2022-06-06 00:00:00-04:00
162.80999755859375,2022-06-07 00:00:00-04:00
165.57000732421875,2022-06-08 00:00:00-04:00
160.4199981689453,2022-06-09 00:00:00-04:00
153.61000061035156,2022-06-10 00:00:00-04:00
140.97999572753906,2022-06-13 00:00:00-04:00
142.11000061035156,2022-06-14 00:00:00-04:00
148.25,2022-06-15 00:00:00-04:00
136.02999877929688,2022-06-16 00:00:00-04:00
144.22000122070312,2022-06-17 00:00:00-04:00
150.25,2022-06-21 00:00:00-04:00
149.11000061035156,2022-06-22 00:00:00-04:00
162.75999450683594,2022-06-23 00:00:00-04:00
170.82000732421875,2022-06-24 00:00:00-04:00
164.22999572753906,2022-06-27 00:00:00-04:00
154.9199981689453,2022-06-28 00:00:00-04:00
154.9499969482422,2022-06-29 00:00:00-04:00
149.50999450683594,2022-06-30 00:00:00-04:00
155.3699951171875,2022-07-01 00:00:00-04:00
166.30999755859375,2022-07-05 00:00:00-04:00
163.75,2022-07-06 00:00:00-04:00
167.42999267578125,2022-07-07 00:00:00-04:00
166.88999938964844,2022-07-08 00:00:00-04:00
162.4199981689453,2022-07-11 00:00:00-04:00
150.9199981689453,2022-07-12 00:00:00-04:00
148.9499969482422,2022-07-13 00:00:00-04:00
146.05999755859375,2022-07-14 00:00:00-04:00
149.32000732421875,2022-07-15 00:00:00-04:00
150.82000732421875,2022-07-18 00:00:00-04:00
155.83999633789062,2022-07-19 00:00:00-04:00
162.9499969482422,2022-07-20 00:00:00-04:00
164.63999938964844,2022-07-21 00:00:00-04:00
159.92999267578125,2022-07-22 00:00:00-04:00
156.08999633789062,2022-07-25 00:00:00-04:00
141.9499969482422,2022-07-26 00:00:00-04:00
148.7100067138672,2022-07-27 00:00:00-04:00
153.05999755859375,2022-07-28 00:00:00-04:00
155.05999755859375,2022-07-29 00:00:00-04:00
153.5,2022-08-01 00:00:00-04:00
157.77999877929688,2022-08-02 00:00:00-04:00
165.2899932861328,2022-08-03 00:00:00-04:00
161.99000549316406,2022-08-04 00:00:00-04:00
163.4199981689453,2022-08-05 00:00:00-04:00
168.14999389648438,2022-08-08 00:00:00-04:00
163.41000366210938,2022-08-09 00:00:00-04:00
180.41000366210938,2022-08-10 00:00:00-04:00
178.7100067138672,2022-08-11 00:00:00-04:00
182.63999938964844,2022-08-12 00:00:00-04:00
181.7100067138672,2022-08-15 00:00:00-04:00
178.60000610351562,2022-08-16 00:00:00-04:00
174.35000610351562,2022-08-17 00:00:00-04:00
175.30999755859375,2022-08-18 00:00:00-04:00
166.22000122070312,2022-08-19 00:00:00-04:00
163.0,2022-08-22 00:00:00-04:00
165.35000610351562,2022-08-23 00:00:00-04:00
165.64999389648438,2022-08-24 00:00:00-04:00
167.72000122070312,2022-08-25 00:00:00-04:00
161.19000244140625,2022-08-26 00:00:00-04:00
158.52999877929688,2022-08-29 00:00:00-04:00
160.8800048828125,2022-08-30 00:00:00-04:00
159.24000549316406,2022-08-31 00:00:00-04:00
145.57000732421875,2022-09-01 00:00:00-04:00
145.1199951171875,2022-09-02 00:00:00-04:00
145.02999877929688,2022-09-06 00:00:00-04:00
147.7100067138672,2022-09-07 00:00:00-04:00
154.25,2022-09-08 00:00:00-04:00
188.0,2022-09-09 00:00:00-04:00
193.60000610351562,2022-09-12 00:00:00-04:00
181.22000122070312,2022-09-13 00:00:00-04:00
182.97999572753906,2022-09-14 00:00:00-04:00
175.99000549316406,2022-09-15 00:00:00-04:00
169.49000549316406,2022-09-16 00:00:00-04:00
174.57000732421875,2022-09-19 00:00:00-04:00
172.67999267578125,2022-09-20 00:00:00-04:00
171.8800048828125,2022-09-21 00:00:00-04:00
162.55999755859375,2022-09-22 00:00:00-04:00
158.69000244140625,2022-09-23 00:00:00-04:00
159.75999450683594,2022-09-26 00:00:00-04:00
163.2100067138672,2022-09-27 00:00:00-04:00
168.77999877929688,2022-09-28 00:00:00-04:00
165.88999938964844,2022-09-29 00:00:00-04:00
164.3699951171875,2022-09-30 00:00:00-04:00
170.50999450683594,2022-10-03 00:00:00-04:00
176.0,2022-10-04 00:00:00-04:00
180.14999389648438,2022-10-05 00:00:00-04:00
182.9199981689453,2022-10-06 00:00:00-04:00
170.08999633789062,2022-10-07 00:00:00-04:00
157.17999267578125,2022-10-10 00:00:00-04:00
148.72999572753906,2022-10-11 00:00:00-04:00
147.6300048828125,2022-10-12 00:00:00-04:00
145.1300048828125,2022-10-13 00:00:00-04:00
135.30999755859375,2022-10-14 00:00:00-04:00
145.27999877929688,2022-10-17 00:00:00-04:00
149.69000244140625,2022-10-18 00:00:00-04:00
148.77000427246094,2022-10-19 00:00:00-04:00
150.22999572753906,2022-10-20 00:00:00-04:00
150.47999572753906,2022-10-21 00:00:00-04:00
148.6699981689453,2022-10-24 00:00:00-04:00
157.08999633789062,2022-10-25 00:00:00-04:00
151.02999877929688,2022-10-26 00:00:00-04:00
153.77000427246094,2022-10-27 00:00:00-04:00
153.9600067138672,2022-10-28 00:00:00-04:00
154.10000610351562,2022-10-31 00:00:00-04:00
150.38999938964844,2022-11-01 00:00:00-04:00
138.08999633789062,2022-11-02 00:00:00-04:00
131.07000732421875,2022-11-03 00:00:00-04:00
121.0,2022-11-04 00:00:00-04:00
117.36000061035156,2022-11-07 00:00:00-05:00
119.93000030517578,2022-11-08 00:00:00-05:00
116.25,2022-11-09 00:00:00-05:00
133.1199951171875,2022-11-10 00:00:00-05:00
142.19000244140625,2022-11-11 00:00:00-05:00
136.85000610351562,2022-11-14 00:00:00-05:00
147.25999450683594,2022-11-15 00:00:00-05:00
140.35000610351562,2022-11-16 00:00:00-05:00
136.75,2022-11-17 00:00:00-05:00
138.72999572753906,2022-11-18 00:00:00-05:00
135.9199981689453,2022-11-21 00:00:00-05:00
136.75999450683594,2022-11-22 00:00:00-05:00
140.0800018310547,2022-11-23 00:00:00-05:00
138.75,2022-11-25 00:00:00-05:00
136.72000122070312,2022-11-28 00:00:00-05:00
134.85000610351562,2022-11-29 00:00:00-05:00
133.4499969482422,2022-11-30 00:00:00-05:00
144.5,2022-12-01 00:00:00-05:00
128.99000549316406,2022-12-02 00:00:00-05:00
120.79000091552734,2022-12-05 00:00:00-05:00
115.97000122070312,2022-12-06 00:00:00-05:00
114.23999786376953,2022-12-07 00:00:00-05:00
119.52999877929688,2022-12-08 00:00:00-05:00
117.20999908447266,2022-12-09 00:00:00-05:00
121.23999786376953,2022-12-12 00:00:00-05:00
123.76000213623047,2022-12-13 00:00:00-05:00
123.13999938964844,2022-12-14 00:00:00-05:00
117.16999816894531,2022-12-15 00:00:00-05:00
114.20999908447266,2022-12-16 00:00:00-05:00
112.2699966430664,2022-12-19 00:00:00-05:00
113.54000091552734,2022-12-20 00:00:00-05:00
112.7699966430664,2022-12-21 00:00:00-05:00
109.36000061035156,2022-12-22 00:00:00-05:00
108.77999877929688,2022-12-23 00:00:00-05:00
107.56999969482422,2022-12-27 00:00:00-05:00
107.86000061035156,2022-12-28 00:00:00-05:00
111.87000274658203,2022-12-29 00:00:00-05:00
111.9000015258789,2022-12-30 00:00:00-05:00
110.19000244140625,2023-01-03 00:00:00-05:00
111.58999633789062,2023-01-04 00:00:00-05:00
104.38999938964844,2023-01-05 00:00:00-05:00
103.95999908447266,2023-01-06 00:00:00-05:00
104.75,2023-01-09 00:00:00-05:00
104.97000122070312,2023-01-10 00:00:00-05:00
108.05000305175781,2023-01-11 00:00:00-05:00
104.66000366210938,2023-01-12 00:00:00-05:00
107.30000305175781,2023-01-13 00:00:00-05:00
113.51000213623047,2023-01-17 00:00:00-05:00
113.02999877929688,2023-01-18 00:00:00-05:00
110.37000274658203,2023-01-19 00:00:00-05:00
117.12000274658203,2023-01-20 00:00:00-05:00
123.76000213623047,2023-01-23 00:00:00-05:00
122.6500015258789,2023-01-24 00:00:00-05:00
119.91000366210938,2023-01-25 00:00:00-05:00
125.19000244140625,2023-01-26 00:00:00-05:00
127.5199966430664,2023-01-27 00:00:00-05:00
122.5999984741211,2023-01-30 00:00:00-05:00
124.16000366210938,2023-01-31 00:00:00-05:00
131.52000427246094,2023-02-01 00:00:00-05:00
141.35000610351562,2023-02-02 00:00:00-05:00
134.99000549316406,2023-02-03 00:00:00-05:00
133.0500030517578,2023-02-06 00:00:00-05:00
138.05999755859375,2023-02-07 00:00:00-05:00
137.6300048828125,2023-02-08 00:00:00-05:00
139.05999755859375,2023-02-09 00:00:00-05:00
133.8699951171875,2023-02-10 00:00:00-05:00
133.8699951171875,2023-02-13 00:00:00-05:00
136.19000244140625,2023-02-14 00:00:00-05:00
142.77000427246094,2023-02-15 00:00:00-05:00
132.92999267578125,2023-02-16 00:00:00-05:00
132.35000610351562,2023-02-17 00:00:00-05:00
127.83999633789062,2023-02-21 00:00:00-05:00
132.16000366210938,2023-02-22 00:00:00-05:00
133.5,2023-02-23 00:00:00-05:00
130.8800048828125,2023-02-24 00:00:00-05:00
131.83999633789062,2023-02-27 00:00:00-05:00
131.14999389648438,2023-02-28 00:00:00-05:00
128.44000244140625,2023-03-01 00:00:00-05:00
134.1300048828125,2023-03-02 00:00:00-05:00
119.23999786376953,2023-03-03 00:00:00-05:00
119.80999755859375,2023-03-06 00:00:00-05:00
117.87999725341797,2023-03-07 00:00:00-05:00
114.94999694824219,2023-03-08 00:00:00-05:00
110.44999694824219,2023-03-09 00:00:00-05:00
105.44999694824219,2023-03-10 00:00:00-05:00
109.86000061035156,2023-03-13 00:00:00-04:00
107.97000122070312,2023-03-14 00:00:00-04:00
107.66999816894531,2023-03-15 00:00:00-04:00
108.12999725341797,2023-03-16 00:00:00-04:00
105.48999786376953,2023-03-17 00:00:00-04:00
105.45999908447266,2023-03-20 00:00:00-04:00
113.0199966430664,2023-03-21 00:00:00-04:00
108.86000061035156,2023-03-22 00:00:00-04:00
112.55999755859375,2023-03-23 00:00:00-04:00
111.93000030517578,2023-03-24 00:00:00-04:00
111.87000274658203,2023-03-27 00:00:00-04:00
110.25,2023-03-28 00:00:00-04:00
110.69999694824219,2023-03-29 00:00:00-04:00
112.22000122070312,2023-03-30 00:00:00-04:00
116.83000183105469,2023-03-31 00:00:00-04:00
112.9000015258789,2023-04-03 00:00:00-04:00
110.51000213623047,2023-04-04 00:00:00-04:00
101.30000305175781,2023-04-05 00:00:00-04:00
103.73999786376953,2023-04-06 00:00:00-04:00
104.94999694824219,2023-04-10 00:00:00-04:00
105.95999908447266,2023-04-11 00:00:00-04:00
105.87000274658203,2023-04-12 00:00:00-04:00
107.38999938964844,2023-04-13 00:00:00-04:00
105.44999694824219,2023-04-14 00:00:00-04:00
105.58999633789062,2023-04-17 00:00:00-04:00
103.55999755859375,2023-04-18 00:00:00-04:00
102.95999908447266,2023-04-19 00:00:00-04:00
100.48999786376953,2023-04-20 00:00:00-04:00
101.70999908447266,2023-04-21 00:00:00-04:00
100.66000366210938,2023-04-24 00:00:00-04:00
92.31999969482422,2023-04-25 00:00:00-04:00
93.06999969482422,2023-04-26 00:00:00-04:00
93.41999816894531,2023-04-27 00:00:00-04:00
90.0999984741211,2023-04-28 00:00:00-04:00
88.73999786376953,2023-05-01 00:00:00-04:00
87.0,2023-05-02 00:00:00-04:00
87.37000274658203,2023-05-03 00:00:00-04:00
87.73999786376953,2023-05-04 00:00:00-04:00
89.45999908447266,2023-05-05 00:00:00-04:00
107.91999816894531,2023-05-08 00:00:00-04:00
110.04499816894531,2023-05-09 00:00:00-04:00
116.79000091552734,2023-05-10 00:00:00-04:00
115.41999816894531,2023-05-11 00:00:00-04:00
114.33000183105469,2023-05-12 00:00:00-04:00
120.80999755859375,2023-05-15 00:00:00-04:00
118.3499984741211,2023-05-16 00:00:00-04:00
118.7699966430664,2023-05-17 00:00:00-04:00
123.95999908447266,2023-05-18 00:00:00-04:00
125.2699966430664,2023-05-19 00:00:00-04:00
128.86000061035156,2023-05-22 00:00:00-04:00
124.47000122070312,2023-05-23 00:00:00-04:00
126.52999877929688,2023-05-24 00:00:00-04:00
126.69000244140625,2023-05-25 00:00:00-04:00
130.6199951171875,2023-05-26 00:00:00-04:00
134.72000122070312,2023-05-30 00:00:00-04:00
135.47999572753906,2023-05-31 00:00:00-04:00
135.08999633789062,2023-06-01 00:00:00-04:00
142.38999938964844,2023-06-02 00:00:00-04:00
148.0500030517578,2023-06-05 00:00:00-04:00
152.99000549316406,2023-06-06 00:00:00-04:00
144.9199981689453,2023-06-07 00:00:00-04:00
148.82000732421875,2023-06-08 00:00:00-04:00
150.83999633789062,2023-06-09 00:00:00-04:00
155.97999572753906,2023-06-12 00:00:00-04:00
157.58999633789062,2023-06-13 00:00:00-04:00
157.5500030517578,2023-06-14 00:00:00-04:00
158.33999633789062,2023-06-15 00:00:00-04:00
154.00999450683594,2023-06-16 00:00:00-04:00
148.66000366210938,2023-06-20 00:00:00-04:00
144.85000610351562,2023-06-21 00:00:00-04:00
144.83999633789062,2023-06-22 00:00:00-04:00
142.6999969482422,2023-06-23 00:00:00-04:00
141.7100067138672,2023-06-26 00:00:00-04:00
144.66000366210938,2023-06-27 00:00:00-04:00
144.11000061035156,2023-06-28 00:00:00-04:00
144.83999633789062,2023-06-29 00:00:00-04:00
146.3000030517578,2023-06-30 00:00:00-04:00
146.58999633789062,2023-07-03 00:00:00-04:00
146.97000122070312,2023-07-05 00:00:00-04:00
141.74000549316406,2023-07-06 00:00:00-04:00
143.17999267578125,2023-07-07 00:00:00-04:00
154.27000427246094,2023-07-10 00:00:00-04:00
147.38999938964844,2023-07-11 00:00:00-04:00
137.67999267578125,2023-07-12 00:00:00-04:00
145.13999938964844,2023-07-13 00:00:00-04:00
145.42999267578125,2023-07-14 00:00:00-04:00
151.82000732421875,2023-07-17 00:00:00-04:00
154.80999755859375,2023-07-18 00:00:00-04:00
161.0399932861328,2023-07-19 00:00:00-04:00
147.89999389648438,2023-07-20 00:00:00-04:00
149.00999450683594,2023-07-21 00:00:00-04:00
148.3300018310547,2023-07-24 00:00:00-04:00
155.2100067138672,2023-07-25 00:00:00-04:00
156.6199951171875,2023-07-26 00:00:00-04:00
155.25,2023-07-27 00:00:00-04:00
157.49000549316406,2023-07-28 00:00:00-04:00
160.3800048828125,2023-07-31 00:00:00-04:00
162.8000030517578,2023-08-01 00:00:00-04:00
150.5399932861328,2023-08-02 00:00:00-04:00
150.77000427246094,2023-08-03 00:00:00-04:00
146.16000366210938,2023-08-04 00:00:00-04:00
145.33999633789062,2023-08-07 00:00:00-04:00
138.69000244140625,2023-08-08 00:00:00-04:00
140.3000030517578,2023-08-09 00:00:00-04:00
144.3000030517578,2023-08-10 00:00:00-04:00
142.9499969482422,2023-08-11 00:00:00-04:00
144.91000366210938,2023-08-14 00:00:00-04:00
142.7100067138672,2023-08-15 00:00:00-04:00
140.1300048828125,2023-08-16 00:00:00-04:00
135.64999389648438,2023-08-17 00:00:00-04:00
136.2100067138672,2023-08-18 00:00:00-04:00
142.77999877929688,2023-08-21 00:00:00-04:00
141.89999389648438,2023-08-22 00:00:00-04:00
145.47000122070312,2023-08-23 00:00:00-04:00
139.74000549316406,2023-08-24 00:00:00-04:00
142.75999450683594,2023-08-25 00:00:00-04:00
141.33999633789062,2023-08-28 00:00:00-04:00
144.38999938964844,2023-08-29 00:00:00-04:00
147.27999877929688,2023-08-30 00:00:00-04:00
156.0500030517578,2023-08-31 00:00:00-04:00
158.3800048828125,2023-09-01 00:00:00-04:00
162.74000549316406,2023-09-05 00:00:00-04:00
158.35000610351562,2023-09-06 00:00:00-04:00
161.02000427246094,2023-09-07 00:00:00-04:00
160.77000427246094,2023-09-08 00:00:00-04:00
165.0500030517578,2023-09-11 00:00:00-04:00
160.22000122070312,2023-09-12 00:00:00-04:00
158.39999389648438,2023-09-13 00:00:00-04:00
159.22999572753906,2023-09-14 00:00:00-04:00
156.10000610351562,2023-09-15 00:00:00-04:00
154.72000122070312,2023-09-18 00:00:00-04:00
155.0500030517578,2023-09-19 00:00:00-04:00
154.22999572753906,2023-09-20 00:00:00-04:00
148.7899932861328,2023-09-21 00:00:00-04:00
151.7100067138672,2023-09-22 00:00:00-04:00
148.97000122070312,2023-09-25 00:00:00-04:00
148.02999877929688,2023-09-26 00:00:00-04:00
148.8699951171875,2023-09-27 00:00:00-04:00
150.9199981689453,2023-09-28 00:00:00-04:00
155.58999633789062,2023-09-29 00:00:00-04:00
160.88999938964844,2023-10-02 00:00:00-04:00
151.4600067138672,2023-10-03 00:00:00-04:00
155.1199951171875,2023-10-04 00:00:00-04:00
153.3000030517578,2023-10-05 00:00:00-04:00
163.58999633789062,2023-10-06 00:00:00-04:00
168.86000061035156,2023-10-09 00:00:00-04:00
171.8800048828125,2023-10-10 00:00:00-04:00
173.0500030517578,2023-10-11 00:00:00-04:00
170.64999389648438,2023-10-12 00:00:00-04:00
168.52000427246094,2023-10-13 00:00:00-04:00
172.2100067138672,2023-10-16 00:00:00-04:00
172.2899932861328,2023-10-17 00:00:00-04:00
170.39999389648438,2023-10-18 00:00:00-04:00
169.07000732421875,2023-10-19 00:00:00-04:00
162.19000244140625,2023-10-20 00:00:00-04:00
162.47999572753906,2023-10-23 00:00:00-04:00
164.7899932861328,2023-10-24 00:00:00-04:00
157.61000061035156,2023-10-25 00:00:00-04:00
154.61000061035156,2023-10-26 00:00:00-04:00
154.3699951171875,2023-10-27 00:00:00-04:00
156.80999755859375,2023-10-30 00:00:00-04:00
158.69000244140625,2023-10-31 00:00:00-04:00
156.64999389648438,2023-11-01 00:00:00-04:00
159.19000244140625,2023-11-02 00:00:00-04:00
164.3699951171875,2023-11-03 00:00:00-04:00
163.47000122070312,2023-11-06 00:00:00-05:00
171.38999938964844,2023-11-07 00:00:00-05:00
173.9600067138672,2023-11-08 00:00:00-05:00
170.6999969482422,2023-11-09 00:00:00-05:00
175.0399932861328,2023-11-10 00:00:00-05:00
178.1699981689453,2023-11-13 00:00:00-05:00
187.08999633789062,2023-11-14 00:00:00-05:00
184.55999755859375,2023-11-15 00:00:00-05:00
186.17999267578125,2023-11-16 00:00:00-05:00
187.47000122070312,2023-11-17 00:00:00-05:00
191.9600067138672,2023-11-20 00:00:00-05:00
191.36000061035156,2023-11-21 00:00:00-05:00
190.63999938964844,2023-11-22 00:00:00-05:00
193.08999633789062,2023-11-24 00:00:00-05:00
191.91000366210938,2023-11-27 00:00:00-05:00
193.85000610351562,2023-11-28 00:00:00-05:00
199.83999633789062,2023-11-29 00:00:00-05:00
197.52999877929688,2023-11-30 00:00:00-05:00
198.02999877929688,2023-12-01 00:00:00-05:00
198.25999450683594,2023-12-04 00:00:00-05:00
198.91000366210938,2023-12-05 00:00:00-05:00
197.91000366210938,2023-12-06 00:00:00-05:00
200.0500030517578,2023-12-07 00:00:00-05:00
198.8000030517578,2023-12-08 00:00:00-05:00
205.47000122070312,2023-12-11 00:00:00-05:00
210.75999450683594,2023-12-12 00:00:00-05:00
215.4499969482422,2023-12-13 00:00:00-05:00
216.39999389648438,2023-12-14 00:00:00-05:00
221.66000366210938,2023-12-15 00:00:00-05:00
222.5500030517578,2023-12-18 00:00:00-05:00
224.0399932861328,2023-12-19 00:00:00-05:00
218.72999572753906,2023-12-20 00:00:00-05:00
221.3300018310547,2023-12-21 00:00:00-05:00
221.67999267578125,2023-12-22 00:00:00-05:00
224.58999633789062,2023-12-26 00:00:00-05:00
225.02000427246094,2023-12-27 00:00:00-05:00
224.44000244140625,2023-12-28 00:00:00-05:00
221.55999755859375,2023-12-29 00:00:00-05:00
212.3699951171875,2024-01-02 00:00:00-05:00
210.24000549316406,2024-01-03 00:00:00-05:00
210.3300018310547,2024-01-04 00:00:00-05:00
209.80999755859375,2024-01-05 00:00:00-05:00
218.10000610351562,2024-01-08 00:00:00-05:00
226.25999450683594,2024-01-09 00:00:00-05:00
225.39999389648438,2024-01-10 00:00:00-05:00
228.52000427246094,2024-01-11 00:00:00-05:00
230.77000427246094,2024-01-12 00:00:00-05:00
232.17999267578125,2024-01-16 00:00:00-05:00
225.3300018310547,2024-01-17 00:00:00-05:00
227.91000366210938,2024-01-18 00:00:00-05:00
231.2899932861328,2024-01-19 00:00:00-05:00
240.85000610351562,2024-01-22 00:00:00-05:00
242.58999633789062,2024-01-23 00:00:00-05:00
241.3800048828125,2024-01-24 00:00:00-05:00
238.3000030517578,2024-01-25 00:00:00-05:00
236.8300018310547,2024-01-26 00:00:00-05:00
245.0500030517578,2024-01-29 00:00:00-05:00
241.1199951171875,2024-01-30 00:00:00-05:00
235.6699981689453,2024-01-31 00:00:00-05:00
238.05999755859375,2024-02-01 00:00:00-05:00
244.0,2024-02-02 00:00:00-05:00
232.0500030517578,2024-02-05 00:00:00-05:00
234.72999572753906,2024-02-06 00:00:00-05:00
244.66000366210938,2024-02-07 00:00:00-05:00
249.41000366210938,2024-02-08 00:00:00-05:00
254.92999267578125,2024-02-09 00:00:00-05:00
253.86000061035156,2024-02-12 00:00:00-05:00
242.8000030517578,2024-02-13 00:00:00-05:00
253.27000427246094,2024-02-14 00:00:00-05:00
253.16000366210938,2024-02-15 00:00:00-05:00
252.75,2024-02-16 00:00:00-05:00
249.0399932861328,2024-02-20 00:00:00-05:00
213.9199981689453,2024-02-21 00:00:00-05:00
226.14999389648438,2024-02-22 00:00:00-05:00
235.22999572753906,2024-02-23 00:00:00-05:00
241.6999969482422,2024-02-26 00:00:00-05:00
242.49000549316406,2024-02-27 00:00:00-05:00
237.2899932861328,2024-02-28 00:00:00-05:00
241.97000122070312,2024-02-29 00:00:00-05:00
219.22999572753906,2024-03-01 00:00:00-05:00
214.22000122070312,2024-03-04 00:00:00-05:00
206.36000061035156,2024-03-05 00:00:00-05:00
202.4199981689453,2024-03-06 00:00:00-05:00
201.27000427246094,2024-03-07 00:00:00-05:00
198.69000244140625,2024-03-08 00:00:00-05:00
200.74000549316406,2024-03-11 00:00:00-04:00
201.24000549316406,2024-03-12 00:00:00-04:00
201.42999267578125,2024-03-13 00:00:00-04:00
198.8300018310547,2024-03-14 00:00:00-04:00
194.02999877929688,2024-03-15 00:00:00-04:00
195.94000244140625,2024-03-18 00:00:00-04:00
195.24000549316406,2024-03-19 00:00:00-04:00
197.3000030517578,2024-03-20 00:00:00-04:00
198.07000732421875,2024-03-21 00:00:00-04:00
194.9499969482422,2024-03-22 00:00:00-04:00
194.07000732421875,2024-03-25 00:00:00-04:00
195.6300048828125,2024-03-26 00:00:00-04:00
193.47999572753906,2024-03-27 00:00:00-04:00
192.6300048828125,2024-03-28 00:00:00-04:00
192.1300048828125,2024-04-01 00:00:00-04:00
188.74000549316406,2024-04-02 00:00:00-04:00
186.30999755859375,2024-04-03 00:00:00-04:00
182.00999450683594,2024-04-04 00:00:00-04:00
183.33999633789062,2024-04-05 00:00:00-04:00
183.7100067138672,2024-04-08 00:00:00-04:00
188.5,2024-04-09 00:00:00-04:00
183.9499969482422,2024-04-10 00:00:00-04:00
184.77999877929688,2024-04-11 00:00:00-04:00
181.41000366210938,2024-04-12 00:00:00-04:00
174.85000610351562,2024-04-15 00:00:00-04:00
174.32000732421875,2024-04-16 00:00:00-04:00
172.9600067138672,2024-04-17 00:00:00-04:00
172.97000122070312,2024-04-18 00:00:00-04:00
169.2100067138672,2024-04-19 00:00:00-04:00
170.97000122070312,2024-04-22 00:00:00-04:00
176.9199981689453,2024-04-23 00:00:00-04:00
177.4600067138672,2024-04-24 00:00:00-04:00
174.80999755859375,2024-04-25 00:00:00-04:00
177.0500030517578,2024-04-26 00:00:00-04:00
179.0399932861328,2024-04-29 00:00:00-04:00
172.94000244140625,2024-04-30 00:00:00-04:00
172.25999450683594,2024-05-01 00:00:00-04:00
