<?xml version="1.0" encoding="utf-8"?>
<!DOCTYPE document PUBLIC "+//IDN docutils.sourceforge.net//DTD Docutils Generic//EN//XML" "http://docutils.sourceforge.net/docs/ref/docutils.dtd">
<!-- Generated by Docutils 0.20.1 -->
<document source="/Users/wesleydyk/src/qatalystdocs/source/index.rst" translation_progress="{'total': 0, 'translated': 0}" xmlns:c="https://www.sphinx-doc.org/" xmlns:changeset="https://www.sphinx-doc.org/" xmlns:citation="https://www.sphinx-doc.org/" xmlns:cpp="https://www.sphinx-doc.org/" xmlns:index="https://www.sphinx-doc.org/" xmlns:js="https://www.sphinx-doc.org/" xmlns:math="https://www.sphinx-doc.org/" xmlns:py="https://www.sphinx-doc.org/" xmlns:rst="https://www.sphinx-doc.org/" xmlns:std="https://www.sphinx-doc.org/">
    <comment xml:space="preserve">QCI Client documentation master file, created by
sphinx-quickstart on Mon Jun 26 16:32:17 2023.
You can adapt this file completely to your liking, but it should at least
contain the root `toctree` directive.</comment>
    <section ids="welcome-to-reference-documentation-for-qci-client" names="welcome\ to\ reference\ documentation\ for\ qci\ client">
        <title>Welcome to Reference Documentation for QCI Client</title>
        <compound classes="toctree-wrapper">
        </compound>
    </section>
    <section ids="indices-and-tables" names="indices\ and\ tables">
        <title>Indices and tables</title>
        <bullet_list bullet="*">
            <list_item>
                <paragraph><reference internal="True" refuri="genindex"><inline classes="std std-ref">Index</inline></reference></paragraph>
            </list_item>
            <list_item>
                <paragraph><reference internal="True" refuri="py-modindex"><inline classes="std std-ref">Module Index</inline></reference></paragraph>
            </list_item>
            <list_item>
                <paragraph><reference internal="True" refuri="search"><inline classes="std std-ref">Search Page</inline></reference></paragraph>
            </list_item>
        </bullet_list>
    </section>
</document>
