<?xml version="1.0" encoding="utf-8"?>
<!DOCTYPE document PUBLIC "+//IDN docutils.sourceforge.net//DTD Docutils Generic//EN//XML" "http://docutils.sourceforge.net/docs/ref/docutils.dtd">
<!-- Generated by Docutils 0.20.1 -->
<document source="/Users/wesleydyk/src/qatalystdocs/source/modules.rst" translation_progress="{'total': 0, 'translated': 0}" xmlns:c="https://www.sphinx-doc.org/" xmlns:changeset="https://www.sphinx-doc.org/" xmlns:citation="https://www.sphinx-doc.org/" xmlns:cpp="https://www.sphinx-doc.org/" xmlns:index="https://www.sphinx-doc.org/" xmlns:js="https://www.sphinx-doc.org/" xmlns:math="https://www.sphinx-doc.org/" xmlns:py="https://www.sphinx-doc.org/" xmlns:rst="https://www.sphinx-doc.org/" xmlns:std="https://www.sphinx-doc.org/">
    <section ids="qci-client" names="qci_client">
        <title>qci_client</title>
        <compound classes="toctree-wrapper">
            <compact_paragraph toctree="True"><bullet_list><list_item classes="toctree-l1"><compact_paragraph classes="toctree-l1"><reference anchorname="" internal="True" refuri="qci_client">qci_client package</reference></compact_paragraph><bullet_list><list_item classes="toctree-l2"><compact_paragraph classes="toctree-l2"><reference anchorname="#submodules" internal="True" refuri="qci_client#submodules">Submodules</reference></compact_paragraph></list_item><list_item classes="toctree-l2"><compact_paragraph classes="toctree-l2"><reference anchorname="#module-qci_client.base" internal="True" refuri="qci_client#module-qci_client.base">qci_client.base module</reference></compact_paragraph><bullet_list><list_item classes="toctree-l3"><compact_paragraph classes="toctree-l3" skip_section_number="True"><reference anchorname="#qci_client.base.BaseApi" internal="True" refuri="qci_client#qci_client.base.BaseApi"><literal>BaseApi</literal></reference></compact_paragraph><bullet_list><list_item classes="toctree-l4"><compact_paragraph classes="toctree-l4" skip_section_number="True"><reference anchorname="#qci_client.base.BaseApi.api_token" internal="True" refuri="qci_client#qci_client.base.BaseApi.api_token"><literal>BaseApi.api_token</literal></reference></compact_paragraph></list_item><list_item classes="toctree-l4"><compact_paragraph classes="toctree-l4" skip_section_number="True"><reference anchorname="#qci_client.base.BaseApi.auth_url" internal="True" refuri="qci_client#qci_client.base.BaseApi.auth_url"><literal>BaseApi.auth_url</literal></reference></compact_paragraph></list_item><list_item classes="toctree-l4"><compact_paragraph classes="toctree-l4" skip_section_number="True"><reference anchorname="#qci_client.base.BaseApi.authorize" internal="True" refuri="qci_client#qci_client.base.BaseApi.authorize"><literal>BaseApi.authorize</literal></reference></compact_paragraph></list_item><list_item classes="toctree-l4"><compact_paragraph classes="toctree-l4" skip_section_number="True"><reference anchorname="#qci_client.base.BaseApi.debug" internal="True" refuri="qci_client#qci_client.base.BaseApi.debug"><literal>BaseApi.debug</literal></reference></compact_paragraph></list_item><list_item classes="toctree-l4"><compact_paragraph classes="toctree-l4" skip_section_number="True"><reference anchorname="#qci_client.base.BaseApi.get_bearer_token" internal="True" refuri="qci_client#qci_client.base.BaseApi.get_bearer_token"><literal>BaseApi.get_bearer_token()</literal></reference></compact_paragraph></list_item><list_item classes="toctree-l4"><compact_paragraph classes="toctree-l4" skip_section_number="True"><reference anchorname="#qci_client.base.BaseApi.headers" internal="True" refuri="qci_client#qci_client.base.BaseApi.headers"><literal>BaseApi.headers</literal></reference></compact_paragraph></list_item><list_item classes="toctree-l4"><compact_paragraph classes="toctree-l4" skip_section_number="True"><reference anchorname="#qci_client.base.BaseApi.headers_without_connection_close" internal="True" refuri="qci_client#qci_client.base.BaseApi.headers_without_connection_close"><literal>BaseApi.headers_without_connection_close</literal></reference></compact_paragraph></list_item><list_item classes="toctree-l4"><compact_paragraph classes="toctree-l4" skip_section_number="True"><reference anchorname="#qci_client.base.BaseApi.headers_without_token" internal="True" refuri="qci_client#qci_client.base.BaseApi.headers_without_token"><literal>BaseApi.headers_without_token</literal></reference></compact_paragraph></list_item><list_item classes="toctree-l4"><compact_paragraph classes="toctree-l4" skip_section_number="True"><reference anchorname="#qci_client.base.BaseApi.is_bearer_token_expired" internal="True" refuri="qci_client#qci_client.base.BaseApi.is_bearer_token_expired"><literal>BaseApi.is_bearer_token_expired()</literal></reference></compact_paragraph></list_item><list_item classes="toctree-l4"><compact_paragraph classes="toctree-l4" skip_section_number="True"><reference anchorname="#qci_client.base.BaseApi.refresh_token" internal="True" refuri="qci_client#qci_client.base.BaseApi.refresh_token"><literal>BaseApi.refresh_token()</literal></reference></compact_paragraph></list_item><list_item classes="toctree-l4"><compact_paragraph classes="toctree-l4" skip_section_number="True"><reference anchorname="#qci_client.base.BaseApi.set_bearer_token" internal="True" refuri="qci_client#qci_client.base.BaseApi.set_bearer_token"><literal>BaseApi.set_bearer_token()</literal></reference></compact_paragraph></list_item><list_item classes="toctree-l4"><compact_paragraph classes="toctree-l4" skip_section_number="True"><reference anchorname="#qci_client.base.BaseApi.set_bearer_token_on_init" internal="True" refuri="qci_client#qci_client.base.BaseApi.set_bearer_token_on_init"><literal>BaseApi.set_bearer_token_on_init</literal></reference></compact_paragraph></list_item><list_item classes="toctree-l4"><compact_paragraph classes="toctree-l4" skip_section_number="True"><reference anchorname="#qci_client.base.BaseApi.timeout" internal="True" refuri="qci_client#qci_client.base.BaseApi.timeout"><literal>BaseApi.timeout</literal></reference></compact_paragraph></list_item><list_item classes="toctree-l4"><compact_paragraph classes="toctree-l4" skip_section_number="True"><reference anchorname="#qci_client.base.BaseApi.url" internal="True" refuri="qci_client#qci_client.base.BaseApi.url"><literal>BaseApi.url</literal></reference></compact_paragraph></list_item></bullet_list></list_item></bullet_list></list_item><list_item classes="toctree-l2"><compact_paragraph classes="toctree-l2"><reference anchorname="#module-qci_client.data_converter" internal="True" refuri="qci_client#module-qci_client.data_converter">qci_client.data_converter module</reference></compact_paragraph><bullet_list><list_item classes="toctree-l3"><compact_paragraph classes="toctree-l3" skip_section_number="True"><reference anchorname="#qci_client.data_converter.build_graph_data_from_get_file" internal="True" refuri="qci_client#qci_client.data_converter.build_graph_data_from_get_file"><literal>build_graph_data_from_get_file()</literal></reference></compact_paragraph></list_item><list_item classes="toctree-l3"><compact_paragraph classes="toctree-l3" skip_section_number="True"><reference anchorname="#qci_client.data_converter.compute_results_step_len" internal="True" refuri="qci_client#qci_client.data_converter.compute_results_step_len"><literal>compute_results_step_len()</literal></reference></compact_paragraph></list_item><list_item classes="toctree-l3"><compact_paragraph classes="toctree-l3" skip_section_number="True"><reference anchorname="#qci_client.data_converter.data_to_json" internal="True" refuri="qci_client#qci_client.data_converter.data_to_json"><literal>data_to_json()</literal></reference></compact_paragraph></list_item><list_item classes="toctree-l3"><compact_paragraph classes="toctree-l3" skip_section_number="True"><reference anchorname="#qci_client.data_converter.get_size" internal="True" refuri="qci_client#qci_client.data_converter.get_size"><literal>get_size()</literal></reference></compact_paragraph></list_item><list_item classes="toctree-l3"><compact_paragraph classes="toctree-l3" skip_section_number="True"><reference anchorname="#qci_client.data_converter.load_json_file" internal="True" refuri="qci_client#qci_client.data_converter.load_json_file"><literal>load_json_file()</literal></reference></compact_paragraph></list_item><list_item classes="toctree-l3"><compact_paragraph classes="toctree-l3" skip_section_number="True"><reference anchorname="#qci_client.data_converter.multipart_file" internal="True" refuri="qci_client#qci_client.data_converter.multipart_file"><literal>multipart_file()</literal></reference></compact_paragraph></list_item></bullet_list></list_item><list_item classes="toctree-l2"><compact_paragraph classes="toctree-l2"><reference anchorname="#module-qci_client.qci_client" internal="True" refuri="qci_client#module-qci_client.qci_client">qci_client.qci_client module</reference></compact_paragraph><bullet_list><list_item classes="toctree-l3"><compact_paragraph classes="toctree-l3" skip_section_number="True"><reference anchorname="#qci_client.qci_client.JobStatus" internal="True" refuri="qci_client#qci_client.qci_client.JobStatus"><literal>JobStatus</literal></reference></compact_paragraph><bullet_list><list_item classes="toctree-l4"><compact_paragraph classes="toctree-l4" skip_section_number="True"><reference anchorname="#qci_client.qci_client.JobStatus.CANCELLED" internal="True" refuri="qci_client#qci_client.qci_client.JobStatus.CANCELLED"><literal>JobStatus.CANCELLED</literal></reference></compact_paragraph></list_item><list_item classes="toctree-l4"><compact_paragraph classes="toctree-l4" skip_section_number="True"><reference anchorname="#qci_client.qci_client.JobStatus.COMPLETED" internal="True" refuri="qci_client#qci_client.qci_client.JobStatus.COMPLETED"><literal>JobStatus.COMPLETED</literal></reference></compact_paragraph></list_item><list_item classes="toctree-l4"><compact_paragraph classes="toctree-l4" skip_section_number="True"><reference anchorname="#qci_client.qci_client.JobStatus.ERROR" internal="True" refuri="qci_client#qci_client.qci_client.JobStatus.ERROR"><literal>JobStatus.ERROR</literal></reference></compact_paragraph></list_item><list_item classes="toctree-l4"><compact_paragraph classes="toctree-l4" skip_section_number="True"><reference anchorname="#qci_client.qci_client.JobStatus.QUEUED" internal="True" refuri="qci_client#qci_client.qci_client.JobStatus.QUEUED"><literal>JobStatus.QUEUED</literal></reference></compact_paragraph></list_item><list_item classes="toctree-l4"><compact_paragraph classes="toctree-l4" skip_section_number="True"><reference anchorname="#qci_client.qci_client.JobStatus.RUNNING" internal="True" refuri="qci_client#qci_client.qci_client.JobStatus.RUNNING"><literal>JobStatus.RUNNING</literal></reference></compact_paragraph></list_item><list_item classes="toctree-l4"><compact_paragraph classes="toctree-l4" skip_section_number="True"><reference anchorname="#qci_client.qci_client.JobStatus.SUBMITTED" internal="True" refuri="qci_client#qci_client.qci_client.JobStatus.SUBMITTED"><literal>JobStatus.SUBMITTED</literal></reference></compact_paragraph></list_item></bullet_list></list_item><list_item classes="toctree-l3"><compact_paragraph classes="toctree-l3" skip_section_number="True"><reference anchorname="#qci_client.qci_client.QciClient" internal="True" refuri="qci_client#qci_client.qci_client.QciClient"><literal>QciClient</literal></reference></compact_paragraph><bullet_list><list_item classes="toctree-l4"><compact_paragraph classes="toctree-l4" skip_section_number="True"><reference anchorname="#qci_client.qci_client.QciClient.build_job_body" internal="True" refuri="qci_client#qci_client.qci_client.QciClient.build_job_body"><literal>QciClient.build_job_body()</literal></reference></compact_paragraph></list_item><list_item classes="toctree-l4"><compact_paragraph classes="toctree-l4" skip_section_number="True"><reference anchorname="#qci_client.qci_client.QciClient.delete_file" internal="True" refuri="qci_client#qci_client.qci_client.QciClient.delete_file"><literal>QciClient.delete_file()</literal></reference></compact_paragraph></list_item><list_item classes="toctree-l4"><compact_paragraph classes="toctree-l4" skip_section_number="True"><reference anchorname="#qci_client.qci_client.QciClient.files" internal="True" refuri="qci_client#qci_client.qci_client.QciClient.files"><literal>QciClient.files</literal></reference></compact_paragraph></list_item><list_item classes="toctree-l4"><compact_paragraph classes="toctree-l4" skip_section_number="True"><reference anchorname="#qci_client.qci_client.QciClient.files_url" internal="True" refuri="qci_client#qci_client.qci_client.QciClient.files_url"><literal>QciClient.files_url</literal></reference></compact_paragraph></list_item><list_item classes="toctree-l4"><compact_paragraph classes="toctree-l4" skip_section_number="True"><reference anchorname="#qci_client.qci_client.QciClient.get_file" internal="True" refuri="qci_client#qci_client.qci_client.QciClient.get_file"><literal>QciClient.get_file()</literal></reference></compact_paragraph></list_item><list_item classes="toctree-l4"><compact_paragraph classes="toctree-l4" skip_section_number="True"><reference anchorname="#qci_client.qci_client.QciClient.get_file_contents_url" internal="True" refuri="qci_client#qci_client.qci_client.QciClient.get_file_contents_url"><literal>QciClient.get_file_contents_url()</literal></reference></compact_paragraph></list_item><list_item classes="toctree-l4"><compact_paragraph classes="toctree-l4" skip_section_number="True"><reference anchorname="#qci_client.qci_client.QciClient.get_file_id_url" internal="True" refuri="qci_client#qci_client.qci_client.QciClient.get_file_id_url"><literal>QciClient.get_file_id_url()</literal></reference></compact_paragraph></list_item><list_item classes="toctree-l4"><compact_paragraph classes="toctree-l4" skip_section_number="True"><reference anchorname="#qci_client.qci_client.QciClient.get_file_metadata" internal="True" refuri="qci_client#qci_client.qci_client.QciClient.get_file_metadata"><literal>QciClient.get_file_metadata()</literal></reference></compact_paragraph></list_item><list_item classes="toctree-l4"><compact_paragraph classes="toctree-l4" skip_section_number="True"><reference anchorname="#qci_client.qci_client.QciClient.get_file_whole" internal="True" refuri="qci_client#qci_client.qci_client.QciClient.get_file_whole"><literal>QciClient.get_file_whole()</literal></reference></compact_paragraph></list_item><list_item classes="toctree-l4"><compact_paragraph classes="toctree-l4" skip_section_number="True"><reference anchorname="#qci_client.qci_client.QciClient.get_job_id_url" internal="True" refuri="qci_client#qci_client.qci_client.QciClient.get_job_id_url"><literal>QciClient.get_job_id_url()</literal></reference></compact_paragraph></list_item><list_item classes="toctree-l4"><compact_paragraph classes="toctree-l4" skip_section_number="True"><reference anchorname="#qci_client.qci_client.QciClient.get_job_metrics_provider_url" internal="True" refuri="qci_client#qci_client.qci_client.QciClient.get_job_metrics_provider_url"><literal>QciClient.get_job_metrics_provider_url()</literal></reference></compact_paragraph></list_item><list_item classes="toctree-l4"><compact_paragraph classes="toctree-l4" skip_section_number="True"><reference anchorname="#qci_client.qci_client.QciClient.get_job_metrics_url" internal="True" refuri="qci_client#qci_client.qci_client.QciClient.get_job_metrics_url"><literal>QciClient.get_job_metrics_url()</literal></reference></compact_paragraph></list_item><list_item classes="toctree-l4"><compact_paragraph classes="toctree-l4" skip_section_number="True"><reference anchorname="#qci_client.qci_client.QciClient.get_job_response" internal="True" refuri="qci_client#qci_client.qci_client.QciClient.get_job_response"><literal>QciClient.get_job_response()</literal></reference></compact_paragraph></list_item><list_item classes="toctree-l4"><compact_paragraph classes="toctree-l4" skip_section_number="True"><reference anchorname="#qci_client.qci_client.QciClient.get_job_status" internal="True" refuri="qci_client#qci_client.qci_client.QciClient.get_job_status"><literal>QciClient.get_job_status()</literal></reference></compact_paragraph></list_item><list_item classes="toctree-l4"><compact_paragraph classes="toctree-l4" skip_section_number="True"><reference anchorname="#qci_client.qci_client.QciClient.get_job_statuses_url" internal="True" refuri="qci_client#qci_client.qci_client.QciClient.get_job_statuses_url"><literal>QciClient.get_job_statuses_url()</literal></reference></compact_paragraph></list_item><list_item classes="toctree-l4"><compact_paragraph classes="toctree-l4" skip_section_number="True"><reference anchorname="#qci_client.qci_client.QciClient.get_job_type_from_job_id" internal="True" refuri="qci_client#qci_client.qci_client.QciClient.get_job_type_from_job_id"><literal>QciClient.get_job_type_from_job_id()</literal></reference></compact_paragraph></list_item><list_item classes="toctree-l4"><compact_paragraph classes="toctree-l4" skip_section_number="True"><reference anchorname="#qci_client.qci_client.QciClient.get_job_type_job_id_url" internal="True" refuri="qci_client#qci_client.qci_client.QciClient.get_job_type_job_id_url"><literal>QciClient.get_job_type_job_id_url()</literal></reference></compact_paragraph></list_item><list_item classes="toctree-l4"><compact_paragraph classes="toctree-l4" skip_section_number="True"><reference anchorname="#qci_client.qci_client.QciClient.get_job_type_url" internal="True" refuri="qci_client#qci_client.qci_client.QciClient.get_job_type_url"><literal>QciClient.get_job_type_url()</literal></reference></compact_paragraph></list_item><list_item classes="toctree-l4"><compact_paragraph classes="toctree-l4" skip_section_number="True"><reference anchorname="#qci_client.qci_client.QciClient.jobs" internal="True" refuri="qci_client#qci_client.qci_client.QciClient.jobs"><literal>QciClient.jobs</literal></reference></compact_paragraph></list_item><list_item classes="toctree-l4"><compact_paragraph classes="toctree-l4" skip_section_number="True"><reference anchorname="#qci_client.qci_client.QciClient.jobs_url" internal="True" refuri="qci_client#qci_client.qci_client.QciClient.jobs_url"><literal>QciClient.jobs_url</literal></reference></compact_paragraph></list_item><list_item classes="toctree-l4"><compact_paragraph classes="toctree-l4" skip_section_number="True"><reference anchorname="#qci_client.qci_client.QciClient.list_files" internal="True" refuri="qci_client#qci_client.qci_client.QciClient.list_files"><literal>QciClient.list_files()</literal></reference></compact_paragraph></list_item><list_item classes="toctree-l4"><compact_paragraph classes="toctree-l4" skip_section_number="True"><reference anchorname="#qci_client.qci_client.QciClient.max_workers" internal="True" refuri="qci_client#qci_client.qci_client.QciClient.max_workers"><literal>QciClient.max_workers</literal></reference></compact_paragraph></list_item><list_item classes="toctree-l4"><compact_paragraph classes="toctree-l4" skip_section_number="True"><reference anchorname="#qci_client.qci_client.QciClient.merge_two_dicts" internal="True" refuri="qci_client#qci_client.qci_client.QciClient.merge_two_dicts"><literal>QciClient.merge_two_dicts()</literal></reference></compact_paragraph></list_item><list_item classes="toctree-l4"><compact_paragraph classes="toctree-l4" skip_section_number="True"><reference anchorname="#qci_client.qci_client.QciClient.print_job_log" internal="True" refuri="qci_client#qci_client.qci_client.QciClient.print_job_log"><literal>QciClient.print_job_log()</literal></reference></compact_paragraph></list_item><list_item classes="toctree-l4"><compact_paragraph classes="toctree-l4" skip_section_number="True"><reference anchorname="#qci_client.qci_client.QciClient.process_job" internal="True" refuri="qci_client#qci_client.qci_client.QciClient.process_job"><literal>QciClient.process_job()</literal></reference></compact_paragraph></list_item><list_item classes="toctree-l4"><compact_paragraph classes="toctree-l4" skip_section_number="True"><reference anchorname="#qci_client.qci_client.QciClient.submit_job" internal="True" refuri="qci_client#qci_client.qci_client.QciClient.submit_job"><literal>QciClient.submit_job()</literal></reference></compact_paragraph></list_item><list_item classes="toctree-l4"><compact_paragraph classes="toctree-l4" skip_section_number="True"><reference anchorname="#qci_client.qci_client.QciClient.upload_file" internal="True" refuri="qci_client#qci_client.qci_client.QciClient.upload_file"><literal>QciClient.upload_file()</literal></reference></compact_paragraph></list_item><list_item classes="toctree-l4"><compact_paragraph classes="toctree-l4" skip_section_number="True"><reference anchorname="#qci_client.qci_client.QciClient.validate_job_type" internal="True" refuri="qci_client#qci_client.qci_client.QciClient.validate_job_type"><literal>QciClient.validate_job_type()</literal></reference></compact_paragraph></list_item><list_item classes="toctree-l4"><compact_paragraph classes="toctree-l4" skip_section_number="True"><reference anchorname="#qci_client.qci_client.QciClient.zip_payload" internal="True" refuri="qci_client#qci_client.qci_client.QciClient.zip_payload"><literal>QciClient.zip_payload()</literal></reference></compact_paragraph></list_item></bullet_list></list_item></bullet_list></list_item><list_item classes="toctree-l2"><compact_paragraph classes="toctree-l2"><reference anchorname="#module-qci_client.utils" internal="True" refuri="qci_client#module-qci_client.utils">qci_client.utils module</reference></compact_paragraph></list_item><list_item classes="toctree-l2"><compact_paragraph classes="toctree-l2"><reference anchorname="#module-qci_client" internal="True" refuri="qci_client#module-qci_client">Module contents</reference></compact_paragraph></list_item></bullet_list></list_item></bullet_list></compact_paragraph>
        </compound>
    </section>
</document>
