<?xml version="1.0" encoding="utf-8"?>
<!DOCTYPE document PUBLIC "+//IDN docutils.sourceforge.net//DTD Docutils Generic//EN//XML" "http://docutils.sourceforge.net/docs/ref/docutils.dtd">
<!-- Generated by Docutils 0.20.1 -->
<document source="/builds/qci-dev/qci-client/docs/source/index.rst" translation_progress="{'total': 0, 'translated': 0}" xmlns:c="https://www.sphinx-doc.org/" xmlns:changeset="https://www.sphinx-doc.org/" xmlns:citation="https://www.sphinx-doc.org/" xmlns:cpp="https://www.sphinx-doc.org/" xmlns:index="https://www.sphinx-doc.org/" xmlns:js="https://www.sphinx-doc.org/" xmlns:math="https://www.sphinx-doc.org/" xmlns:py="https://www.sphinx-doc.org/" xmlns:rst="https://www.sphinx-doc.org/" xmlns:std="https://www.sphinx-doc.org/" xmlns:todo="https://www.sphinx-doc.org/">
    <comment xml:space="preserve">-*- coding: utf-8 -*-</comment>
    <section ids="getting-started" names="getting\ started">
        <title>Getting Started</title>
        <section ids="installation" names="installation">
            <title>Installation</title>
            <paragraph><title_reference>qci-client</title_reference> currently supports Python 3.8-12, inclusive, as specified in the
                PEP-621-compliant pyproject.toml.</paragraph>
            <paragraph>Install <title_reference>qci-client</title_reference> from the public PyPI server (<reference refuri="https://pypi.org/project/qci-client/">https://pypi.org/project/qci-client/</reference>)
                into your Python virtual environment using–</paragraph>
            <literal_block force="False" highlight_args="{}" language="bash" linenos="False" xml:space="preserve">pip install qci-client</literal_block>
        </section>
        <section ids="instantiating-a-client" names="instantiating\ a\ client">
            <title>Instantiating a Client</title>
            <section ids="with-environment-variables" names="with\ environment\ variables">
                <title>With Environment Variables</title>
                <paragraph>To access the API, set these environment variables–</paragraph>
                <bullet_list bullet="-">
                    <list_item>
                        <paragraph>QCI_API_URL - URL for Qatalyst API, Example: “<reference refuri="https://api.qci-prod.com">https://api.qci-prod.com</reference>”</paragraph>
                    </list_item>
                    <list_item>
                        <paragraph>QCI_TOKEN - refresh token string for securely accessing Qatalyst API</paragraph>
                    </list_item>
                </bullet_list>
                <paragraph>then instantiate a <title_reference>QciClient</title_reference> as follows–</paragraph>
                <literal_block force="False" highlight_args="{}" language="python" linenos="False" xml:space="preserve">from qci_client import QciClient

client = QciClient()</literal_block>
            </section>
            <section ids="without-environment-variables" names="without\ environment\ variables">
                <title>Without Environment Variables</title>
                <paragraph>Access the API without first defining environment variables by instantiating a
                    <title_reference>QciClient</title_reference> as follows–</paragraph>
                <literal_block force="False" highlight_args="{}" language="python" linenos="False" xml:space="preserve">from qci_client import QciClient

client = QciClient(url="https://api.qci-prod.com", api_token="&lt;secret-token&gt;")</literal_block>
            </section>
        </section>
        <section ids="table-of-contents" names="table\ of\ contents">
            <title>Table of Contents</title>
            <compound classes="toctree-wrapper">
                <compact_paragraph classes="current" iscurrent="True" toctree="True"><bullet_list classes="current" iscurrent="True"><list_item classes="toctree-l1 current" iscurrent="True"><compact_paragraph classes="toctree-l1 current" iscurrent="True"><reference anchorname="" classes="current" internal="True" iscurrent="True" refuri="">Getting Started</reference></compact_paragraph></list_item><list_item classes="toctree-l1"><compact_paragraph classes="toctree-l1"><reference anchorname="" internal="True" refuri="modules">qci_client</reference></compact_paragraph><bullet_list><list_item classes="toctree-l2"><compact_paragraph classes="toctree-l2"><reference anchorname="" internal="True" refuri="qci_client">qci_client.qci_client</reference></compact_paragraph><bullet_list><list_item classes="toctree-l3"><compact_paragraph classes="toctree-l3" skip_section_number="True"><reference anchorname="#qci_client.qci_client.JobStatus" internal="True" refuri="qci_client#qci_client.qci_client.JobStatus"><literal>JobStatus</literal></reference></compact_paragraph></list_item><list_item classes="toctree-l3"><compact_paragraph classes="toctree-l3" skip_section_number="True"><reference anchorname="#qci_client.qci_client.QciClient" internal="True" refuri="qci_client#qci_client.qci_client.QciClient"><literal>QciClient</literal></reference></compact_paragraph></list_item></bullet_list></list_item><list_item classes="toctree-l2"><compact_paragraph classes="toctree-l2"><reference anchorname="#module-qci_client.utilities" internal="True" refuri="qci_client#module-qci_client.utilities">qci_client.utilities</reference></compact_paragraph><bullet_list><list_item classes="toctree-l3"><compact_paragraph classes="toctree-l3" skip_section_number="True"><reference anchorname="#qci_client.utilities.file_part_generator" internal="True" refuri="qci_client#qci_client.utilities.file_part_generator"><literal>file_part_generator()</literal></reference></compact_paragraph></list_item><list_item classes="toctree-l3"><compact_paragraph classes="toctree-l3" skip_section_number="True"><reference anchorname="#qci_client.utilities.get_patch_request_body" internal="True" refuri="qci_client#qci_client.utilities.get_patch_request_body"><literal>get_patch_request_body()</literal></reference></compact_paragraph></list_item><list_item classes="toctree-l3"><compact_paragraph classes="toctree-l3" skip_section_number="True"><reference anchorname="#qci_client.utilities.get_post_request_body" internal="True" refuri="qci_client#qci_client.utilities.get_post_request_body"><literal>get_post_request_body()</literal></reference></compact_paragraph></list_item><list_item classes="toctree-l3"><compact_paragraph classes="toctree-l3" skip_section_number="True"><reference anchorname="#qci_client.utilities.zip_payload" internal="True" refuri="qci_client#qci_client.utilities.zip_payload"><literal>zip_payload()</literal></reference></compact_paragraph></list_item></bullet_list></list_item><list_item classes="toctree-l2"><compact_paragraph classes="toctree-l2"><reference anchorname="#module-qci_client.data_converter" internal="True" refuri="qci_client#module-qci_client.data_converter">qci_client.data_converter</reference></compact_paragraph><bullet_list><list_item classes="toctree-l3"><compact_paragraph classes="toctree-l3" skip_section_number="True"><reference anchorname="#qci_client.data_converter.compute_results_step_len" internal="True" refuri="qci_client#qci_client.data_converter.compute_results_step_len"><literal>compute_results_step_len()</literal></reference></compact_paragraph></list_item><list_item classes="toctree-l3"><compact_paragraph classes="toctree-l3" skip_section_number="True"><reference anchorname="#qci_client.data_converter.data_to_json" internal="True" refuri="qci_client#qci_client.data_converter.data_to_json"><literal>data_to_json()</literal></reference></compact_paragraph></list_item><list_item classes="toctree-l3"><compact_paragraph classes="toctree-l3" skip_section_number="True"><reference anchorname="#qci_client.data_converter.get_size" internal="True" refuri="qci_client#qci_client.data_converter.get_size"><literal>get_size()</literal></reference></compact_paragraph></list_item></bullet_list></list_item><list_item classes="toctree-l2"><compact_paragraph classes="toctree-l2"><reference anchorname="#module-qci_client.base" internal="True" refuri="qci_client#module-qci_client.base">qci_client.base</reference></compact_paragraph><bullet_list><list_item classes="toctree-l3"><compact_paragraph classes="toctree-l3" skip_section_number="True"><reference anchorname="#qci_client.base.BaseApi" internal="True" refuri="qci_client#qci_client.base.BaseApi"><literal>BaseApi</literal></reference></compact_paragraph></list_item></bullet_list></list_item></bullet_list></list_item></bullet_list></compact_paragraph>
            </compound>
        </section>
        <section ids="version" names="version">
            <title>Version</title>
            <paragraph>3.2.0</paragraph>
        </section>
    </section>
</document>
