<?xml version="1.0" encoding="utf-8"?>
<!DOCTYPE document PUBLIC "+//IDN docutils.sourceforge.net//DTD Docutils Generic//EN//XML" "http://docutils.sourceforge.net/docs/ref/docutils.dtd">
<!-- Generated by Docutils 0.20.1 -->
<document source="/builds/qci-dev/qci-client/docs/source/modules.rst" translation_progress="{'total': 0, 'translated': 0}" xmlns:c="https://www.sphinx-doc.org/" xmlns:changeset="https://www.sphinx-doc.org/" xmlns:citation="https://www.sphinx-doc.org/" xmlns:cpp="https://www.sphinx-doc.org/" xmlns:index="https://www.sphinx-doc.org/" xmlns:js="https://www.sphinx-doc.org/" xmlns:math="https://www.sphinx-doc.org/" xmlns:py="https://www.sphinx-doc.org/" xmlns:rst="https://www.sphinx-doc.org/" xmlns:std="https://www.sphinx-doc.org/" xmlns:todo="https://www.sphinx-doc.org/">
    <section ids="qci-client" names="qci_client">
        <title>qci_client</title>
        <compound classes="toctree-wrapper">
            <compact_paragraph toctree="True"><bullet_list><list_item classes="toctree-l1"><compact_paragraph classes="toctree-l1"><reference anchorname="" internal="True" refuri="qci_client">qci_client.qci_client</reference></compact_paragraph><bullet_list><list_item classes="toctree-l2"><compact_paragraph classes="toctree-l2" skip_section_number="True"><reference anchorname="#qci_client.qci_client.JobStatus" internal="True" refuri="qci_client#qci_client.qci_client.JobStatus"><literal>JobStatus</literal></reference></compact_paragraph></list_item><list_item classes="toctree-l2"><compact_paragraph classes="toctree-l2" skip_section_number="True"><reference anchorname="#qci_client.qci_client.QciClient" internal="True" refuri="qci_client#qci_client.qci_client.QciClient"><literal>QciClient</literal></reference></compact_paragraph><bullet_list><list_item classes="toctree-l3"><compact_paragraph classes="toctree-l3" skip_section_number="True"><reference anchorname="#qci_client.qci_client.QciClient.build_job_body" internal="True" refuri="qci_client#qci_client.qci_client.QciClient.build_job_body"><literal>QciClient.build_job_body()</literal></reference></compact_paragraph></list_item><list_item classes="toctree-l3"><compact_paragraph classes="toctree-l3" skip_section_number="True"><reference anchorname="#qci_client.qci_client.QciClient.delete_file" internal="True" refuri="qci_client#qci_client.qci_client.QciClient.delete_file"><literal>QciClient.delete_file()</literal></reference></compact_paragraph></list_item><list_item classes="toctree-l3"><compact_paragraph classes="toctree-l3" skip_section_number="True"><reference anchorname="#qci_client.qci_client.QciClient.download_file" internal="True" refuri="qci_client#qci_client.qci_client.QciClient.download_file"><literal>QciClient.download_file()</literal></reference></compact_paragraph></list_item><list_item classes="toctree-l3"><compact_paragraph classes="toctree-l3" skip_section_number="True"><reference anchorname="#qci_client.qci_client.QciClient.files_url" internal="True" refuri="qci_client#qci_client.qci_client.QciClient.files_url"><literal>QciClient.files_url</literal></reference></compact_paragraph></list_item><list_item classes="toctree-l3"><compact_paragraph classes="toctree-l3" skip_section_number="True"><reference anchorname="#qci_client.qci_client.QciClient.get_file_contents_url" internal="True" refuri="qci_client#qci_client.qci_client.QciClient.get_file_contents_url"><literal>QciClient.get_file_contents_url()</literal></reference></compact_paragraph></list_item><list_item classes="toctree-l3"><compact_paragraph classes="toctree-l3" skip_section_number="True"><reference anchorname="#qci_client.qci_client.QciClient.get_file_id_url" internal="True" refuri="qci_client#qci_client.qci_client.QciClient.get_file_id_url"><literal>QciClient.get_file_id_url()</literal></reference></compact_paragraph></list_item><list_item classes="toctree-l3"><compact_paragraph classes="toctree-l3" skip_section_number="True"><reference anchorname="#qci_client.qci_client.QciClient.get_job_allocations_url" internal="True" refuri="qci_client#qci_client.qci_client.QciClient.get_job_allocations_url"><literal>QciClient.get_job_allocations_url()</literal></reference></compact_paragraph></list_item><list_item classes="toctree-l3"><compact_paragraph classes="toctree-l3" skip_section_number="True"><reference anchorname="#qci_client.qci_client.QciClient.get_job_id_url" internal="True" refuri="qci_client#qci_client.qci_client.QciClient.get_job_id_url"><literal>QciClient.get_job_id_url()</literal></reference></compact_paragraph></list_item><list_item classes="toctree-l3"><compact_paragraph classes="toctree-l3" skip_section_number="True"><reference anchorname="#qci_client.qci_client.QciClient.get_job_response" internal="True" refuri="qci_client#qci_client.qci_client.QciClient.get_job_response"><literal>QciClient.get_job_response()</literal></reference></compact_paragraph></list_item><list_item classes="toctree-l3"><compact_paragraph classes="toctree-l3" skip_section_number="True"><reference anchorname="#qci_client.qci_client.QciClient.get_job_status" internal="True" refuri="qci_client#qci_client.qci_client.QciClient.get_job_status"><literal>QciClient.get_job_status()</literal></reference></compact_paragraph></list_item><list_item classes="toctree-l3"><compact_paragraph classes="toctree-l3" skip_section_number="True"><reference anchorname="#qci_client.qci_client.QciClient.get_job_status_url" internal="True" refuri="qci_client#qci_client.qci_client.QciClient.get_job_status_url"><literal>QciClient.get_job_status_url()</literal></reference></compact_paragraph></list_item><list_item classes="toctree-l3"><compact_paragraph classes="toctree-l3" skip_section_number="True"><reference anchorname="#qci_client.qci_client.QciClient.get_job_type_from_job_id" internal="True" refuri="qci_client#qci_client.qci_client.QciClient.get_job_type_from_job_id"><literal>QciClient.get_job_type_from_job_id()</literal></reference></compact_paragraph></list_item><list_item classes="toctree-l3"><compact_paragraph classes="toctree-l3" skip_section_number="True"><reference anchorname="#qci_client.qci_client.QciClient.headers_without_authorization" internal="True" refuri="qci_client#qci_client.qci_client.QciClient.headers_without_authorization"><literal>QciClient.headers_without_authorization</literal></reference></compact_paragraph></list_item><list_item classes="toctree-l3"><compact_paragraph classes="toctree-l3" skip_section_number="True"><reference anchorname="#qci_client.qci_client.QciClient.jobs_url" internal="True" refuri="qci_client#qci_client.qci_client.QciClient.jobs_url"><literal>QciClient.jobs_url</literal></reference></compact_paragraph></list_item><list_item classes="toctree-l3"><compact_paragraph classes="toctree-l3" skip_section_number="True"><reference anchorname="#qci_client.qci_client.QciClient.list_files" internal="True" refuri="qci_client#qci_client.qci_client.QciClient.list_files"><literal>QciClient.list_files()</literal></reference></compact_paragraph></list_item><list_item classes="toctree-l3"><compact_paragraph classes="toctree-l3" skip_section_number="True"><reference anchorname="#qci_client.qci_client.QciClient.print_job_log" internal="True" refuri="qci_client#qci_client.qci_client.QciClient.print_job_log"><literal>QciClient.print_job_log()</literal></reference></compact_paragraph></list_item><list_item classes="toctree-l3"><compact_paragraph classes="toctree-l3" skip_section_number="True"><reference anchorname="#qci_client.qci_client.QciClient.process_job" internal="True" refuri="qci_client#qci_client.qci_client.QciClient.process_job"><literal>QciClient.process_job()</literal></reference></compact_paragraph></list_item><list_item classes="toctree-l3"><compact_paragraph classes="toctree-l3" skip_section_number="True"><reference anchorname="#qci_client.qci_client.QciClient.submit_job" internal="True" refuri="qci_client#qci_client.qci_client.QciClient.submit_job"><literal>QciClient.submit_job()</literal></reference></compact_paragraph></list_item><list_item classes="toctree-l3"><compact_paragraph classes="toctree-l3" skip_section_number="True"><reference anchorname="#qci_client.qci_client.QciClient.upload_file" internal="True" refuri="qci_client#qci_client.qci_client.QciClient.upload_file"><literal>QciClient.upload_file()</literal></reference></compact_paragraph></list_item><list_item classes="toctree-l3"><compact_paragraph classes="toctree-l3" skip_section_number="True"><reference anchorname="#qci_client.qci_client.QciClient.validate_job_type" internal="True" refuri="qci_client#qci_client.qci_client.QciClient.validate_job_type"><literal>QciClient.validate_job_type()</literal></reference></compact_paragraph></list_item><list_item classes="toctree-l3"><compact_paragraph classes="toctree-l3" skip_section_number="True"><reference anchorname="#qci_client.qci_client.QciClient.zip_payload" internal="True" refuri="qci_client#qci_client.qci_client.QciClient.zip_payload"><literal>QciClient.zip_payload()</literal></reference></compact_paragraph></list_item></bullet_list></list_item></bullet_list></list_item><list_item classes="toctree-l1"><compact_paragraph classes="toctree-l1"><reference anchorname="#module-qci_client.utilities" internal="True" refuri="qci_client#module-qci_client.utilities">qci_client.utilities</reference></compact_paragraph><bullet_list><list_item classes="toctree-l2"><compact_paragraph classes="toctree-l2" skip_section_number="True"><reference anchorname="#qci_client.utilities.file_part_generator" internal="True" refuri="qci_client#qci_client.utilities.file_part_generator"><literal>file_part_generator()</literal></reference></compact_paragraph></list_item><list_item classes="toctree-l2"><compact_paragraph classes="toctree-l2" skip_section_number="True"><reference anchorname="#qci_client.utilities.get_patch_request_body" internal="True" refuri="qci_client#qci_client.utilities.get_patch_request_body"><literal>get_patch_request_body()</literal></reference></compact_paragraph></list_item><list_item classes="toctree-l2"><compact_paragraph classes="toctree-l2" skip_section_number="True"><reference anchorname="#qci_client.utilities.get_post_request_body" internal="True" refuri="qci_client#qci_client.utilities.get_post_request_body"><literal>get_post_request_body()</literal></reference></compact_paragraph></list_item><list_item classes="toctree-l2"><compact_paragraph classes="toctree-l2" skip_section_number="True"><reference anchorname="#qci_client.utilities.zip_payload" internal="True" refuri="qci_client#qci_client.utilities.zip_payload"><literal>zip_payload()</literal></reference></compact_paragraph></list_item></bullet_list></list_item><list_item classes="toctree-l1"><compact_paragraph classes="toctree-l1"><reference anchorname="#module-qci_client.data_converter" internal="True" refuri="qci_client#module-qci_client.data_converter">qci_client.data_converter</reference></compact_paragraph><bullet_list><list_item classes="toctree-l2"><compact_paragraph classes="toctree-l2" skip_section_number="True"><reference anchorname="#qci_client.data_converter.compute_results_step_len" internal="True" refuri="qci_client#qci_client.data_converter.compute_results_step_len"><literal>compute_results_step_len()</literal></reference></compact_paragraph></list_item><list_item classes="toctree-l2"><compact_paragraph classes="toctree-l2" skip_section_number="True"><reference anchorname="#qci_client.data_converter.data_to_json" internal="True" refuri="qci_client#qci_client.data_converter.data_to_json"><literal>data_to_json()</literal></reference></compact_paragraph></list_item><list_item classes="toctree-l2"><compact_paragraph classes="toctree-l2" skip_section_number="True"><reference anchorname="#qci_client.data_converter.get_size" internal="True" refuri="qci_client#qci_client.data_converter.get_size"><literal>get_size()</literal></reference></compact_paragraph></list_item></bullet_list></list_item><list_item classes="toctree-l1"><compact_paragraph classes="toctree-l1"><reference anchorname="#module-qci_client.base" internal="True" refuri="qci_client#module-qci_client.base">qci_client.base</reference></compact_paragraph><bullet_list><list_item classes="toctree-l2"><compact_paragraph classes="toctree-l2" skip_section_number="True"><reference anchorname="#qci_client.base.BaseApi" internal="True" refuri="qci_client#qci_client.base.BaseApi"><literal>BaseApi</literal></reference></compact_paragraph><bullet_list><list_item classes="toctree-l3"><compact_paragraph classes="toctree-l3" skip_section_number="True"><reference anchorname="#qci_client.base.BaseApi.auth_url" internal="True" refuri="qci_client#qci_client.base.BaseApi.auth_url"><literal>BaseApi.auth_url</literal></reference></compact_paragraph></list_item><list_item classes="toctree-l3"><compact_paragraph classes="toctree-l3" skip_section_number="True"><reference anchorname="#qci_client.base.BaseApi.get_bearer_token" internal="True" refuri="qci_client#qci_client.base.BaseApi.get_bearer_token"><literal>BaseApi.get_bearer_token()</literal></reference></compact_paragraph></list_item><list_item classes="toctree-l3"><compact_paragraph classes="toctree-l3" skip_section_number="True"><reference anchorname="#qci_client.base.BaseApi.headers" internal="True" refuri="qci_client#qci_client.base.BaseApi.headers"><literal>BaseApi.headers</literal></reference></compact_paragraph></list_item><list_item classes="toctree-l3"><compact_paragraph classes="toctree-l3" skip_section_number="True"><reference anchorname="#qci_client.base.BaseApi.headers_without_connection_close" internal="True" refuri="qci_client#qci_client.base.BaseApi.headers_without_connection_close"><literal>BaseApi.headers_without_connection_close</literal></reference></compact_paragraph></list_item><list_item classes="toctree-l3"><compact_paragraph classes="toctree-l3" skip_section_number="True"><reference anchorname="#qci_client.base.BaseApi.headers_without_token" internal="True" refuri="qci_client#qci_client.base.BaseApi.headers_without_token"><literal>BaseApi.headers_without_token</literal></reference></compact_paragraph></list_item><list_item classes="toctree-l3"><compact_paragraph classes="toctree-l3" skip_section_number="True"><reference anchorname="#qci_client.base.BaseApi.is_bearer_token_expired" internal="True" refuri="qci_client#qci_client.base.BaseApi.is_bearer_token_expired"><literal>BaseApi.is_bearer_token_expired()</literal></reference></compact_paragraph></list_item><list_item classes="toctree-l3"><compact_paragraph classes="toctree-l3" skip_section_number="True"><reference anchorname="#qci_client.base.BaseApi.refresh_token" internal="True" refuri="qci_client#qci_client.base.BaseApi.refresh_token"><literal>BaseApi.refresh_token()</literal></reference></compact_paragraph></list_item><list_item classes="toctree-l3"><compact_paragraph classes="toctree-l3" skip_section_number="True"><reference anchorname="#qci_client.base.BaseApi.set_bearer_token" internal="True" refuri="qci_client#qci_client.base.BaseApi.set_bearer_token"><literal>BaseApi.set_bearer_token()</literal></reference></compact_paragraph></list_item></bullet_list></list_item></bullet_list></list_item></bullet_list></compact_paragraph>
        </compound>
    </section>
</document>
