<?xml version="1.0" encoding="utf-8"?>
<!DOCTYPE document PUBLIC "+//IDN docutils.sourceforge.net//DTD Docutils Generic//EN//XML" "http://docutils.sourceforge.net/docs/ref/docutils.dtd">
<!-- Generated by Docutils 0.20.1 -->
<document source="/builds/qci-dev/qci-client/docs/source/qci_client.rst" translation_progress="{'total': 0, 'translated': 0}" xmlns:c="https://www.sphinx-doc.org/" xmlns:changeset="https://www.sphinx-doc.org/" xmlns:citation="https://www.sphinx-doc.org/" xmlns:cpp="https://www.sphinx-doc.org/" xmlns:index="https://www.sphinx-doc.org/" xmlns:js="https://www.sphinx-doc.org/" xmlns:math="https://www.sphinx-doc.org/" xmlns:py="https://www.sphinx-doc.org/" xmlns:rst="https://www.sphinx-doc.org/" xmlns:std="https://www.sphinx-doc.org/" xmlns:todo="https://www.sphinx-doc.org/">
    <section ids="module-qci_client.qci_client qci-client-qci-client" names="qci_client.qci_client">
        <title>qci_client.qci_client</title>
        <index entries="['pair',\ 'module;\ qci_client.qci_client',\ 'module-qci_client.qci_client',\ '',\ None]"></index>
        <paragraph>QciClient
            Utility class for user interactions with QCI API</paragraph>
        <index entries="['single',\ 'JobStatus\ (class\ in\ qci_client.qci_client)',\ 'qci_client.qci_client.JobStatus',\ '',\ None]"></index>
        <desc classes="py class" desctype="class" domain="py" no-contents-entry="False" no-index="False" no-index-entry="False" no-typesetting="False" nocontentsentry="False" noindex="False" noindexentry="False" objtype="class">
            <desc_signature _toc_name="JobStatus" _toc_parts="qci_client.qci_client JobStatus" class="" classes="sig sig-object py" fullname="JobStatus" ids="qci_client.qci_client.JobStatus" module="qci_client.qci_client"><desc_annotation xml:space="preserve">class<desc_sig_space classes="w"> </desc_sig_space></desc_annotation><desc_addname classes="sig-prename descclassname" xml:space="preserve">qci_client.qci_client.</desc_addname><desc_name classes="sig-name descname" xml:space="preserve">JobStatus</desc_name></desc_signature>
            <desc_content>
                <paragraph>Bases: <literal classes="xref py py-class">object</literal></paragraph>
                <paragraph>Allowed jobs statuses.</paragraph>
            </desc_content>
        </desc>
        <index entries="['single',\ 'QciClient\ (class\ in\ qci_client.qci_client)',\ 'qci_client.qci_client.QciClient',\ '',\ None]"></index>
        <desc classes="py class" desctype="class" domain="py" no-contents-entry="False" no-index="False" no-index-entry="False" no-typesetting="False" nocontentsentry="False" noindex="False" noindexentry="False" objtype="class">
            <desc_signature _toc_name="QciClient" _toc_parts="qci_client.qci_client QciClient" class="" classes="sig sig-object py" fullname="QciClient" ids="qci_client.qci_client.QciClient" module="qci_client.qci_client"><desc_annotation xml:space="preserve">class<desc_sig_space classes="w"> </desc_sig_space></desc_annotation><desc_addname classes="sig-prename descclassname" xml:space="preserve">qci_client.qci_client.</desc_addname><desc_name classes="sig-name descname" xml:space="preserve">QciClient</desc_name><desc_parameterlist multi_line_parameter_list="False" xml:space="preserve"><desc_parameter xml:space="preserve"><desc_sig_name classes="n">url</desc_sig_name><desc_sig_punctuation classes="p">:</desc_sig_punctuation><desc_sig_space classes="w"> </desc_sig_space><desc_sig_name classes="n">str<desc_sig_space classes="w"> </desc_sig_space><desc_sig_punctuation classes="p">|</desc_sig_punctuation><desc_sig_space classes="w"> </desc_sig_space>None</desc_sig_name><desc_sig_space classes="w"> </desc_sig_space><desc_sig_operator classes="o">=</desc_sig_operator><desc_sig_space classes="w"> </desc_sig_space><inline classes="default_value" support_smartquotes="False">None</inline></desc_parameter><desc_parameter xml:space="preserve"><desc_sig_name classes="n">api_token</desc_sig_name><desc_sig_punctuation classes="p">:</desc_sig_punctuation><desc_sig_space classes="w"> </desc_sig_space><desc_sig_name classes="n">str<desc_sig_space classes="w"> </desc_sig_space><desc_sig_punctuation classes="p">|</desc_sig_punctuation><desc_sig_space classes="w"> </desc_sig_space>None</desc_sig_name><desc_sig_space classes="w"> </desc_sig_space><desc_sig_operator classes="o">=</desc_sig_operator><desc_sig_space classes="w"> </desc_sig_space><inline classes="default_value" support_smartquotes="False">None</inline></desc_parameter><desc_parameter xml:space="preserve"><desc_sig_name classes="n">access_tokens</desc_sig_name><desc_sig_punctuation classes="p">:</desc_sig_punctuation><desc_sig_space classes="w"> </desc_sig_space><desc_sig_name classes="n">str</desc_sig_name><desc_sig_space classes="w"> </desc_sig_space><desc_sig_operator classes="o">=</desc_sig_operator><desc_sig_space classes="w"> </desc_sig_space><inline classes="default_value" support_smartquotes="False">'auth/v1/access-tokens'</inline></desc_parameter><desc_parameter xml:space="preserve"><desc_sig_name classes="n">set_bearer_token_on_init</desc_sig_name><desc_sig_punctuation classes="p">:</desc_sig_punctuation><desc_sig_space classes="w"> </desc_sig_space><desc_sig_name classes="n">bool</desc_sig_name><desc_sig_space classes="w"> </desc_sig_space><desc_sig_operator classes="o">=</desc_sig_operator><desc_sig_space classes="w"> </desc_sig_space><inline classes="default_value" support_smartquotes="False">True</inline></desc_parameter><desc_parameter xml:space="preserve"><desc_sig_name classes="n">timeout</desc_sig_name><desc_sig_punctuation classes="p">:</desc_sig_punctuation><desc_sig_space classes="w"> </desc_sig_space><desc_sig_name classes="n">float<desc_sig_space classes="w"> </desc_sig_space><desc_sig_punctuation classes="p">|</desc_sig_punctuation><desc_sig_space classes="w"> </desc_sig_space>None</desc_sig_name><desc_sig_space classes="w"> </desc_sig_space><desc_sig_operator classes="o">=</desc_sig_operator><desc_sig_space classes="w"> </desc_sig_space><inline classes="default_value" support_smartquotes="False">None</inline></desc_parameter><desc_parameter xml:space="preserve"><desc_sig_name classes="n">debug</desc_sig_name><desc_sig_punctuation classes="p">:</desc_sig_punctuation><desc_sig_space classes="w"> </desc_sig_space><desc_sig_name classes="n">bool</desc_sig_name><desc_sig_space classes="w"> </desc_sig_space><desc_sig_operator classes="o">=</desc_sig_operator><desc_sig_space classes="w"> </desc_sig_space><inline classes="default_value" support_smartquotes="False">False</inline></desc_parameter><desc_parameter xml:space="preserve"><desc_sig_name classes="n">files</desc_sig_name><desc_sig_punctuation classes="p">:</desc_sig_punctuation><desc_sig_space classes="w"> </desc_sig_space><desc_sig_name classes="n">str</desc_sig_name><desc_sig_space classes="w"> </desc_sig_space><desc_sig_operator classes="o">=</desc_sig_operator><desc_sig_space classes="w"> </desc_sig_space><inline classes="default_value" support_smartquotes="False">'optimization/v1/files'</inline></desc_parameter><desc_parameter xml:space="preserve"><desc_sig_name classes="n">jobs</desc_sig_name><desc_sig_punctuation classes="p">:</desc_sig_punctuation><desc_sig_space classes="w"> </desc_sig_space><desc_sig_name classes="n">str</desc_sig_name><desc_sig_space classes="w"> </desc_sig_space><desc_sig_operator classes="o">=</desc_sig_operator><desc_sig_space classes="w"> </desc_sig_space><inline classes="default_value" support_smartquotes="False">'optimization/v1/jobs'</inline></desc_parameter><desc_parameter xml:space="preserve"><desc_sig_name classes="n">max_workers</desc_sig_name><desc_sig_punctuation classes="p">:</desc_sig_punctuation><desc_sig_space classes="w"> </desc_sig_space><desc_sig_name classes="n">int</desc_sig_name><desc_sig_space classes="w"> </desc_sig_space><desc_sig_operator classes="o">=</desc_sig_operator><desc_sig_space classes="w"> </desc_sig_space><inline classes="default_value" support_smartquotes="False">8</inline></desc_parameter><desc_parameter xml:space="preserve"><desc_sig_name classes="n">compress</desc_sig_name><desc_sig_punctuation classes="p">:</desc_sig_punctuation><desc_sig_space classes="w"> </desc_sig_space><desc_sig_name classes="n">bool</desc_sig_name><desc_sig_space classes="w"> </desc_sig_space><desc_sig_operator classes="o">=</desc_sig_operator><desc_sig_space classes="w"> </desc_sig_space><inline classes="default_value" support_smartquotes="False">False</inline></desc_parameter></desc_parameterlist></desc_signature>
            <desc_content>
                <paragraph>Bases: <reference internal="True" refid="qci_client.base.BaseApi" reftitle="qci_client.base.BaseApi"><literal classes="xref py py-class">BaseApi</literal></reference></paragraph>
                <paragraph>Provides requests for QCi’s public API for running optimization problems on Dirac
                    devices, including file uploads/downloads and submitting/retrieving entire jobs.</paragraph>
                <paragraph>Accepts same parameters as <reference internal="True" refid="qci_client.base.BaseApi" reftitle="qci_client.base.BaseApi"><literal classes="xref py py-class">qci_client.base.BaseApi</literal></reference> as well as:</paragraph>
                <field_list>
                    <field>
                        <field_name>Parameters</field_name>
                        <field_body>
                            <bullet_list>
                                <list_item>
                                    <paragraph><literal_strong>files</literal_strong> – url path fragment to specify files API endpoint</paragraph>
                                </list_item>
                                <list_item>
                                    <paragraph><literal_strong>jobs</literal_strong> – url path fragment to specify jobs API endpoint</paragraph>
                                </list_item>
                                <list_item>
                                    <paragraph><literal_strong>max_workers</literal_strong> – number of threads for concurrent file download calls</paragraph>
                                </list_item>
                                <list_item>
                                    <paragraph><literal_strong>compress</literal_strong> – compress file metadata and parts before uploading</paragraph>
                                </list_item>
                            </bullet_list>
                        </field_body>
                    </field>
                </field_list>
                <index entries="['single',\ 'build_job_body()\ (qci_client.qci_client.QciClient\ method)',\ 'qci_client.qci_client.QciClient.build_job_body',\ '',\ None]"></index>
                <desc classes="py method" desctype="method" domain="py" no-contents-entry="False" no-index="False" no-index-entry="False" no-typesetting="False" nocontentsentry="False" noindex="False" noindexentry="False" objtype="method">
                    <desc_signature _toc_name="QciClient.build_job_body()" _toc_parts="qci_client.qci_client QciClient build_job_body" class="QciClient" classes="sig sig-object py" fullname="QciClient.build_job_body" ids="qci_client.qci_client.QciClient.build_job_body" module="qci_client.qci_client"><desc_name classes="sig-name descname" xml:space="preserve">build_job_body</desc_name><desc_parameterlist multi_line_parameter_list="False" xml:space="preserve"><desc_parameter xml:space="preserve"><desc_sig_name classes="n">job_type</desc_sig_name><desc_sig_punctuation classes="p">:</desc_sig_punctuation><desc_sig_space classes="w"> </desc_sig_space><desc_sig_name classes="n">str</desc_sig_name></desc_parameter><desc_parameter xml:space="preserve"><desc_sig_name classes="n">job_params</desc_sig_name><desc_sig_punctuation classes="p">:</desc_sig_punctuation><desc_sig_space classes="w"> </desc_sig_space><desc_sig_name classes="n">dict</desc_sig_name></desc_parameter><desc_parameter xml:space="preserve"><desc_sig_name classes="n">qubo_file_id</desc_sig_name><desc_sig_punctuation classes="p">:</desc_sig_punctuation><desc_sig_space classes="w"> </desc_sig_space><desc_sig_name classes="n">str<desc_sig_space classes="w"> </desc_sig_space><desc_sig_punctuation classes="p">|</desc_sig_punctuation><desc_sig_space classes="w"> </desc_sig_space>None</desc_sig_name><desc_sig_space classes="w"> </desc_sig_space><desc_sig_operator classes="o">=</desc_sig_operator><desc_sig_space classes="w"> </desc_sig_space><inline classes="default_value" support_smartquotes="False">None</inline></desc_parameter><desc_parameter xml:space="preserve"><desc_sig_name classes="n">graph_file_id</desc_sig_name><desc_sig_punctuation classes="p">:</desc_sig_punctuation><desc_sig_space classes="w"> </desc_sig_space><desc_sig_name classes="n">str<desc_sig_space classes="w"> </desc_sig_space><desc_sig_punctuation classes="p">|</desc_sig_punctuation><desc_sig_space classes="w"> </desc_sig_space>None</desc_sig_name><desc_sig_space classes="w"> </desc_sig_space><desc_sig_operator classes="o">=</desc_sig_operator><desc_sig_space classes="w"> </desc_sig_space><inline classes="default_value" support_smartquotes="False">None</inline></desc_parameter><desc_parameter xml:space="preserve"><desc_sig_name classes="n">hamiltonian_file_id</desc_sig_name><desc_sig_punctuation classes="p">:</desc_sig_punctuation><desc_sig_space classes="w"> </desc_sig_space><desc_sig_name classes="n">str<desc_sig_space classes="w"> </desc_sig_space><desc_sig_punctuation classes="p">|</desc_sig_punctuation><desc_sig_space classes="w"> </desc_sig_space>None</desc_sig_name><desc_sig_space classes="w"> </desc_sig_space><desc_sig_operator classes="o">=</desc_sig_operator><desc_sig_space classes="w"> </desc_sig_space><inline classes="default_value" support_smartquotes="False">None</inline></desc_parameter><desc_parameter xml:space="preserve"><desc_sig_name classes="n">objective_file_id</desc_sig_name><desc_sig_punctuation classes="p">:</desc_sig_punctuation><desc_sig_space classes="w"> </desc_sig_space><desc_sig_name classes="n">str<desc_sig_space classes="w"> </desc_sig_space><desc_sig_punctuation classes="p">|</desc_sig_punctuation><desc_sig_space classes="w"> </desc_sig_space>None</desc_sig_name><desc_sig_space classes="w"> </desc_sig_space><desc_sig_operator classes="o">=</desc_sig_operator><desc_sig_space classes="w"> </desc_sig_space><inline classes="default_value" support_smartquotes="False">None</inline></desc_parameter><desc_parameter xml:space="preserve"><desc_sig_name classes="n">constraints_file_id</desc_sig_name><desc_sig_punctuation classes="p">:</desc_sig_punctuation><desc_sig_space classes="w"> </desc_sig_space><desc_sig_name classes="n">str<desc_sig_space classes="w"> </desc_sig_space><desc_sig_punctuation classes="p">|</desc_sig_punctuation><desc_sig_space classes="w"> </desc_sig_space>None</desc_sig_name><desc_sig_space classes="w"> </desc_sig_space><desc_sig_operator classes="o">=</desc_sig_operator><desc_sig_space classes="w"> </desc_sig_space><inline classes="default_value" support_smartquotes="False">None</inline></desc_parameter><desc_parameter xml:space="preserve"><desc_sig_name classes="n">polynomial_file_id</desc_sig_name><desc_sig_punctuation classes="p">:</desc_sig_punctuation><desc_sig_space classes="w"> </desc_sig_space><desc_sig_name classes="n">str<desc_sig_space classes="w"> </desc_sig_space><desc_sig_punctuation classes="p">|</desc_sig_punctuation><desc_sig_space classes="w"> </desc_sig_space>None</desc_sig_name><desc_sig_space classes="w"> </desc_sig_space><desc_sig_operator classes="o">=</desc_sig_operator><desc_sig_space classes="w"> </desc_sig_space><inline classes="default_value" support_smartquotes="False">None</inline></desc_parameter><desc_parameter xml:space="preserve"><desc_sig_name classes="n">job_name</desc_sig_name><desc_sig_punctuation classes="p">:</desc_sig_punctuation><desc_sig_space classes="w"> </desc_sig_space><desc_sig_name classes="n">str<desc_sig_space classes="w"> </desc_sig_space><desc_sig_punctuation classes="p">|</desc_sig_punctuation><desc_sig_space classes="w"> </desc_sig_space>None</desc_sig_name><desc_sig_space classes="w"> </desc_sig_space><desc_sig_operator classes="o">=</desc_sig_operator><desc_sig_space classes="w"> </desc_sig_space><inline classes="default_value" support_smartquotes="False">None</inline></desc_parameter><desc_parameter xml:space="preserve"><desc_sig_name classes="n">job_tags</desc_sig_name><desc_sig_punctuation classes="p">:</desc_sig_punctuation><desc_sig_space classes="w"> </desc_sig_space><desc_sig_name classes="n">list<desc_sig_space classes="w"> </desc_sig_space><desc_sig_punctuation classes="p">|</desc_sig_punctuation><desc_sig_space classes="w"> </desc_sig_space>None</desc_sig_name><desc_sig_space classes="w"> </desc_sig_space><desc_sig_operator classes="o">=</desc_sig_operator><desc_sig_space classes="w"> </desc_sig_space><inline classes="default_value" support_smartquotes="False">None</inline></desc_parameter></desc_parameterlist><desc_returns xml:space="preserve">dict</desc_returns></desc_signature>
                    <desc_content>
                        <paragraph>Constructs body for job submission requests</paragraph>
                        <field_list>
                            <field>
                                <field_name>Parameters</field_name>
                                <field_body>
                                    <bullet_list>
                                        <list_item>
                                            <paragraph><literal_strong>job_type</literal_strong> – one of _supported_job_types</paragraph>
                                        </list_item>
                                        <list_item>
                                            <paragraph><literal_strong>job_params</literal_strong> – dict of params to be passed to job submission in “params” key</paragraph>
                                        </list_item>
                                        <list_item>
                                            <paragraph><literal_strong>qubo_file_id</literal_strong> – file id from files API for uploaded qubo</paragraph>
                                        </list_item>
                                        <list_item>
                                            <paragraph><literal_strong>graph_file_id</literal_strong> – file id from files API for uploaded graph</paragraph>
                                        </list_item>
                                        <list_item>
                                            <paragraph><literal_strong>hamiltonian_file_id</literal_strong> – file id from files API for uploaded hamiltonian</paragraph>
                                        </list_item>
                                        <list_item>
                                            <paragraph><literal_strong>objective_file_id</literal_strong> – file id from files API for uploaded objective</paragraph>
                                        </list_item>
                                        <list_item>
                                            <paragraph><literal_strong>constraints_file_id</literal_strong> – file id from files API for uploaded constraints</paragraph>
                                        </list_item>
                                        <list_item>
                                            <paragraph><literal_strong>polynomial_file_id</literal_strong> – file id from files API for uploaded polynomial</paragraph>
                                        </list_item>
                                        <list_item>
                                            <paragraph><literal_strong>job_name</literal_strong> – user specified name for job submission</paragraph>
                                        </list_item>
                                        <list_item>
                                            <paragraph><literal_strong>job_tags</literal_strong> – user specified labels for classifying and filtering user jobs after submission</paragraph>
                                        </list_item>
                                    </bullet_list>
                                </field_body>
                            </field>
                            <field>
                                <field_name>Returns</field_name>
                                <field_body>
                                    <paragraph>None</paragraph>
                                </field_body>
                            </field>
                        </field_list>
                    </desc_content>
                </desc>
                <index entries="['single',\ 'delete_file()\ (qci_client.qci_client.QciClient\ method)',\ 'qci_client.qci_client.QciClient.delete_file',\ '',\ None]"></index>
                <desc classes="py method" desctype="method" domain="py" no-contents-entry="False" no-index="False" no-index-entry="False" no-typesetting="False" nocontentsentry="False" noindex="False" noindexentry="False" objtype="method">
                    <desc_signature _toc_name="QciClient.delete_file()" _toc_parts="qci_client.qci_client QciClient delete_file" class="QciClient" classes="sig sig-object py" fullname="QciClient.delete_file" ids="qci_client.qci_client.QciClient.delete_file" module="qci_client.qci_client"><desc_name classes="sig-name descname" xml:space="preserve">delete_file</desc_name><desc_parameterlist multi_line_parameter_list="False" xml:space="preserve"><desc_parameter xml:space="preserve"><desc_sig_name classes="n">file_id</desc_sig_name><desc_sig_punctuation classes="p">:</desc_sig_punctuation><desc_sig_space classes="w"> </desc_sig_space><desc_sig_name classes="n">str</desc_sig_name></desc_parameter></desc_parameterlist><desc_returns xml:space="preserve">dict</desc_returns></desc_signature>
                    <desc_content>
                        <field_list>
                            <field>
                                <field_name>Parameters</field_name>
                                <field_body>
                                    <paragraph><literal_strong>file_id</literal_strong> – str - file_id of file to be deleted</paragraph>
                                </field_body>
                            </field>
                            <field>
                                <field_name>Returns</field_name>
                                <field_body>
                                    <paragraph>dict containing information about file deleted (or error)</paragraph>
                                </field_body>
                            </field>
                        </field_list>
                    </desc_content>
                </desc>
                <index entries="['single',\ 'download_file()\ (qci_client.qci_client.QciClient\ method)',\ 'qci_client.qci_client.QciClient.download_file',\ '',\ None]"></index>
                <desc classes="py method" desctype="method" domain="py" no-contents-entry="False" no-index="False" no-index-entry="False" no-typesetting="False" nocontentsentry="False" noindex="False" noindexentry="False" objtype="method">
                    <desc_signature _toc_name="QciClient.download_file()" _toc_parts="qci_client.qci_client QciClient download_file" class="QciClient" classes="sig sig-object py" fullname="QciClient.download_file" ids="qci_client.qci_client.QciClient.download_file" module="qci_client.qci_client"><desc_name classes="sig-name descname" xml:space="preserve">download_file</desc_name><desc_parameterlist multi_line_parameter_list="False" xml:space="preserve"><desc_parameter xml:space="preserve"><desc_sig_operator classes="o">*</desc_sig_operator></desc_parameter><desc_parameter xml:space="preserve"><desc_sig_name classes="n">file_id</desc_sig_name><desc_sig_punctuation classes="p">:</desc_sig_punctuation><desc_sig_space classes="w"> </desc_sig_space><desc_sig_name classes="n">str</desc_sig_name></desc_parameter></desc_parameterlist><desc_returns xml:space="preserve">dict</desc_returns></desc_signature>
                    <desc_content>
                        <paragraph>Download file (metadata and then parts concurrently).</paragraph>
                    </desc_content>
                </desc>
                <index entries="['single',\ 'files_url\ (qci_client.qci_client.QciClient\ property)',\ 'qci_client.qci_client.QciClient.files_url',\ '',\ None]"></index>
                <desc classes="py property" desctype="property" domain="py" no-contents-entry="False" no-index="False" no-index-entry="False" no-typesetting="False" nocontentsentry="False" noindex="False" noindexentry="False" objtype="property">
                    <desc_signature _toc_name="QciClient.files_url" _toc_parts="qci_client.qci_client QciClient files_url" class="QciClient" classes="sig sig-object py" fullname="QciClient.files_url" ids="qci_client.qci_client.QciClient.files_url" module="qci_client.qci_client"><desc_annotation xml:space="preserve">property<desc_sig_space classes="w"> </desc_sig_space></desc_annotation><desc_name classes="sig-name descname" xml:space="preserve">files_url</desc_name></desc_signature>
                    <desc_content>
                        <paragraph>Get files URL.</paragraph>
                    </desc_content>
                </desc>
                <index entries="['single',\ 'get_file_contents_url()\ (qci_client.qci_client.QciClient\ method)',\ 'qci_client.qci_client.QciClient.get_file_contents_url',\ '',\ None]"></index>
                <desc classes="py method" desctype="method" domain="py" no-contents-entry="False" no-index="False" no-index-entry="False" no-typesetting="False" nocontentsentry="False" noindex="False" noindexentry="False" objtype="method">
                    <desc_signature _toc_name="QciClient.get_file_contents_url()" _toc_parts="qci_client.qci_client QciClient get_file_contents_url" class="QciClient" classes="sig sig-object py" fullname="QciClient.get_file_contents_url" ids="qci_client.qci_client.QciClient.get_file_contents_url" module="qci_client.qci_client"><desc_name classes="sig-name descname" xml:space="preserve">get_file_contents_url</desc_name><desc_parameterlist multi_line_parameter_list="False" xml:space="preserve"><desc_parameter xml:space="preserve"><desc_sig_name classes="n">file_id</desc_sig_name><desc_sig_punctuation classes="p">:</desc_sig_punctuation><desc_sig_space classes="w"> </desc_sig_space><desc_sig_name classes="n">str</desc_sig_name></desc_parameter><desc_parameter xml:space="preserve"><desc_sig_name classes="n">part_num</desc_sig_name><desc_sig_punctuation classes="p">:</desc_sig_punctuation><desc_sig_space classes="w"> </desc_sig_space><desc_sig_name classes="n">int</desc_sig_name></desc_parameter></desc_parameterlist><desc_returns xml:space="preserve">str</desc_returns></desc_signature>
                    <desc_content>
                        <paragraph>Get file contents URL with file ID and file part number.</paragraph>
                    </desc_content>
                </desc>
                <index entries="['single',\ 'get_file_id_url()\ (qci_client.qci_client.QciClient\ method)',\ 'qci_client.qci_client.QciClient.get_file_id_url',\ '',\ None]"></index>
                <desc classes="py method" desctype="method" domain="py" no-contents-entry="False" no-index="False" no-index-entry="False" no-typesetting="False" nocontentsentry="False" noindex="False" noindexentry="False" objtype="method">
                    <desc_signature _toc_name="QciClient.get_file_id_url()" _toc_parts="qci_client.qci_client QciClient get_file_id_url" class="QciClient" classes="sig sig-object py" fullname="QciClient.get_file_id_url" ids="qci_client.qci_client.QciClient.get_file_id_url" module="qci_client.qci_client"><desc_name classes="sig-name descname" xml:space="preserve">get_file_id_url</desc_name><desc_parameterlist multi_line_parameter_list="False" xml:space="preserve"><desc_parameter xml:space="preserve"><desc_sig_name classes="n">file_id</desc_sig_name><desc_sig_punctuation classes="p">:</desc_sig_punctuation><desc_sig_space classes="w"> </desc_sig_space><desc_sig_name classes="n">str</desc_sig_name></desc_parameter></desc_parameterlist><desc_returns xml:space="preserve">str</desc_returns></desc_signature>
                    <desc_content>
                        <paragraph>Get file URL with file ID.</paragraph>
                    </desc_content>
                </desc>
                <index entries="['single',\ 'get_job_allocations_url()\ (qci_client.qci_client.QciClient\ method)',\ 'qci_client.qci_client.QciClient.get_job_allocations_url',\ '',\ None]"></index>
                <desc classes="py method" desctype="method" domain="py" no-contents-entry="False" no-index="False" no-index-entry="False" no-typesetting="False" nocontentsentry="False" noindex="False" noindexentry="False" objtype="method">
                    <desc_signature _toc_name="QciClient.get_job_allocations_url()" _toc_parts="qci_client.qci_client QciClient get_job_allocations_url" class="QciClient" classes="sig sig-object py" fullname="QciClient.get_job_allocations_url" ids="qci_client.qci_client.QciClient.get_job_allocations_url" module="qci_client.qci_client"><desc_name classes="sig-name descname" xml:space="preserve">get_job_allocations_url</desc_name><desc_parameterlist xml:space="preserve"></desc_parameterlist><desc_returns xml:space="preserve">str</desc_returns></desc_signature>
                    <desc_content>
                        <paragraph>Get job allocations</paragraph>
                    </desc_content>
                </desc>
                <index entries="['single',\ 'get_job_id_url()\ (qci_client.qci_client.QciClient\ method)',\ 'qci_client.qci_client.QciClient.get_job_id_url',\ '',\ None]"></index>
                <desc classes="py method" desctype="method" domain="py" no-contents-entry="False" no-index="False" no-index-entry="False" no-typesetting="False" nocontentsentry="False" noindex="False" noindexentry="False" objtype="method">
                    <desc_signature _toc_name="QciClient.get_job_id_url()" _toc_parts="qci_client.qci_client QciClient get_job_id_url" class="QciClient" classes="sig sig-object py" fullname="QciClient.get_job_id_url" ids="qci_client.qci_client.QciClient.get_job_id_url" module="qci_client.qci_client"><desc_name classes="sig-name descname" xml:space="preserve">get_job_id_url</desc_name><desc_parameterlist multi_line_parameter_list="False" xml:space="preserve"><desc_parameter xml:space="preserve"><desc_sig_name classes="n">job_id</desc_sig_name><desc_sig_punctuation classes="p">:</desc_sig_punctuation><desc_sig_space classes="w"> </desc_sig_space><desc_sig_name classes="n">str</desc_sig_name></desc_parameter></desc_parameterlist><desc_returns xml:space="preserve">str</desc_returns></desc_signature>
                    <desc_content>
                        <paragraph>Get job URL with job ID.</paragraph>
                    </desc_content>
                </desc>
                <index entries="['single',\ 'get_job_response()\ (qci_client.qci_client.QciClient\ method)',\ 'qci_client.qci_client.QciClient.get_job_response',\ '',\ None]"></index>
                <desc classes="py method" desctype="method" domain="py" no-contents-entry="False" no-index="False" no-index-entry="False" no-typesetting="False" nocontentsentry="False" noindex="False" noindexentry="False" objtype="method">
                    <desc_signature _toc_name="QciClient.get_job_response()" _toc_parts="qci_client.qci_client QciClient get_job_response" class="QciClient" classes="sig sig-object py" fullname="QciClient.get_job_response" ids="qci_client.qci_client.QciClient.get_job_response" module="qci_client.qci_client"><desc_name classes="sig-name descname" xml:space="preserve">get_job_response</desc_name><desc_parameterlist multi_line_parameter_list="False" xml:space="preserve"><desc_parameter xml:space="preserve"><desc_sig_name classes="n">job_id</desc_sig_name><desc_sig_punctuation classes="p">:</desc_sig_punctuation><desc_sig_space classes="w"> </desc_sig_space><desc_sig_name classes="n">str</desc_sig_name></desc_parameter><desc_parameter xml:space="preserve"><desc_sig_name classes="n">job_type</desc_sig_name><desc_sig_punctuation classes="p">:</desc_sig_punctuation><desc_sig_space classes="w"> </desc_sig_space><desc_sig_name classes="n">str</desc_sig_name></desc_parameter></desc_parameterlist><desc_returns xml:space="preserve">dict</desc_returns></desc_signature>
                    <desc_content>
                        <paragraph>Get a response for a job by id and type, which may/may not be finished.</paragraph>
                        <field_list>
                            <field>
                                <field_name>Parameters</field_name>
                                <field_body>
                                    <bullet_list>
                                        <list_item>
                                            <paragraph><literal_strong>job_id</literal_strong> – ID of job</paragraph>
                                        </list_item>
                                        <list_item>
                                            <paragraph><literal_strong>job_type</literal_strong> – type of job, one of []</paragraph>
                                        </list_item>
                                    </bullet_list>
                                </field_body>
                            </field>
                            <field>
                                <field_name>Return dict</field_name>
                                <field_body>
                                    <paragraph>loaded json file</paragraph>
                                </field_body>
                            </field>
                        </field_list>
                    </desc_content>
                </desc>
                <index entries="['single',\ 'get_job_status()\ (qci_client.qci_client.QciClient\ method)',\ 'qci_client.qci_client.QciClient.get_job_status',\ '',\ None]"></index>
                <desc classes="py method" desctype="method" domain="py" no-contents-entry="False" no-index="False" no-index-entry="False" no-typesetting="False" nocontentsentry="False" noindex="False" noindexentry="False" objtype="method">
                    <desc_signature _toc_name="QciClient.get_job_status()" _toc_parts="qci_client.qci_client QciClient get_job_status" class="QciClient" classes="sig sig-object py" fullname="QciClient.get_job_status" ids="qci_client.qci_client.QciClient.get_job_status" module="qci_client.qci_client"><desc_name classes="sig-name descname" xml:space="preserve">get_job_status</desc_name><desc_parameterlist multi_line_parameter_list="False" xml:space="preserve"><desc_parameter xml:space="preserve"><desc_sig_name classes="n">job_id</desc_sig_name><desc_sig_punctuation classes="p">:</desc_sig_punctuation><desc_sig_space classes="w"> </desc_sig_space><desc_sig_name classes="n">str</desc_sig_name></desc_parameter></desc_parameterlist><desc_returns xml:space="preserve">dict</desc_returns></desc_signature>
                    <desc_content>
                        <paragraph>Get the status of a job by its ID.</paragraph>
                        <field_list>
                            <field>
                                <field_name>Parameters</field_name>
                                <field_body>
                                    <paragraph><literal_strong>job_id</literal_strong> – ID of job</paragraph>
                                </field_body>
                            </field>
                            <field>
                                <field_name>Returns</field_name>
                                <field_body>
                                    <paragraph>Response from GET call to API</paragraph>
                                </field_body>
                            </field>
                        </field_list>
                    </desc_content>
                </desc>
                <index entries="['single',\ 'get_job_status_url()\ (qci_client.qci_client.QciClient\ method)',\ 'qci_client.qci_client.QciClient.get_job_status_url',\ '',\ None]"></index>
                <desc classes="py method" desctype="method" domain="py" no-contents-entry="False" no-index="False" no-index-entry="False" no-typesetting="False" nocontentsentry="False" noindex="False" noindexentry="False" objtype="method">
                    <desc_signature _toc_name="QciClient.get_job_status_url()" _toc_parts="qci_client.qci_client QciClient get_job_status_url" class="QciClient" classes="sig sig-object py" fullname="QciClient.get_job_status_url" ids="qci_client.qci_client.QciClient.get_job_status_url" module="qci_client.qci_client"><desc_name classes="sig-name descname" xml:space="preserve">get_job_status_url</desc_name><desc_parameterlist multi_line_parameter_list="False" xml:space="preserve"><desc_parameter xml:space="preserve"><desc_sig_name classes="n">job_id</desc_sig_name><desc_sig_punctuation classes="p">:</desc_sig_punctuation><desc_sig_space classes="w"> </desc_sig_space><desc_sig_name classes="n">str</desc_sig_name></desc_parameter></desc_parameterlist><desc_returns xml:space="preserve">str</desc_returns></desc_signature>
                    <desc_content>
                        <paragraph>Get job status using job ID.</paragraph>
                    </desc_content>
                </desc>
                <index entries="['single',\ 'get_job_type_from_job_id()\ (qci_client.qci_client.QciClient\ method)',\ 'qci_client.qci_client.QciClient.get_job_type_from_job_id',\ '',\ None]"></index>
                <desc classes="py method" desctype="method" domain="py" no-contents-entry="False" no-index="False" no-index-entry="False" no-typesetting="False" nocontentsentry="False" noindex="False" noindexentry="False" objtype="method">
                    <desc_signature _toc_name="QciClient.get_job_type_from_job_id()" _toc_parts="qci_client.qci_client QciClient get_job_type_from_job_id" class="QciClient" classes="sig sig-object py" fullname="QciClient.get_job_type_from_job_id" ids="qci_client.qci_client.QciClient.get_job_type_from_job_id" module="qci_client.qci_client"><desc_name classes="sig-name descname" xml:space="preserve">get_job_type_from_job_id</desc_name><desc_parameterlist multi_line_parameter_list="False" xml:space="preserve"><desc_parameter xml:space="preserve"><desc_sig_name classes="n">job_id</desc_sig_name><desc_sig_punctuation classes="p">:</desc_sig_punctuation><desc_sig_space classes="w"> </desc_sig_space><desc_sig_name classes="n">str</desc_sig_name></desc_parameter></desc_parameterlist><desc_returns xml:space="preserve">str</desc_returns></desc_signature>
                    <desc_content>
                        <paragraph>Get job type from job ID.</paragraph>
                        <field_list>
                            <field>
                                <field_name>Parameters</field_name>
                                <field_body>
                                    <paragraph><literal_strong>job_id</literal_strong> – ID of the job</paragraph>
                                </field_body>
                            </field>
                            <field>
                                <field_name>Returns</field_name>
                                <field_body>
                                    <paragraph>Type of the job</paragraph>
                                </field_body>
                            </field>
                        </field_list>
                    </desc_content>
                </desc>
                <index entries="['single',\ 'headers_without_authorization\ (qci_client.qci_client.QciClient\ property)',\ 'qci_client.qci_client.QciClient.headers_without_authorization',\ '',\ None]"></index>
                <desc classes="py property" desctype="property" domain="py" no-contents-entry="False" no-index="False" no-index-entry="False" no-typesetting="False" nocontentsentry="False" noindex="False" noindexentry="False" objtype="property">
                    <desc_signature _toc_name="QciClient.headers_without_authorization" _toc_parts="qci_client.qci_client QciClient headers_without_authorization" class="QciClient" classes="sig sig-object py" fullname="QciClient.headers_without_authorization" ids="qci_client.qci_client.QciClient.headers_without_authorization" module="qci_client.qci_client"><desc_annotation xml:space="preserve">property<desc_sig_space classes="w"> </desc_sig_space></desc_annotation><desc_name classes="sig-name descname" xml:space="preserve">headers_without_authorization</desc_name><desc_annotation xml:space="preserve"><desc_sig_punctuation classes="p">:</desc_sig_punctuation><desc_sig_space classes="w"> </desc_sig_space>dict</desc_annotation></desc_signature>
                    <desc_content>
                        <paragraph>HTTP headers without bearer token.</paragraph>
                    </desc_content>
                </desc>
                <index entries="['single',\ 'jobs_url\ (qci_client.qci_client.QciClient\ property)',\ 'qci_client.qci_client.QciClient.jobs_url',\ '',\ None]"></index>
                <desc classes="py property" desctype="property" domain="py" no-contents-entry="False" no-index="False" no-index-entry="False" no-typesetting="False" nocontentsentry="False" noindex="False" noindexentry="False" objtype="property">
                    <desc_signature _toc_name="QciClient.jobs_url" _toc_parts="qci_client.qci_client QciClient jobs_url" class="QciClient" classes="sig sig-object py" fullname="QciClient.jobs_url" ids="qci_client.qci_client.QciClient.jobs_url" module="qci_client.qci_client"><desc_annotation xml:space="preserve">property<desc_sig_space classes="w"> </desc_sig_space></desc_annotation><desc_name classes="sig-name descname" xml:space="preserve">jobs_url</desc_name></desc_signature>
                    <desc_content>
                        <paragraph>Get jobs URL.</paragraph>
                    </desc_content>
                </desc>
                <index entries="['single',\ 'list_files()\ (qci_client.qci_client.QciClient\ method)',\ 'qci_client.qci_client.QciClient.list_files',\ '',\ None]"></index>
                <desc classes="py method" desctype="method" domain="py" no-contents-entry="False" no-index="False" no-index-entry="False" no-typesetting="False" nocontentsentry="False" noindex="False" noindexentry="False" objtype="method">
                    <desc_signature _toc_name="QciClient.list_files()" _toc_parts="qci_client.qci_client QciClient list_files" class="QciClient" classes="sig sig-object py" fullname="QciClient.list_files" ids="qci_client.qci_client.QciClient.list_files" module="qci_client.qci_client"><desc_name classes="sig-name descname" xml:space="preserve">list_files</desc_name><desc_parameterlist multi_line_parameter_list="False" xml:space="preserve"><desc_parameter xml:space="preserve"><desc_sig_name classes="n">username</desc_sig_name><desc_sig_punctuation classes="p">:</desc_sig_punctuation><desc_sig_space classes="w"> </desc_sig_space><desc_sig_name classes="n">str<desc_sig_space classes="w"> </desc_sig_space><desc_sig_punctuation classes="p">|</desc_sig_punctuation><desc_sig_space classes="w"> </desc_sig_space>None</desc_sig_name><desc_sig_space classes="w"> </desc_sig_space><desc_sig_operator classes="o">=</desc_sig_operator><desc_sig_space classes="w"> </desc_sig_space><inline classes="default_value" support_smartquotes="False">None</inline></desc_parameter></desc_parameterlist><desc_returns xml:space="preserve">dict</desc_returns></desc_signature>
                    <desc_content>
                        <field_list>
                            <field>
                                <field_name>Parameters</field_name>
                                <field_body>
                                    <paragraph><literal_strong>username</literal_strong> – Optional str - username (to search for files owned by the named user)
                                        mostly useful when run by users with administrator privileges (such as QCI users) who can see all files.
                                        When called by an administrator, the username parameter is used to restrict the list files returned
                                        to be only the files owned by the user specified in the username parameter.
                                        When run by non-privileged users, this parameter is truly optional because non-privileged users
                                        will only ever see lists of files that they created.</paragraph>
                                </field_body>
                            </field>
                            <field>
                                <field_name>Returns</field_name>
                                <field_body>
                                    <paragraph>dict containing list of files</paragraph>
                                </field_body>
                            </field>
                        </field_list>
                    </desc_content>
                </desc>
                <index entries="['single',\ 'print_job_log()\ (qci_client.qci_client.QciClient\ method)',\ 'qci_client.qci_client.QciClient.print_job_log',\ '',\ None]"></index>
                <desc classes="py method" desctype="method" domain="py" no-contents-entry="False" no-index="False" no-index-entry="False" no-typesetting="False" nocontentsentry="False" noindex="False" noindexentry="False" objtype="method">
                    <desc_signature _toc_name="QciClient.print_job_log()" _toc_parts="qci_client.qci_client QciClient print_job_log" class="QciClient" classes="sig sig-object py" fullname="QciClient.print_job_log" ids="qci_client.qci_client.QciClient.print_job_log" module="qci_client.qci_client"><desc_name classes="sig-name descname" xml:space="preserve">print_job_log</desc_name><desc_parameterlist multi_line_parameter_list="False" xml:space="preserve"><desc_parameter xml:space="preserve"><desc_sig_name classes="n">message</desc_sig_name><desc_sig_punctuation classes="p">:</desc_sig_punctuation><desc_sig_space classes="w"> </desc_sig_space><desc_sig_name classes="n">str</desc_sig_name></desc_parameter></desc_parameterlist><desc_returns xml:space="preserve">None</desc_returns></desc_signature>
                    <desc_content>
                        <paragraph>Formats a messages for updating user with a time stamp appended
                            :param message: a string to be passed in print statement</paragraph>
                    </desc_content>
                </desc>
                <index entries="['single',\ 'process_job()\ (qci_client.qci_client.QciClient\ method)',\ 'qci_client.qci_client.QciClient.process_job',\ '',\ None]"></index>
                <desc classes="py method" desctype="method" domain="py" no-contents-entry="False" no-index="False" no-index-entry="False" no-typesetting="False" nocontentsentry="False" noindex="False" noindexentry="False" objtype="method">
                    <desc_signature _toc_name="QciClient.process_job()" _toc_parts="qci_client.qci_client QciClient process_job" class="QciClient" classes="sig sig-object py" fullname="QciClient.process_job" ids="qci_client.qci_client.QciClient.process_job" module="qci_client.qci_client"><desc_name classes="sig-name descname" xml:space="preserve">process_job</desc_name><desc_parameterlist multi_line_parameter_list="False" xml:space="preserve"><desc_parameter xml:space="preserve"><desc_sig_name classes="n">job_type</desc_sig_name><desc_sig_punctuation classes="p">:</desc_sig_punctuation><desc_sig_space classes="w"> </desc_sig_space><desc_sig_name classes="n">str</desc_sig_name></desc_parameter><desc_parameter xml:space="preserve"><desc_sig_name classes="n">job_body</desc_sig_name><desc_sig_punctuation classes="p">:</desc_sig_punctuation><desc_sig_space classes="w"> </desc_sig_space><desc_sig_name classes="n">dict</desc_sig_name></desc_parameter><desc_parameter xml:space="preserve"><desc_sig_name classes="n">wait</desc_sig_name><desc_sig_punctuation classes="p">:</desc_sig_punctuation><desc_sig_space classes="w"> </desc_sig_space><desc_sig_name classes="n">bool</desc_sig_name><desc_sig_space classes="w"> </desc_sig_space><desc_sig_operator classes="o">=</desc_sig_operator><desc_sig_space classes="w"> </desc_sig_space><inline classes="default_value" support_smartquotes="False">True</inline></desc_parameter></desc_parameterlist><desc_returns xml:space="preserve">dict</desc_returns></desc_signature>
                    <desc_content>
                        <field_list>
                            <field>
                                <field_name>Parameters</field_name>
                                <field_body>
                                    <bullet_list>
                                        <list_item>
                                            <paragraph><literal_strong>job_type</literal_strong> – the type of job being processed must be one of _supported_job_types</paragraph>
                                        </list_item>
                                        <list_item>
                                            <paragraph><literal_strong>job_body</literal_strong> – formatted json dict for body of job submission request</paragraph>
                                        </list_item>
                                        <list_item>
                                            <paragraph><literal_strong>wait</literal_strong> – bool indicating whether or not user wants to wait for job to complete</paragraph>
                                        </list_item>
                                    </bullet_list>
                                </field_body>
                            </field>
                            <field>
                                <field_name>Returns</field_name>
                                <field_body>
                                    <paragraph><definition_list><definition_list_item><term>if wait is True, then dict with job_info response and results file</term><definition><paragraph>(results is None if ERRORED or CANCELLED)</paragraph></definition></definition_list_item><definition_list_item><term>if wait is False, then response dict from submitted job, which includes job</term><definition><paragraph>ID for subsequent retrieval</paragraph></definition></definition_list_item></definition_list></paragraph>
                                </field_body>
                            </field>
                            <field>
                                <field_name>Note</field_name>
                                <field_body>
                                    <paragraph>what else do we want to return with the results? response_id, obviously job_id</paragraph>
                                </field_body>
                            </field>
                        </field_list>
                    </desc_content>
                </desc>
                <index entries="['single',\ 'submit_job()\ (qci_client.qci_client.QciClient\ method)',\ 'qci_client.qci_client.QciClient.submit_job',\ '',\ None]"></index>
                <desc classes="py method" desctype="method" domain="py" no-contents-entry="False" no-index="False" no-index-entry="False" no-typesetting="False" nocontentsentry="False" noindex="False" noindexentry="False" objtype="method">
                    <desc_signature _toc_name="QciClient.submit_job()" _toc_parts="qci_client.qci_client QciClient submit_job" class="QciClient" classes="sig sig-object py" fullname="QciClient.submit_job" ids="qci_client.qci_client.QciClient.submit_job" module="qci_client.qci_client"><desc_name classes="sig-name descname" xml:space="preserve">submit_job</desc_name><desc_parameterlist multi_line_parameter_list="False" xml:space="preserve"><desc_parameter xml:space="preserve"><desc_sig_name classes="n">job_body</desc_sig_name><desc_sig_punctuation classes="p">:</desc_sig_punctuation><desc_sig_space classes="w"> </desc_sig_space><desc_sig_name classes="n">dict</desc_sig_name></desc_parameter><desc_parameter xml:space="preserve"><desc_sig_name classes="n">job_type</desc_sig_name><desc_sig_punctuation classes="p">:</desc_sig_punctuation><desc_sig_space classes="w"> </desc_sig_space><desc_sig_name classes="n">str</desc_sig_name></desc_parameter></desc_parameterlist><desc_returns xml:space="preserve">dict</desc_returns></desc_signature>
                    <desc_content>
                        <paragraph>Submit a job via a request to QCI public API.</paragraph>
                        <field_list>
                            <field>
                                <field_name>Parameters</field_name>
                                <field_body>
                                    <bullet_list>
                                        <list_item>
                                            <paragraph><literal_strong>job_body</literal_strong> – formatted json body that includes all parameters for the job</paragraph>
                                        </list_item>
                                        <list_item>
                                            <paragraph><literal_strong>job_type</literal_strong> – one of the _supported_job_types</paragraph>
                                        </list_item>
                                    </bullet_list>
                                </field_body>
                            </field>
                            <field>
                                <field_name>Returns</field_name>
                                <field_body>
                                    <paragraph>Response from POST call to API</paragraph>
                                </field_body>
                            </field>
                        </field_list>
                    </desc_content>
                </desc>
                <index entries="['single',\ 'upload_file()\ (qci_client.qci_client.QciClient\ method)',\ 'qci_client.qci_client.QciClient.upload_file',\ '',\ None]"></index>
                <desc classes="py method" desctype="method" domain="py" no-contents-entry="False" no-index="False" no-index-entry="False" no-typesetting="False" nocontentsentry="False" noindex="False" noindexentry="False" objtype="method">
                    <desc_signature _toc_name="QciClient.upload_file()" _toc_parts="qci_client.qci_client QciClient upload_file" class="QciClient" classes="sig sig-object py" fullname="QciClient.upload_file" ids="qci_client.qci_client.QciClient.upload_file" module="qci_client.qci_client"><desc_name classes="sig-name descname" xml:space="preserve">upload_file</desc_name><desc_parameterlist multi_line_parameter_list="False" xml:space="preserve"><desc_parameter xml:space="preserve"><desc_sig_name classes="n">file</desc_sig_name><desc_sig_punctuation classes="p">:</desc_sig_punctuation><desc_sig_space classes="w"> </desc_sig_space><desc_sig_name classes="n">dict</desc_sig_name></desc_parameter></desc_parameterlist><desc_returns xml:space="preserve">dict</desc_returns></desc_signature>
                    <desc_content>
                        <paragraph>Upload file (metadata and then parts concurrently). Returns dict with file ID.</paragraph>
                    </desc_content>
                </desc>
                <index entries="['single',\ 'validate_job_type()\ (qci_client.qci_client.QciClient\ method)',\ 'qci_client.qci_client.QciClient.validate_job_type',\ '',\ None]"></index>
                <desc classes="py method" desctype="method" domain="py" no-contents-entry="False" no-index="False" no-index-entry="False" no-typesetting="False" nocontentsentry="False" noindex="False" noindexentry="False" objtype="method">
                    <desc_signature _toc_name="QciClient.validate_job_type()" _toc_parts="qci_client.qci_client QciClient validate_job_type" class="QciClient" classes="sig sig-object py" fullname="QciClient.validate_job_type" ids="qci_client.qci_client.QciClient.validate_job_type" module="qci_client.qci_client"><desc_name classes="sig-name descname" xml:space="preserve">validate_job_type</desc_name><desc_parameterlist multi_line_parameter_list="False" xml:space="preserve"><desc_parameter xml:space="preserve"><desc_sig_name classes="n">job_type</desc_sig_name><desc_sig_punctuation classes="p">:</desc_sig_punctuation><desc_sig_space classes="w"> </desc_sig_space><desc_sig_name classes="n">str</desc_sig_name></desc_parameter></desc_parameterlist><desc_returns xml:space="preserve">None</desc_returns></desc_signature>
                    <desc_content>
                        <paragraph>Checks if a provided job type is a supported job type.</paragraph>
                        <field_list>
                            <field>
                                <field_name>Parameters</field_name>
                                <field_body>
                                    <paragraph><literal_strong>job_type</literal_strong> – a job type to validate</paragraph>
                                </field_body>
                            </field>
                            <field>
                                <field_name>Returns</field_name>
                                <field_body>
                                    <paragraph>None</paragraph>
                                </field_body>
                            </field>
                        </field_list>
                        <paragraph>Raises AssertionError if job_type is not one of the _supported_job_types.</paragraph>
                    </desc_content>
                </desc>
                <index entries="['single',\ 'zip_payload()\ (qci_client.qci_client.QciClient\ method)',\ 'qci_client.qci_client.QciClient.zip_payload',\ '',\ None]"></index>
                <desc classes="py method" desctype="method" domain="py" no-contents-entry="False" no-index="False" no-index-entry="False" no-typesetting="False" nocontentsentry="False" noindex="False" noindexentry="False" objtype="method">
                    <desc_signature _toc_name="QciClient.zip_payload()" _toc_parts="qci_client.qci_client QciClient zip_payload" class="QciClient" classes="sig sig-object py" fullname="QciClient.zip_payload" ids="qci_client.qci_client.QciClient.zip_payload" module="qci_client.qci_client"><desc_name classes="sig-name descname" xml:space="preserve">zip_payload</desc_name><desc_parameterlist multi_line_parameter_list="False" xml:space="preserve"><desc_parameter xml:space="preserve"><desc_sig_name classes="n">payload</desc_sig_name><desc_sig_punctuation classes="p">:</desc_sig_punctuation><desc_sig_space classes="w"> </desc_sig_space><desc_sig_name classes="n">str</desc_sig_name></desc_parameter></desc_parameterlist><desc_returns xml:space="preserve">bytes</desc_returns></desc_signature>
                    <desc_content>
                        <paragraph>Zip contents of json file</paragraph>
                        <field_list>
                            <field>
                                <field_name>Parameters</field_name>
                                <field_body>
                                    <paragraph><literal_strong>payload</literal_strong> – str - json contents of file to be zipped</paragraph>
                                </field_body>
                            </field>
                            <field>
                                <field_name>Returns</field_name>
                                <field_body>
                                    <paragraph>zipped request_body</paragraph>
                                </field_body>
                            </field>
                        </field_list>
                    </desc_content>
                </desc>
            </desc_content>
        </desc>
    </section>
    <section ids="module-qci_client.utilities qci-client-utilities" names="qci_client.utilities">
        <title>qci_client.utilities</title>
        <index entries="['pair',\ 'module;\ qci_client.utilities',\ 'module-qci_client.utilities',\ '',\ None]"></index>
        <paragraph>Utilities for Python client for files REST API for optimization service.</paragraph>
        <paragraph>Copyright 2023, Quantum Computing Incorporated</paragraph>
        <index entries="['single',\ 'file_part_generator()\ (in\ module\ qci_client.utilities)',\ 'qci_client.utilities.file_part_generator',\ '',\ None]"></index>
        <desc classes="py function" desctype="function" domain="py" no-contents-entry="False" no-index="False" no-index-entry="False" no-typesetting="False" nocontentsentry="False" noindex="False" noindexentry="False" objtype="function">
            <desc_signature _toc_name="file_part_generator()" _toc_parts="qci_client.utilities file_part_generator" class="" classes="sig sig-object py" fullname="file_part_generator" ids="qci_client.utilities.file_part_generator" module="qci_client.utilities"><desc_addname classes="sig-prename descclassname" xml:space="preserve">qci_client.utilities.</desc_addname><desc_name classes="sig-name descname" xml:space="preserve">file_part_generator</desc_name><desc_parameterlist multi_line_parameter_list="False" xml:space="preserve"><desc_parameter xml:space="preserve"><desc_sig_operator classes="o">*</desc_sig_operator></desc_parameter><desc_parameter xml:space="preserve"><desc_sig_name classes="n">file</desc_sig_name><desc_sig_punctuation classes="p">:</desc_sig_punctuation><desc_sig_space classes="w"> </desc_sig_space><desc_sig_name classes="n">dict</desc_sig_name></desc_parameter><desc_parameter xml:space="preserve"><desc_sig_name classes="n">compress</desc_sig_name><desc_sig_punctuation classes="p">:</desc_sig_punctuation><desc_sig_space classes="w"> </desc_sig_space><desc_sig_name classes="n">bool</desc_sig_name></desc_parameter></desc_parameterlist><desc_returns xml:space="preserve">Generator</desc_returns></desc_signature>
            <desc_content>
                <paragraph>Break file-to-upload’s data dictionary into chunks, formatting correctly with each
                    returned chunk.</paragraph>
                <field_list>
                    <field>
                        <field_name>Parameters</field_name>
                        <field_body>
                            <bullet_list>
                                <list_item>
                                    <paragraph><literal_strong>file</literal_strong> – file to break up into file parts</paragraph>
                                </list_item>
                                <list_item>
                                    <paragraph><literal_strong>compress</literal_strong> – whether or not file parts are to be compressed</paragraph>
                                </list_item>
                            </bullet_list>
                        </field_body>
                    </field>
                    <field>
                        <field_name>Returns</field_name>
                        <field_body>
                            <paragraph>generator of (part_body, part_number) tuples</paragraph>
                        </field_body>
                    </field>
                </field_list>
            </desc_content>
        </desc>
        <index entries="['single',\ 'get_patch_request_body()\ (in\ module\ qci_client.utilities)',\ 'qci_client.utilities.get_patch_request_body',\ '',\ None]"></index>
        <desc classes="py function" desctype="function" domain="py" no-contents-entry="False" no-index="False" no-index-entry="False" no-typesetting="False" nocontentsentry="False" noindex="False" noindexentry="False" objtype="function">
            <desc_signature _toc_name="get_patch_request_body()" _toc_parts="qci_client.utilities get_patch_request_body" class="" classes="sig sig-object py" fullname="get_patch_request_body" ids="qci_client.utilities.get_patch_request_body" module="qci_client.utilities"><desc_addname classes="sig-prename descclassname" xml:space="preserve">qci_client.utilities.</desc_addname><desc_name classes="sig-name descname" xml:space="preserve">get_patch_request_body</desc_name><desc_parameterlist multi_line_parameter_list="False" xml:space="preserve"><desc_parameter xml:space="preserve"><desc_sig_operator classes="o">*</desc_sig_operator></desc_parameter><desc_parameter xml:space="preserve"><desc_sig_name classes="n">file</desc_sig_name><desc_sig_punctuation classes="p">:</desc_sig_punctuation><desc_sig_space classes="w"> </desc_sig_space><desc_sig_name classes="n">dict</desc_sig_name></desc_parameter></desc_parameterlist><desc_returns xml:space="preserve">PartPatchRequestBody</desc_returns></desc_signature>
            <desc_content>
                <paragraph>Format part body.</paragraph>
            </desc_content>
        </desc>
        <index entries="['single',\ 'get_post_request_body()\ (in\ module\ qci_client.utilities)',\ 'qci_client.utilities.get_post_request_body',\ '',\ None]"></index>
        <desc classes="py function" desctype="function" domain="py" no-contents-entry="False" no-index="False" no-index-entry="False" no-typesetting="False" nocontentsentry="False" noindex="False" noindexentry="False" objtype="function">
            <desc_signature _toc_name="get_post_request_body()" _toc_parts="qci_client.utilities get_post_request_body" class="" classes="sig sig-object py" fullname="get_post_request_body" ids="qci_client.utilities.get_post_request_body" module="qci_client.utilities"><desc_addname classes="sig-prename descclassname" xml:space="preserve">qci_client.utilities.</desc_addname><desc_name classes="sig-name descname" xml:space="preserve">get_post_request_body</desc_name><desc_parameterlist multi_line_parameter_list="False" xml:space="preserve"><desc_parameter xml:space="preserve"><desc_sig_operator classes="o">*</desc_sig_operator></desc_parameter><desc_parameter xml:space="preserve"><desc_sig_name classes="n">file</desc_sig_name><desc_sig_punctuation classes="p">:</desc_sig_punctuation><desc_sig_space classes="w"> </desc_sig_space><desc_sig_name classes="n">dict</desc_sig_name></desc_parameter></desc_parameterlist><desc_returns xml:space="preserve">InputMetadataPostRequestBody<desc_sig_space classes="w"> </desc_sig_space><desc_sig_punctuation classes="p">|</desc_sig_punctuation><desc_sig_space classes="w"> </desc_sig_space>ResultsMetadataPostRequestBody</desc_returns></desc_signature>
            <desc_content>
                <paragraph>Format metadata body.</paragraph>
            </desc_content>
        </desc>
        <index entries="['single',\ 'zip_payload()\ (in\ module\ qci_client.utilities)',\ 'qci_client.utilities.zip_payload',\ '',\ None]"></index>
        <desc classes="py function" desctype="function" domain="py" no-contents-entry="False" no-index="False" no-index-entry="False" no-typesetting="False" nocontentsentry="False" noindex="False" noindexentry="False" objtype="function">
            <desc_signature _toc_name="zip_payload()" _toc_parts="qci_client.utilities zip_payload" class="" classes="sig sig-object py" fullname="zip_payload" ids="qci_client.utilities.zip_payload" module="qci_client.utilities"><desc_addname classes="sig-prename descclassname" xml:space="preserve">qci_client.utilities.</desc_addname><desc_name classes="sig-name descname" xml:space="preserve">zip_payload</desc_name><desc_parameterlist multi_line_parameter_list="False" xml:space="preserve"><desc_parameter xml:space="preserve"><desc_sig_operator classes="o">*</desc_sig_operator></desc_parameter><desc_parameter xml:space="preserve"><desc_sig_name classes="n">payload</desc_sig_name><desc_sig_punctuation classes="p">:</desc_sig_punctuation><desc_sig_space classes="w"> </desc_sig_space><desc_sig_name classes="n">PartPatchRequestBody</desc_sig_name></desc_parameter></desc_parameterlist><desc_returns xml:space="preserve">bytes</desc_returns></desc_signature>
            <desc_content>
                <field_list>
                    <field>
                        <field_name>Parameters</field_name>
                        <field_body>
                            <paragraph><literal_strong>payload</literal_strong> – str - json contents of file to be zipped</paragraph>
                        </field_body>
                    </field>
                    <field>
                        <field_name>Returns</field_name>
                        <field_body>
                            <paragraph>zipped request_body</paragraph>
                        </field_body>
                    </field>
                </field_list>
            </desc_content>
        </desc>
    </section>
    <section ids="module-qci_client.data_converter qci-client-data-converter" names="qci_client.data_converter">
        <title>qci_client.data_converter</title>
        <index entries="['pair',\ 'module;\ qci_client.data_converter',\ 'module-qci_client.data_converter',\ '',\ None]"></index>
        <paragraph>Functions for data conversion.</paragraph>
        <index entries="['single',\ 'compute_results_step_len()\ (in\ module\ qci_client.data_converter)',\ 'qci_client.data_converter.compute_results_step_len',\ '',\ None]"></index>
        <desc classes="py function" desctype="function" domain="py" no-contents-entry="False" no-index="False" no-index-entry="False" no-typesetting="False" nocontentsentry="False" noindex="False" noindexentry="False" objtype="function">
            <desc_signature _toc_name="compute_results_step_len()" _toc_parts="qci_client.data_converter compute_results_step_len" class="" classes="sig sig-object py" fullname="compute_results_step_len" ids="qci_client.data_converter.compute_results_step_len" module="qci_client.data_converter"><desc_addname classes="sig-prename descclassname" xml:space="preserve">qci_client.data_converter.</desc_addname><desc_name classes="sig-name descname" xml:space="preserve">compute_results_step_len</desc_name><desc_parameterlist multi_line_parameter_list="False" xml:space="preserve"><desc_parameter xml:space="preserve"><desc_sig_name classes="n">data</desc_sig_name><desc_sig_punctuation classes="p">:</desc_sig_punctuation><desc_sig_space classes="w"> </desc_sig_space><desc_sig_name classes="n">ndarray<desc_sig_space classes="w"> </desc_sig_space><desc_sig_punctuation classes="p">|</desc_sig_punctuation><desc_sig_space classes="w"> </desc_sig_space>list</desc_sig_name></desc_parameter></desc_parameterlist><desc_returns xml:space="preserve">int</desc_returns></desc_signature>
            <desc_content>
                <paragraph>Compute the step length for “chunking” the providd data.</paragraph>
                <field_list>
                    <field>
                        <field_name>Parameters</field_name>
                        <field_body>
                            <paragraph><literal_strong>data</literal_strong> – An numpy array or list of data</paragraph>
                        </field_body>
                    </field>
                    <field>
                        <field_name>Returns</field_name>
                        <field_body>
                            <paragraph>The step length for “chunking” the data</paragraph>
                        </field_body>
                    </field>
                </field_list>
            </desc_content>
        </desc>
        <index entries="['single',\ 'data_to_json()\ (in\ module\ qci_client.data_converter)',\ 'qci_client.data_converter.data_to_json',\ '',\ None]"></index>
        <desc classes="py function" desctype="function" domain="py" no-contents-entry="False" no-index="False" no-index-entry="False" no-typesetting="False" nocontentsentry="False" noindex="False" noindexentry="False" objtype="function">
            <desc_signature _toc_name="data_to_json()" _toc_parts="qci_client.data_converter data_to_json" class="" classes="sig sig-object py" fullname="data_to_json" ids="qci_client.data_converter.data_to_json" module="qci_client.data_converter"><desc_addname classes="sig-prename descclassname" xml:space="preserve">qci_client.data_converter.</desc_addname><desc_name classes="sig-name descname" xml:space="preserve">data_to_json</desc_name><desc_parameterlist multi_line_parameter_list="False" xml:space="preserve"><desc_parameter xml:space="preserve"><desc_sig_name classes="n">file</desc_sig_name><desc_sig_punctuation classes="p">:</desc_sig_punctuation><desc_sig_space classes="w"> </desc_sig_space><desc_sig_name classes="n">dict</desc_sig_name></desc_parameter><desc_parameter xml:space="preserve"><desc_sig_name classes="n">debug</desc_sig_name><desc_sig_punctuation classes="p">:</desc_sig_punctuation><desc_sig_space classes="w"> </desc_sig_space><desc_sig_name classes="n">bool</desc_sig_name><desc_sig_space classes="w"> </desc_sig_space><desc_sig_operator classes="o">=</desc_sig_operator><desc_sig_space classes="w"> </desc_sig_space><inline classes="default_value" support_smartquotes="False">False</inline></desc_parameter></desc_parameterlist><desc_returns xml:space="preserve">dict</desc_returns></desc_signature>
            <desc_content>
                <paragraph>Converts data in file input into JSON-serializable dictionary that can be passed to Qatalyst REST API</paragraph>
                <field_list>
                    <field>
                        <field_name>Parameters</field_name>
                        <field_body>
                            <bullet_list>
                                <list_item>
                                    <paragraph><literal_strong>file</literal_strong> – file dictionary whose data of type numpy.ndarray, scipy.sparse.spmatrix, or networkx.Graph is to be converted</paragraph>
                                </list_item>
                                <list_item>
                                    <paragraph><literal_strong>debug</literal_strong> – Optional, if set to True, enables debug output (default = False for no debug output)</paragraph>
                                </list_item>
                            </bullet_list>
                        </field_body>
                    </field>
                    <field>
                        <field_name>Returns</field_name>
                        <field_body>
                            <paragraph>file dictionary with JSON-serializable data</paragraph>
                        </field_body>
                    </field>
                </field_list>
            </desc_content>
        </desc>
        <index entries="['single',\ 'get_size()\ (in\ module\ qci_client.data_converter)',\ 'qci_client.data_converter.get_size',\ '',\ None]"></index>
        <desc classes="py function" desctype="function" domain="py" no-contents-entry="False" no-index="False" no-index-entry="False" no-typesetting="False" nocontentsentry="False" noindex="False" noindexentry="False" objtype="function">
            <desc_signature _toc_name="get_size()" _toc_parts="qci_client.data_converter get_size" class="" classes="sig sig-object py" fullname="get_size" ids="qci_client.data_converter.get_size" module="qci_client.data_converter"><desc_addname classes="sig-prename descclassname" xml:space="preserve">qci_client.data_converter.</desc_addname><desc_name classes="sig-name descname" xml:space="preserve">get_size</desc_name><desc_parameterlist multi_line_parameter_list="False" xml:space="preserve"><desc_parameter xml:space="preserve"><desc_sig_name classes="n">obj</desc_sig_name></desc_parameter><desc_parameter xml:space="preserve"><desc_sig_name classes="n">seen</desc_sig_name><desc_sig_operator classes="o">=</desc_sig_operator><inline classes="default_value" support_smartquotes="False">None</inline></desc_parameter></desc_parameterlist><desc_returns xml:space="preserve">int</desc_returns></desc_signature>
            <desc_content>
                <paragraph>Recursively finds size of objects</paragraph>
                <field_list>
                    <field>
                        <field_name>Parameters</field_name>
                        <field_body>
                            <bullet_list>
                                <list_item>
                                    <paragraph><literal_strong>obj</literal_strong> – data object to recursively compute size of</paragraph>
                                </list_item>
                                <list_item>
                                    <paragraph><literal_strong>seen</literal_strong> – takes a set and is used in the recursive step only to record whether an object has been counted yet.</paragraph>
                                </list_item>
                            </bullet_list>
                        </field_body>
                    </field>
                    <field>
                        <field_name>Return int</field_name>
                        <field_body>
                        </field_body>
                    </field>
                </field_list>
            </desc_content>
        </desc>
    </section>
    <section ids="module-qci_client.base qci-client-base" names="qci_client.base">
        <title>qci_client.base</title>
        <index entries="['pair',\ 'module;\ qci_client.base',\ 'module-qci_client.base',\ '',\ None]"></index>
        <paragraph>Base class for API clients.</paragraph>
        <index entries="['single',\ 'BaseApi\ (class\ in\ qci_client.base)',\ 'qci_client.base.BaseApi',\ '',\ None]"></index>
        <desc classes="py class" desctype="class" domain="py" no-contents-entry="False" no-index="False" no-index-entry="False" no-typesetting="False" nocontentsentry="False" noindex="False" noindexentry="False" objtype="class">
            <desc_signature _toc_name="BaseApi" _toc_parts="qci_client.base BaseApi" class="" classes="sig sig-object py" fullname="BaseApi" ids="qci_client.base.BaseApi" module="qci_client.base"><desc_annotation xml:space="preserve">class<desc_sig_space classes="w"> </desc_sig_space></desc_annotation><desc_addname classes="sig-prename descclassname" xml:space="preserve">qci_client.base.</desc_addname><desc_name classes="sig-name descname" xml:space="preserve">BaseApi</desc_name><desc_parameterlist multi_line_parameter_list="False" xml:space="preserve"><desc_parameter xml:space="preserve"><desc_sig_name classes="n">url</desc_sig_name><desc_sig_punctuation classes="p">:</desc_sig_punctuation><desc_sig_space classes="w"> </desc_sig_space><desc_sig_name classes="n">str<desc_sig_space classes="w"> </desc_sig_space><desc_sig_punctuation classes="p">|</desc_sig_punctuation><desc_sig_space classes="w"> </desc_sig_space>None</desc_sig_name><desc_sig_space classes="w"> </desc_sig_space><desc_sig_operator classes="o">=</desc_sig_operator><desc_sig_space classes="w"> </desc_sig_space><inline classes="default_value" support_smartquotes="False">None</inline></desc_parameter><desc_parameter xml:space="preserve"><desc_sig_name classes="n">api_token</desc_sig_name><desc_sig_punctuation classes="p">:</desc_sig_punctuation><desc_sig_space classes="w"> </desc_sig_space><desc_sig_name classes="n">str<desc_sig_space classes="w"> </desc_sig_space><desc_sig_punctuation classes="p">|</desc_sig_punctuation><desc_sig_space classes="w"> </desc_sig_space>None</desc_sig_name><desc_sig_space classes="w"> </desc_sig_space><desc_sig_operator classes="o">=</desc_sig_operator><desc_sig_space classes="w"> </desc_sig_space><inline classes="default_value" support_smartquotes="False">None</inline></desc_parameter><desc_parameter xml:space="preserve"><desc_sig_name classes="n">access_tokens</desc_sig_name><desc_sig_punctuation classes="p">:</desc_sig_punctuation><desc_sig_space classes="w"> </desc_sig_space><desc_sig_name classes="n">str</desc_sig_name><desc_sig_space classes="w"> </desc_sig_space><desc_sig_operator classes="o">=</desc_sig_operator><desc_sig_space classes="w"> </desc_sig_space><inline classes="default_value" support_smartquotes="False">'auth/v1/access-tokens'</inline></desc_parameter><desc_parameter xml:space="preserve"><desc_sig_name classes="n">set_bearer_token_on_init</desc_sig_name><desc_sig_punctuation classes="p">:</desc_sig_punctuation><desc_sig_space classes="w"> </desc_sig_space><desc_sig_name classes="n">bool</desc_sig_name><desc_sig_space classes="w"> </desc_sig_space><desc_sig_operator classes="o">=</desc_sig_operator><desc_sig_space classes="w"> </desc_sig_space><inline classes="default_value" support_smartquotes="False">True</inline></desc_parameter><desc_parameter xml:space="preserve"><desc_sig_name classes="n">timeout</desc_sig_name><desc_sig_punctuation classes="p">:</desc_sig_punctuation><desc_sig_space classes="w"> </desc_sig_space><desc_sig_name classes="n">float<desc_sig_space classes="w"> </desc_sig_space><desc_sig_punctuation classes="p">|</desc_sig_punctuation><desc_sig_space classes="w"> </desc_sig_space>None</desc_sig_name><desc_sig_space classes="w"> </desc_sig_space><desc_sig_operator classes="o">=</desc_sig_operator><desc_sig_space classes="w"> </desc_sig_space><inline classes="default_value" support_smartquotes="False">None</inline></desc_parameter><desc_parameter xml:space="preserve"><desc_sig_name classes="n">debug</desc_sig_name><desc_sig_punctuation classes="p">:</desc_sig_punctuation><desc_sig_space classes="w"> </desc_sig_space><desc_sig_name classes="n">bool</desc_sig_name><desc_sig_space classes="w"> </desc_sig_space><desc_sig_operator classes="o">=</desc_sig_operator><desc_sig_space classes="w"> </desc_sig_space><inline classes="default_value" support_smartquotes="False">False</inline></desc_parameter></desc_parameterlist></desc_signature>
            <desc_content>
                <paragraph>Bases: <literal classes="xref py py-class">object</literal></paragraph>
                <paragraph>Base class for clients to QCi APIs, especially the authorization layer.</paragraph>
                <field_list>
                    <field>
                        <field_name>Parameters</field_name>
                        <field_body>
                            <bullet_list>
                                <list_item>
                                    <paragraph><literal_strong>url</literal_strong> – url basepath to API endpoint, including scheme, if None, then falls back
                                        to QCI_API_URL environment variable</paragraph>
                                </list_item>
                                <list_item>
                                    <paragraph><literal_strong>api_token</literal_strong> – refresh token for authenticating to API, if None, then falls back
                                        to QCI_TOKEN environment variable</paragraph>
                                </list_item>
                                <list_item>
                                    <paragraph><literal_strong>access_tokens</literal_strong> – url path fragment to specify access-tokens API endpoint</paragraph>
                                </list_item>
                                <list_item>
                                    <paragraph><literal_strong>set_bearer_token_on_init</literal_strong> – flag to turn on/off access token retrieval on
                                        object initialization</paragraph>
                                </list_item>
                                <list_item>
                                    <paragraph><literal_strong>timeout</literal_strong> – number of seconds before timing out requests, None waits indefinitely</paragraph>
                                </list_item>
                                <list_item>
                                    <paragraph><literal_strong>debug</literal_strong> – flag to turn on/off debug prints</paragraph>
                                </list_item>
                            </bullet_list>
                        </field_body>
                    </field>
                </field_list>
                <index entries="['single',\ 'auth_url\ (qci_client.base.BaseApi\ property)',\ 'qci_client.base.BaseApi.auth_url',\ '',\ None]"></index>
                <desc classes="py property" desctype="property" domain="py" no-contents-entry="False" no-index="False" no-index-entry="False" no-typesetting="False" nocontentsentry="False" noindex="False" noindexentry="False" objtype="property">
                    <desc_signature _toc_name="BaseApi.auth_url" _toc_parts="qci_client.base BaseApi auth_url" class="BaseApi" classes="sig sig-object py" fullname="BaseApi.auth_url" ids="qci_client.base.BaseApi.auth_url" module="qci_client.base"><desc_annotation xml:space="preserve">property<desc_sig_space classes="w"> </desc_sig_space></desc_annotation><desc_name classes="sig-name descname" xml:space="preserve">auth_url</desc_name><desc_annotation xml:space="preserve"><desc_sig_punctuation classes="p">:</desc_sig_punctuation><desc_sig_space classes="w"> </desc_sig_space>str</desc_annotation></desc_signature>
                    <desc_content>
                        <paragraph>Return the URL used for authorization.</paragraph>
                    </desc_content>
                </desc>
                <index entries="['single',\ 'get_bearer_token()\ (qci_client.base.BaseApi\ method)',\ 'qci_client.base.BaseApi.get_bearer_token',\ '',\ None]"></index>
                <desc classes="py method" desctype="method" domain="py" no-contents-entry="False" no-index="False" no-index-entry="False" no-typesetting="False" nocontentsentry="False" noindex="False" noindexentry="False" objtype="method">
                    <desc_signature _toc_name="BaseApi.get_bearer_token()" _toc_parts="qci_client.base BaseApi get_bearer_token" class="BaseApi" classes="sig sig-object py" fullname="BaseApi.get_bearer_token" ids="qci_client.base.BaseApi.get_bearer_token" module="qci_client.base"><desc_name classes="sig-name descname" xml:space="preserve">get_bearer_token</desc_name><desc_parameterlist xml:space="preserve"></desc_parameterlist><desc_returns xml:space="preserve">Response</desc_returns></desc_signature>
                    <desc_content>
                        <paragraph>Request new bearer token. (Not cached here, see set_bearer_token.)</paragraph>
                    </desc_content>
                </desc>
                <index entries="['single',\ 'headers\ (qci_client.base.BaseApi\ property)',\ 'qci_client.base.BaseApi.headers',\ '',\ None]"></index>
                <desc classes="py property" desctype="property" domain="py" no-contents-entry="False" no-index="False" no-index-entry="False" no-typesetting="False" nocontentsentry="False" noindex="False" noindexentry="False" objtype="property">
                    <desc_signature _toc_name="BaseApi.headers" _toc_parts="qci_client.base BaseApi headers" class="BaseApi" classes="sig sig-object py" fullname="BaseApi.headers" ids="qci_client.base.BaseApi.headers" module="qci_client.base"><desc_annotation xml:space="preserve">property<desc_sig_space classes="w"> </desc_sig_space></desc_annotation><desc_name classes="sig-name descname" xml:space="preserve">headers</desc_name></desc_signature>
                    <desc_content>
                        <paragraph>Headers with cached bearer token.</paragraph>
                    </desc_content>
                </desc>
                <index entries="['single',\ 'headers_without_connection_close\ (qci_client.base.BaseApi\ property)',\ 'qci_client.base.BaseApi.headers_without_connection_close',\ '',\ None]"></index>
                <desc classes="py property" desctype="property" domain="py" no-contents-entry="False" no-index="False" no-index-entry="False" no-typesetting="False" nocontentsentry="False" noindex="False" noindexentry="False" objtype="property">
                    <desc_signature _toc_name="BaseApi.headers_without_connection_close" _toc_parts="qci_client.base BaseApi headers_without_connection_close" class="BaseApi" classes="sig sig-object py" fullname="BaseApi.headers_without_connection_close" ids="qci_client.base.BaseApi.headers_without_connection_close" module="qci_client.base"><desc_annotation xml:space="preserve">property<desc_sig_space classes="w"> </desc_sig_space></desc_annotation><desc_name classes="sig-name descname" xml:space="preserve">headers_without_connection_close</desc_name></desc_signature>
                    <desc_content>
                        <paragraph>Headers with cached bearer token, but without connection closing.</paragraph>
                    </desc_content>
                </desc>
                <index entries="['single',\ 'headers_without_token\ (qci_client.base.BaseApi\ property)',\ 'qci_client.base.BaseApi.headers_without_token',\ '',\ None]"></index>
                <desc classes="py property" desctype="property" domain="py" no-contents-entry="False" no-index="False" no-index-entry="False" no-typesetting="False" nocontentsentry="False" noindex="False" noindexentry="False" objtype="property">
                    <desc_signature _toc_name="BaseApi.headers_without_token" _toc_parts="qci_client.base BaseApi headers_without_token" class="BaseApi" classes="sig sig-object py" fullname="BaseApi.headers_without_token" ids="qci_client.base.BaseApi.headers_without_token" module="qci_client.base"><desc_annotation xml:space="preserve">property<desc_sig_space classes="w"> </desc_sig_space></desc_annotation><desc_name classes="sig-name descname" xml:space="preserve">headers_without_token</desc_name></desc_signature>
                    <desc_content>
                        <paragraph>Headers without cached bearer token.</paragraph>
                    </desc_content>
                </desc>
                <index entries="['single',\ 'is_bearer_token_expired()\ (qci_client.base.BaseApi\ method)',\ 'qci_client.base.BaseApi.is_bearer_token_expired',\ '',\ None]"></index>
                <desc classes="py method" desctype="method" domain="py" no-contents-entry="False" no-index="False" no-index-entry="False" no-typesetting="False" nocontentsentry="False" noindex="False" noindexentry="False" objtype="method">
                    <desc_signature _toc_name="BaseApi.is_bearer_token_expired()" _toc_parts="qci_client.base BaseApi is_bearer_token_expired" class="BaseApi" classes="sig sig-object py" fullname="BaseApi.is_bearer_token_expired" ids="qci_client.base.BaseApi.is_bearer_token_expired" module="qci_client.base"><desc_name classes="sig-name descname" xml:space="preserve">is_bearer_token_expired</desc_name><desc_parameterlist xml:space="preserve"></desc_parameterlist><desc_returns xml:space="preserve">bool</desc_returns></desc_signature>
                    <desc_content>
                        <paragraph>Is current time &gt; ‘expires’ time.</paragraph>
                    </desc_content>
                </desc>
                <index entries="['single',\ 'refresh_token()\ (qci_client.base.BaseApi\ static\ method)',\ 'qci_client.base.BaseApi.refresh_token',\ '',\ None]"></index>
                <desc classes="py method" desctype="method" domain="py" no-contents-entry="False" no-index="False" no-index-entry="False" no-typesetting="False" nocontentsentry="False" noindex="False" noindexentry="False" objtype="method">
                    <desc_signature _toc_name="BaseApi.refresh_token()" _toc_parts="qci_client.base BaseApi refresh_token" class="BaseApi" classes="sig sig-object py" fullname="BaseApi.refresh_token" ids="qci_client.base.BaseApi.refresh_token" module="qci_client.base"><desc_annotation xml:space="preserve">static<desc_sig_space classes="w"> </desc_sig_space></desc_annotation><desc_name classes="sig-name descname" xml:space="preserve">refresh_token</desc_name><desc_parameterlist multi_line_parameter_list="False" xml:space="preserve"><desc_parameter xml:space="preserve"><desc_sig_name classes="n">func</desc_sig_name></desc_parameter></desc_parameterlist><desc_returns xml:space="preserve">Callable</desc_returns></desc_signature>
                    <desc_content>
                        <paragraph>Return a wrapper function that can check an auth token.</paragraph>
                    </desc_content>
                </desc>
                <index entries="['single',\ 'set_bearer_token()\ (qci_client.base.BaseApi\ method)',\ 'qci_client.base.BaseApi.set_bearer_token',\ '',\ None]"></index>
                <desc classes="py method" desctype="method" domain="py" no-contents-entry="False" no-index="False" no-index-entry="False" no-typesetting="False" nocontentsentry="False" noindex="False" noindexentry="False" objtype="method">
                    <desc_signature _toc_name="BaseApi.set_bearer_token()" _toc_parts="qci_client.base BaseApi set_bearer_token" class="BaseApi" classes="sig sig-object py" fullname="BaseApi.set_bearer_token" ids="qci_client.base.BaseApi.set_bearer_token" module="qci_client.base"><desc_name classes="sig-name descname" xml:space="preserve">set_bearer_token</desc_name><desc_parameterlist xml:space="preserve"></desc_parameterlist><desc_returns xml:space="preserve">None</desc_returns></desc_signature>
                    <desc_content>
                        <paragraph>Set bearer token from request.</paragraph>
                    </desc_content>
                </desc>
            </desc_content>
        </desc>
    </section>
</document>
