<?xml version="1.0" encoding="utf-8"?>
<!DOCTYPE document PUBLIC "+//IDN docutils.sourceforge.net//DTD Docutils Generic//EN//XML" "http://docutils.sourceforge.net/docs/ref/docutils.dtd">
<!-- Generated by Docutils 0.20.1 -->
<document nbsphinx_code_css="True" source="/home/david/repos/emucore-direct/docs/source/notebooks/NARMA10.ipynb" translation_progress="{'total': 0, 'translated': 0}" xmlns:c="https://www.sphinx-doc.org/" xmlns:changeset="https://www.sphinx-doc.org/" xmlns:citation="https://www.sphinx-doc.org/" xmlns:cpp="https://www.sphinx-doc.org/" xmlns:index="https://www.sphinx-doc.org/" xmlns:js="https://www.sphinx-doc.org/" xmlns:math="https://www.sphinx-doc.org/" xmlns:py="https://www.sphinx-doc.org/" xmlns:rst="https://www.sphinx-doc.org/" xmlns:std="https://www.sphinx-doc.org/" xmlns:todo="https://www.sphinx-doc.org/">
    <comment xml:space="preserve"></comment>
    <section ids="Univariate-Time-Series-Forecasting:-NARMA10" names="univariate\ time\ series\ forecasting:\ narma10">
        <title>Univariate Time Series Forecasting: NARMA10</title>
        <paragraph>Time series forecasting is a crucial task in various fields, including finance, weather prediction, and signal processing. Accurate predictions of future values can enable better decision-making and planning. In recent years, machine learning techniques, such as reservoir computing, have shown promising results in addressing this challenge.</paragraph>
        <paragraph>In this example, we explore time series forecasting using reservoir computing to predict the Nonlinear AutoRegressive Moving Average (NARMA) 10 time series. NARMA 10 is a synthetic time series generator that mimics the behavior of real-world processes by generating nonlinear and chaotic patterns. Reservoir computing, on the other hand, is a powerful machine learning framework that leverages the dynamics of a large dynamical system, known as a reservoir, to perform tasks like time series
            prediction.</paragraph>
        <paragraph>In thise example, we aim to demonstrate the effectiveness of reservoir computing in forecasting NARMA 10 time series data. We will utilize emucore to generate the reservoir computing model, train it on historical NARMA 10 data, and evaluate its performance in predicting future values. By comparing the predictions with ground truth data, we can assess the accuracy and reliability of the model.</paragraph>
        <paragraph>The notebook is organized as follows:</paragraph>
        <bullet_list bullet="-">
            <list_item>
                <paragraph><strong>Reservoir computing with Emucore</strong>: Provides a brief introduction to reservoir computing</paragraph>
            </list_item>
            <list_item>
                <paragraph><strong>Create NARMA10 time series</strong>: We generate synthetic NARMA 10 time series data to serve as our training and testing dataset.</paragraph>
            </list_item>
            <list_item>
                <paragraph><strong>Model data using reservoir</strong>: We will be utilzing QCi’s photonic reservoir emulator EmuCore.</paragraph>
            </list_item>
            <list_item>
                <paragraph><strong>Train prediction model</strong>: We’ll be using a simple linear regressor to obtain predictions from the reservoir output.</paragraph>
            </list_item>
            <list_item>
                <paragraph><strong>Evaluate predictions</strong>: We evaluate the performance of the trained model on the testing data using Normalized Root Mean Squared Error (NRMSE). Beyond this we will also visualize the accuracy using a few different plots.</paragraph>
            </list_item>
        </bullet_list>
        <comment xml:space="preserve"></comment>
        <section ids="Reservoir-computing-with-EmuCore" names="reservoir\ computing\ with\ emucore">
            <title>Reservoir computing with EmuCore</title>
            <paragraph>EmuCore, developed by QCi, represents a cutting-edge electronic reservoir computing platform designed specifically for tackling complex time series forecasting tasks. EmuCore harnesses the principles of reservoir computing, a powerful machine learning paradigm inspired by the brain’s dynamics, to efficiently process and predict time-dependent data. At the heart of EmuCore lies a large-scale dynamical system, referred to as the reservoir, composed of interconnected electronic components. These
                components exhibit rich nonlinear and chaotic dynamics, enabling EmuCore to capture and extract intricate patterns and dependencies present in time series data. The reservoir maps input signals from their original values to a higher dimensional feature space. Through the integration of advanced hardware design, innovative algorithms, and rigorous testing, EmuCore represents a groundbreaking solution for time series forecasting and other machine learning tasks. Its versatility, performance, and
                efficiency make it a valuable tool for researchers, engineers, and practitioners seeking to make accurate predictions on time series tasks utilizing a time delayed reservoir architecture. For more information on QCi’s reservoir architecture see this paper from QCI at <reference refuri="https://arxiv.org/pdf/2102.09049.pdf">https://arxiv.org/pdf/2102.09049.pdf</reference></paragraph>
            <paragraph><image alt="reservoir schematic" candidates="{'*': 'notebooks/figures/general_reservoir_schematics.png'}" classes="no-scaled-link" original_uri="figures/general_reservoir_schematics.png" uri="notebooks/figures/general_reservoir_schematics.png" width="50%"></image></paragraph>
            <raw format="html" xml:space="preserve">&lt;figcaption&gt;</raw>
            <paragraph>Figure 1: (a) Conventional reservoir computing (RC) model and (b) time-delay based RC model.</paragraph>
            <raw format="html" xml:space="preserve">&lt;/figcaption&gt;</raw>
            <substitution_definition names="936cb47da945406984e2c7de337aabe6"><image alt="reservoir schematic" candidates="{'*': 'notebooks/figures/general_reservoir_schematics.png'}" classes="no-scaled-link" original_uri="figures/general_reservoir_schematics.png" uri="notebooks/figures/general_reservoir_schematics.png" width="50%"></image></substitution_definition>
            <comment xml:space="preserve"></comment>
            <raw format="html" xml:space="preserve">&lt;h2 id="narma10_data_gen"&gt;</raw>
            <paragraph>Create NARMA10 time series</paragraph>
            <raw format="html" xml:space="preserve">&lt;/h2&gt;</raw>
            <paragraph>In order to illustrate the capabilities of EmuCore we will utilze a common forecasting benchmark NARMA10:</paragraph>
            <block_quote>
                <paragraph><math>y_{k+1} = 0.3 y_k + 0.05 y_k \sum_{𝑖=0}^{9} y_{k-i} + 1.5 u_k u_{k−9} + 0.1</math></paragraph>
            </block_quote>
            <paragraph>where the input <math>u_k</math> is drawn from a uniform distribution in the interval <math>[0, 0.5]</math>. The function below generates a NARMA10 time series and splits it into training and testing parts.</paragraph>
            <comment xml:space="preserve"></comment>
            <container classes="nbinput nblast">
                <comment xml:space="preserve"></comment>
                <CodeAreaNode prompt="[1]:" stderr="False">
                    <literal_block classes="input_area" language="ipython3" linenos="False" xml:space="preserve">import numpy as np

def NARMA10(seed, train_size, test_size):
    np.random.seed(seed)
    total_size = train_size + test_size
    utrain = 0.5 * np.random.rand(total_size, 1)
    ytrain = np.zeros((10, 1))
    for i in list(range(9, total_size - 1)):
        temp = (
            0.3 * ytrain[i]
            + 0.05 * ytrain[i] * np.sum(ytrain[i - 10 + 1 : i + 1])
            + 1.5 * utrain[i] * utrain[i - 10 + 1]
            + 0.1
        )
        ytrain = np.append(ytrain, [temp], axis=0)

    train_data = {
        "trainInput": utrain[0:train_size],
        "trainTarget": ytrain[0:train_size],
    }

    test_data = {
        "testInput": utrain[train_size:total_size],
        "testTarget": ytrain[train_size:total_size],
    }

    dataset = {"train_data": train_data, "test_data": test_data}
    return dataset</literal_block>
                </CodeAreaNode>
            </container>
            <comment xml:space="preserve"></comment>
            <paragraph>Let us consider a NARMA10 series of size 1000 with 800 samples in the training portion and 200 in the testing portion.</paragraph>
            <comment xml:space="preserve"></comment>
            <container classes="nbinput nblast">
                <comment xml:space="preserve"></comment>
                <CodeAreaNode prompt="[2]:" stderr="False">
                    <literal_block classes="input_area" language="ipython3" linenos="False" xml:space="preserve">TRAIN_SIZE = 800
TEST_SIZE = 200

dataset = NARMA10(seed=0, train_size=TRAIN_SIZE, test_size=TEST_SIZE)

X_train = dataset["train_data"]["trainInput"]
y_train = dataset["train_data"]["trainTarget"].reshape((TRAIN_SIZE))

X_test = dataset["test_data"]["testInput"]
y_test = dataset["test_data"]["testTarget"].reshape((TEST_SIZE))</literal_block>
                </CodeAreaNode>
            </container>
            <comment xml:space="preserve"></comment>
            <paragraph>The target for this forecast is plotted below with the training portion in blue and the testing portion in red:</paragraph>
            <comment xml:space="preserve"></comment>
            <container classes="nbinput">
                <comment xml:space="preserve"></comment>
                <CodeAreaNode prompt="[3]:" stderr="False">
                    <literal_block classes="input_area" language="ipython3" linenos="False" xml:space="preserve">import matplotlib.pyplot as plt

t_train = np.linspace(0, TRAIN_SIZE, TRAIN_SIZE)
t_test = np.linspace(TRAIN_SIZE, TRAIN_SIZE + TEST_SIZE, TEST_SIZE)

plt.plot(t_train, y_train, "b")
plt.plot(t_test, y_test, "r")
plt.legend(["Train Data", "Test Data"])
plt.xlabel("$t$")
plt.ylabel("$y(t)$")
plt.show()</literal_block>
                </CodeAreaNode>
            </container>
            <comment xml:space="preserve"></comment>
            <container classes="nboutput nblast">
                <comment xml:space="preserve"></comment>
                <FancyOutputNode prompt="">
                    <container classes="output_area ">
                        <image candidates="{'*': '../build/doctrees/nbsphinx/notebooks_NARMA10_7_0.png'}" original_uri="../../build/doctrees/nbsphinx/notebooks_NARMA10_7_0.png" uri="../build/doctrees/nbsphinx/notebooks_NARMA10_7_0.png"></image>
                    </container>
                </FancyOutputNode>
            </container>
            <comment xml:space="preserve"></comment>
        </section>
        <section ids="Modelling-data-using-reservoir" names="modelling\ data\ using\ reservoir">
            <title>Modelling data using reservoir</title>
            <paragraph>After filling out some necessary details including replacing the IP_ADDR and PORT variables with our specific hardware destination we can begin interacting with the device through the client interface. Utilizing EmuCore’s direct interface we first begin by acquiring the lock. This ensures that the device is not being utilized by other users or processes and ensures that no one other than the current user can manipulate the reservoir anyway. Some of the ways we can interact with the hardware
                include resetting the reservoir and configuring reservoir size and attributes.</paragraph>
            <comment xml:space="preserve"></comment>
            <container classes="nbinput nblast">
                <comment xml:space="preserve"></comment>
                <CodeAreaNode prompt="[4]:" stderr="False">
                    <literal_block classes="input_area" language="ipython3" linenos="False" xml:space="preserve">from emucore_direct.client import EmuCoreClient
from time import time

IP_ADDR = "YOUR_DEVICE_IP_ADDRESS"
PORT = "YOUR_DEVICE_PORT"
# Instantiate an EmuCore instance
ec_client = EmuCoreClient(ip_addr=IP_ADDR, port = PORT)</literal_block>
                </CodeAreaNode>
            </container>
            <comment xml:space="preserve"></comment>
            <paragraph>The first step to begin interacting with the device is to acquire the device lock:</paragraph>
            <comment xml:space="preserve"></comment>
            <container classes="nbinput nblast">
                <comment xml:space="preserve"></comment>
                <CodeAreaNode prompt="[5]:" stderr="False">
                    <literal_block classes="input_area" language="ipython3" linenos="False" xml:space="preserve"># A a lock id and reset the device
lock_id, start, end = ec_client.wait_for_lock()</literal_block>
                </CodeAreaNode>
            </container>
            <comment xml:space="preserve"></comment>
            <paragraph>The above function will wait indefinitely until the device lock is avaialble. After acquiring the device execution lock, the reservoir can be configured to a specific model and used to generated data utilizing the specified model on time series data. The following parameters can be configured to customize the reservoir model:</paragraph>
            <raw format="html" xml:space="preserve">&lt;ul&gt;</raw>
            <raw format="html" xml:space="preserve">&lt;li&gt;</raw>
            <paragraph>vbias: bias to apply to each node in reservoir range for parameter [0,1].</paragraph>
            <raw format="html" xml:space="preserve">&lt;/li&gt;</raw>
            <raw format="html" xml:space="preserve">&lt;li&gt;</raw>
            <paragraph>gain: memory setting for system how long should inputs effect reservoir similar to beta in adaptive gradient descent range for parameter [0,1].</paragraph>
            <raw format="html" xml:space="preserve">&lt;/li&gt;</raw>
            <raw format="html" xml:space="preserve">&lt;li&gt;</raw>
            <paragraph>num_nodes: the total number of hidden nodes to instantiate within the reservoir, a single hidden layer.</paragraph>
            <raw format="html" xml:space="preserve">&lt;/li&gt;</raw>
            <raw format="html" xml:space="preserve">&lt;li&gt;</raw>
            <paragraph>num_taps: number of connections in reservoir, generally should be set to less than the number of nodes in reservoir. Defines interconnection between nodes.</paragraph>
            <raw format="html" xml:space="preserve">&lt;/li&gt;</raw>
            <raw format="html" xml:space="preserve">&lt;/ul&gt;</raw>
            <comment xml:space="preserve"></comment>
            <container classes="nbinput">
                <comment xml:space="preserve"></comment>
                <CodeAreaNode prompt="[6]:" stderr="False">
                    <literal_block classes="input_area" language="ipython3" linenos="False" xml:space="preserve">VBIAS = 0.31
GAIN = 0.72
NUM_NODES = 400
NUM_TAPS = 400
# A a lock id and reset the device
#lock_id, start, end = client.wait_for_lock()
print("Reservoir reset")
ec_client.reservoir_reset(lock_id=lock_id)
print("Reservoir config")
# Configure
ec_client.rc_config(
    lock_id=lock_id,
    vbias=VBIAS,
    gain=GAIN,
    num_nodes=NUM_NODES,
    num_taps=NUM_TAPS
)</literal_block>
                </CodeAreaNode>
            </container>
            <comment xml:space="preserve"></comment>
            <container classes="nboutput">
                <comment xml:space="preserve"></comment>
                <CodeAreaNode prompt="" stderr="False">
                    <container classes="output_area ">
                        <raw classes="highlight" format="html" xml:space="preserve">&lt;pre&gt;
Reservoir reset
Reservoir config
&lt;/pre&gt;</raw>
                        <raw format="latex" xml:space="preserve">\begin{sphinxVerbatim}[commandchars=\\\{\}]
Reservoir reset
Reservoir config
\end{sphinxVerbatim}</raw>
                        <raw format="text" xml:space="preserve">Reservoir reset
Reservoir config</raw>
                    </container>
                </CodeAreaNode>
            </container>
            <comment xml:space="preserve"></comment>
            <container classes="nboutput nblast">
                <comment xml:space="preserve"></comment>
                <CodeAreaNode prompt="[6]:" stderr="False">
                    <container classes="output_area ">
                        <raw classes="highlight" format="html" xml:space="preserve">&lt;pre&gt;
{&amp;#39;status&amp;#39;: 0, &amp;#39;message&amp;#39;: &amp;#39;Success&amp;#39;}
&lt;/pre&gt;</raw>
                        <raw format="latex" xml:space="preserve">\begin{sphinxVerbatim}[commandchars=\\\{\}]
\{'status': 0, 'message': 'Success'\}
\end{sphinxVerbatim}</raw>
                        <raw format="text" xml:space="preserve">{'status': 0, 'message': 'Success'}</raw>
                    </container>
                </CodeAreaNode>
            </container>
            <comment xml:space="preserve"></comment>
            <paragraph>Once the reservoir is configured data can be transformed using the reservoir model.</paragraph>
            <comment xml:space="preserve"></comment>
            <container classes="nbinput nblast">
                <comment xml:space="preserve"></comment>
                <CodeAreaNode prompt="[7]:" stderr="False">
                    <literal_block classes="input_area" language="ipython3" linenos="False" xml:space="preserve">FEATURE_SCALING = 0.1
DENSITY = 1.0

resp_train, train_max_scale_val, train_wgts = ec_client.process_all_data(
    input_data=X_train,
    num_nodes=NUM_NODES,
    density=DENSITY,
    feature_scaling=FEATURE_SCALING,
    lock_id=lock_id,
    seed_val_weights = 10,
    max_scale_val=None,
)

resp_test, test_max_scale_val, test_wgts = ec_client.process_all_data(
    input_data=X_test,
    num_nodes=NUM_NODES,
    density=DENSITY,
    feature_scaling=FEATURE_SCALING,
    lock_id=lock_id,
    seed_val_weights = 10,
    max_scale_val=train_max_scale_val,
)</literal_block>
                </CodeAreaNode>
            </container>
            <comment xml:space="preserve"></comment>
            <paragraph>Once finished processing it is important to release the lock so that other users can access the reservoir computer which is what the below command accomplishes:</paragraph>
            <comment xml:space="preserve"></comment>
            <container classes="nbinput">
                <comment xml:space="preserve"></comment>
                <CodeAreaNode prompt="[8]:" stderr="False">
                    <literal_block classes="input_area" language="ipython3" linenos="False" xml:space="preserve">ec_client.release_lock(lock_id=lock_id)</literal_block>
                </CodeAreaNode>
            </container>
            <comment xml:space="preserve"></comment>
            <container classes="nboutput nblast">
                <comment xml:space="preserve"></comment>
                <CodeAreaNode prompt="[8]:" stderr="False">
                    <container classes="output_area ">
                        <raw classes="highlight" format="html" xml:space="preserve">&lt;pre&gt;
{&amp;#39;status&amp;#39;: 0, &amp;#39;message&amp;#39;: &amp;#39;Success&amp;#39;}
&lt;/pre&gt;</raw>
                        <raw format="latex" xml:space="preserve">\begin{sphinxVerbatim}[commandchars=\\\{\}]
\{'status': 0, 'message': 'Success'\}
\end{sphinxVerbatim}</raw>
                        <raw format="text" xml:space="preserve">{'status': 0, 'message': 'Success'}</raw>
                    </container>
                </CodeAreaNode>
            </container>
            <comment xml:space="preserve"></comment>
            <paragraph>Each reservoir node produces a response based on the input signal that retains some information from previous data points allowing for accurate predictions. The plot below shows the reservoir node values at each time step in the testing set:</paragraph>
            <comment xml:space="preserve"></comment>
            <container classes="nbinput">
                <comment xml:space="preserve"></comment>
                <CodeAreaNode prompt="[9]:" stderr="False">
                    <literal_block classes="input_area" language="ipython3" linenos="False" xml:space="preserve">plt.figure()
plt.imshow(resp_test, cmap="nipy_spectral")
plt.xlabel("Node number")
plt.ylabel("Time step ($t$) in test set")
plt.colorbar()
plt.show()</literal_block>
                </CodeAreaNode>
            </container>
            <comment xml:space="preserve"></comment>
            <container classes="nboutput nblast">
                <comment xml:space="preserve"></comment>
                <FancyOutputNode prompt="">
                    <container classes="output_area ">
                        <image candidates="{'*': '../build/doctrees/nbsphinx/notebooks_NARMA10_19_0.png'}" original_uri="../../build/doctrees/nbsphinx/notebooks_NARMA10_19_0.png" uri="../build/doctrees/nbsphinx/notebooks_NARMA10_19_0.png"></image>
                    </container>
                </FancyOutputNode>
            </container>
            <comment xml:space="preserve"></comment>
        </section>
        <section ids="Train-prediction-model" names="train\ prediction\ model">
            <title>Train prediction model</title>
            <paragraph>Once we have the reservoir response, we can build a simple linear regression model using the reservoir response as its input. Utilzing a reservoir allows for simpler models to obtain higher accuracy than is possible without this data augmentation approach:</paragraph>
            <comment xml:space="preserve"></comment>
            <container classes="nbinput nblast">
                <comment xml:space="preserve"></comment>
                <CodeAreaNode prompt="[10]:" stderr="False">
                    <literal_block classes="input_area" language="ipython3" linenos="False" xml:space="preserve">from sklearn.linear_model import LinearRegression
from sklearn.metrics import mean_squared_error, r2_score

lin_model = LinearRegression()
lin_model.fit(resp_train, y_train)

y_pred_train = lin_model.predict(resp_train)
y_pred_test = lin_model.predict(resp_test)</literal_block>
                </CodeAreaNode>
            </container>
            <comment xml:space="preserve"></comment>
        </section>
        <section ids="Evaluate-predictions" names="evaluate\ predictions">
            <title>Evaluate predictions</title>
            <paragraph>We will utilize three metrics to analyze the quality of the model and to check for overfitting to the training data <math>NRMSE</math>, <math>MSE</math>, and <math>R^2</math>. <math>NRMSE</math> will be calculated as shown below: <math>NRMSE = \sqrt{\frac{1}{m} \sum_{k=0}^{m}\frac{(\hat{y}_k - y_k)^2}{\sigma^2(y)}}</math></paragraph>
            <comment xml:space="preserve"></comment>
            <container classes="nbinput nblast">
                <comment xml:space="preserve"></comment>
                <CodeAreaNode prompt="[11]:" stderr="False">
                    <literal_block classes="input_area" language="ipython3" linenos="False" xml:space="preserve">def NRMSE(target, estimate):
    return np.sqrt(((estimate - target) ** 2).mean()) / np.std(target)</literal_block>
                </CodeAreaNode>
            </container>
            <comment xml:space="preserve"></comment>
            <container classes="nbinput">
                <comment xml:space="preserve"></comment>
                <CodeAreaNode empty-lines-before="1" prompt="[12]:" stderr="False">
                    <literal_block classes="input_area" language="ipython3" linenos="False" xml:space="preserve"># Calculate Mean Squared Error and R-squared
mse_train = mean_squared_error(y_train, y_pred_train)
r2_train = r2_score(y_train, y_pred_train)
print(f"Train Mean Squared Error: {mse_train:.4f}")
print(f"Train R-squared: {r2_train:.2f}")

mse_test = mean_squared_error(y_test, y_pred_test)
r2_test = r2_score(y_test, y_pred_test)
print(f"Test Mean Squared Error: {mse_test:.4f}")
print(f"Test R-squared: {r2_test:.2f}")
print("Train NRMSE:", NRMSE(y_train, y_pred_train))
print("Test NRMSE:", NRMSE(y_test, y_pred_test))</literal_block>
                </CodeAreaNode>
            </container>
            <comment xml:space="preserve"></comment>
            <container classes="nboutput nblast">
                <comment xml:space="preserve"></comment>
                <CodeAreaNode prompt="" stderr="False">
                    <container classes="output_area ">
                        <raw classes="highlight" format="html" xml:space="preserve">&lt;pre&gt;
Train Mean Squared Error: 0.0001
Train R-squared: 0.99
Test Mean Squared Error: 0.0003
Test R-squared: 0.96
Train NRMSE: 0.09582885843850779
Test NRMSE: 0.19772048772699802
&lt;/pre&gt;</raw>
                        <raw format="latex" xml:space="preserve">\begin{sphinxVerbatim}[commandchars=\\\{\}]
Train Mean Squared Error: 0.0001
Train R-squared: 0.99
Test Mean Squared Error: 0.0003
Test R-squared: 0.96
Train NRMSE: 0.09582885843850779
Test NRMSE: 0.19772048772699802
\end{sphinxVerbatim}</raw>
                        <raw format="text" xml:space="preserve">Train Mean Squared Error: 0.0001
Train R-squared: 0.99
Test Mean Squared Error: 0.0003
Test R-squared: 0.96
Train NRMSE: 0.09582885843850779
Test NRMSE: 0.19772048772699802</raw>
                    </container>
                </CodeAreaNode>
            </container>
            <comment xml:space="preserve"></comment>
            <paragraph>Finally, the overall performance can be observed by looking at a plot of the residuals and the target value vs the predicted value from our linear model that was trained above.</paragraph>
            <comment xml:space="preserve"></comment>
            <container classes="nbinput">
                <comment xml:space="preserve"></comment>
                <CodeAreaNode prompt="[13]:" stderr="False">
                    <literal_block classes="input_area" language="ipython3" linenos="False" xml:space="preserve">def StepPlotData(y1,y2,legend1="y1",legend2="y2"):

    plt.figure()
    assert(y1.shape[0]==y2.shape[0])
    i=np.arange(y1.shape[0])
    plt.step(i,y1,'r', where='mid', label=legend1,alpha=0.6)
    plt.legend()
    plt.step(i,y2,'g', where='mid', label=legend2,alpha=0.6)
    plt.legend()

StepPlotData(y1=y_test, y2=y_pred_test, legend1="Target", legend2="Predicted")
plt.xlabel("k")
plt.ylabel("output y[k]")

plt.figure()
plt.step(y_test-y_pred_test,'g', where='mid', label="Estimate-Target")
plt.legend()

plt.xlabel("Samples")
plt.ylabel("Residual")
plt.show()</literal_block>
                </CodeAreaNode>
            </container>
            <comment xml:space="preserve"></comment>
            <container classes="nboutput">
                <comment xml:space="preserve"></comment>
                <FancyOutputNode prompt="">
                    <container classes="output_area ">
                        <image candidates="{'*': '../build/doctrees/nbsphinx/notebooks_NARMA10_26_0.png'}" original_uri="../../build/doctrees/nbsphinx/notebooks_NARMA10_26_0.png" uri="../build/doctrees/nbsphinx/notebooks_NARMA10_26_0.png"></image>
                    </container>
                </FancyOutputNode>
            </container>
            <comment xml:space="preserve"></comment>
            <container classes="nboutput nblast">
                <comment xml:space="preserve"></comment>
                <FancyOutputNode prompt="">
                    <container classes="output_area ">
                        <image candidates="{'*': '../build/doctrees/nbsphinx/notebooks_NARMA10_26_1.png'}" original_uri="../../build/doctrees/nbsphinx/notebooks_NARMA10_26_1.png" uri="../build/doctrees/nbsphinx/notebooks_NARMA10_26_1.png"></image>
                    </container>
                </FancyOutputNode>
            </container>
            <comment xml:space="preserve"></comment>
        </section>
    </section>
</document>
