<?xml version="1.0" encoding="utf-8"?>
<!DOCTYPE document PUBLIC "+//IDN docutils.sourceforge.net//DTD Docutils Generic//EN//XML" "http://docutils.sourceforge.net/docs/ref/docutils.dtd">
<!-- Generated by Docutils 0.20.1 -->
<document nbsphinx_code_css="True" source="/home/david/repos/emucore-direct/docs/source/notebooks/sine_wave.ipynb" translation_progress="{'total': 0, 'translated': 0}" xmlns:c="https://www.sphinx-doc.org/" xmlns:changeset="https://www.sphinx-doc.org/" xmlns:citation="https://www.sphinx-doc.org/" xmlns:cpp="https://www.sphinx-doc.org/" xmlns:index="https://www.sphinx-doc.org/" xmlns:js="https://www.sphinx-doc.org/" xmlns:math="https://www.sphinx-doc.org/" xmlns:py="https://www.sphinx-doc.org/" xmlns:rst="https://www.sphinx-doc.org/" xmlns:std="https://www.sphinx-doc.org/" xmlns:todo="https://www.sphinx-doc.org/">
    <comment xml:space="preserve"></comment>
    <section ids="Sine-Wave" names="sine\ wave">
        <title>Sine Wave</title>
        <paragraph>To illustrate a basic usage pattern, sequential observations from the sine wave function will be modelled by the reservoir. The first step will be to create the sine wave data for our example.</paragraph>
        <comment xml:space="preserve"></comment>
        <container classes="nbinput">
            <comment xml:space="preserve"></comment>
            <CodeAreaNode prompt="[1]:" stderr="False">
                <literal_block classes="input_area" language="ipython3" linenos="False" xml:space="preserve">import numpy as np
import matplotlib.pyplot as plt

# Define the x-values for the domain of the sine function input
x = np.linspace(0, 6 * np.pi, 500)
# Calculate the y-values using the sine function and probability function
y = np.sin(x)

# Plot the oscillator with probability-based amplitudes
plt.plot(x, y)
plt.xlabel('x')
plt.ylabel('y')
plt.title('Sine Wave')
plt.grid(True)
plt.show()</literal_block>
            </CodeAreaNode>
        </container>
        <comment xml:space="preserve"></comment>
        <container classes="nboutput nblast">
            <comment xml:space="preserve"></comment>
            <FancyOutputNode prompt="">
                <container classes="output_area ">
                    <image candidates="{'*': '../build/doctrees/nbsphinx/notebooks_sine_wave_1_0.png'}" original_uri="../../build/doctrees/nbsphinx/notebooks_sine_wave_1_0.png" uri="../build/doctrees/nbsphinx/notebooks_sine_wave_1_0.png"></image>
                </container>
            </FancyOutputNode>
        </container>
        <comment xml:space="preserve"></comment>
        <paragraph>In the below code block make sure to replace both IP_ADDR and PORT with your specific network location for your EmuCore device</paragraph>
        <comment xml:space="preserve"></comment>
        <container classes="nbinput nblast">
            <comment xml:space="preserve"></comment>
            <CodeAreaNode prompt="[3]:" stderr="False">
                <literal_block classes="input_area" language="ipython3" linenos="False" xml:space="preserve">from emucore_direct.client import EmuCoreClient
from time import time

IP_ADDR = "YOUR DEVICE IP ADDRESS"
PORT = "YOUR DEVICE PORT"
# Instantiate an EmuCore instance
ec_client = EmuCoreClient(ip_addr=IP_ADDR, port = PORT)</literal_block>
            </CodeAreaNode>
        </container>
        <comment xml:space="preserve"></comment>
        <paragraph>Reservoir systems require state while processing so in order to prevent collisions a locking mechanism on the device is available. To acquire the execution lock a user must run:</paragraph>
        <comment xml:space="preserve"></comment>
        <container classes="nbinput nblast">
            <comment xml:space="preserve"></comment>
            <CodeAreaNode prompt="[4]:" stderr="False">
                <literal_block classes="input_area" language="ipython3" linenos="False" xml:space="preserve">lock_id, _, _ = ec_client.wait_for_lock()</literal_block>
            </CodeAreaNode>
        </container>
        <comment xml:space="preserve"></comment>
        <paragraph>This function waits for the execution lock indefinitely until it becomes available.</paragraph>
        <paragraph>The basic recipe for modeling using EmuCore is to sequentially feed data to the reservoir. This process creates an expanded representation based on the current configuration of the reservoir model. Subsequently, a model is applied to the augmented data from the reservoir. This expanded representation should be easier to model and may require less complicated models to achieve good prediction results for a given series. Before running another dataset, it is important to reset the reservoir;
            otherwise, it will retain information from previous data that was modeled. Next, the reservoir model must be configured. There are a variety of parameters that can be tuned to obtain better results from predictions. Here is an example of a possible configuration:</paragraph>
        <comment xml:space="preserve"></comment>
        <container classes="nbinput">
            <comment xml:space="preserve"></comment>
            <CodeAreaNode prompt="[5]:" stderr="False">
                <literal_block classes="input_area" language="ipython3" linenos="False" xml:space="preserve">vbias=0.3
gain=0.5
num_nodes=800
num_taps=400
input_scaling=0.33
density=0.5

ec_client.reservoir_reset(lock_id=lock_id)
print("Reservoir config")
# Configure
ec_client.rc_config(
    lock_id=lock_id,
    vbias=vbias,
    gain=gain,
    num_nodes=num_nodes,
    num_taps=num_taps,
)</literal_block>
            </CodeAreaNode>
        </container>
        <comment xml:space="preserve"></comment>
        <container classes="nboutput">
            <comment xml:space="preserve"></comment>
            <CodeAreaNode prompt="" stderr="False">
                <container classes="output_area ">
                    <raw classes="highlight" format="html" xml:space="preserve">&lt;pre&gt;
Reservoir config
&lt;/pre&gt;</raw>
                    <raw format="latex" xml:space="preserve">\begin{sphinxVerbatim}[commandchars=\\\{\}]
Reservoir config
\end{sphinxVerbatim}</raw>
                    <raw format="text" xml:space="preserve">Reservoir config</raw>
                </container>
            </CodeAreaNode>
        </container>
        <comment xml:space="preserve"></comment>
        <container classes="nboutput nblast">
            <comment xml:space="preserve"></comment>
            <CodeAreaNode prompt="[5]:" stderr="False">
                <container classes="output_area ">
                    <raw classes="highlight" format="html" xml:space="preserve">&lt;pre&gt;
{&amp;#39;status&amp;#39;: 0, &amp;#39;message&amp;#39;: &amp;#39;Success&amp;#39;}
&lt;/pre&gt;</raw>
                    <raw format="latex" xml:space="preserve">\begin{sphinxVerbatim}[commandchars=\\\{\}]
\{'status': 0, 'message': 'Success'\}
\end{sphinxVerbatim}</raw>
                    <raw format="text" xml:space="preserve">{'status': 0, 'message': 'Success'}</raw>
                </container>
            </CodeAreaNode>
        </container>
        <comment xml:space="preserve"></comment>
        <paragraph>Now we begin modeling the data with the reservoir:</paragraph>
        <comment xml:space="preserve"></comment>
        <container classes="nbinput nblast">
            <comment xml:space="preserve"></comment>
            <CodeAreaNode prompt="[6]:" stderr="False">
                <literal_block classes="input_area" language="ipython3" linenos="False" xml:space="preserve">y_resp, max_scale_val, weights = ec_client.process_all_data(
    input_data=y.reshape((-1,1)),
    num_nodes=num_nodes,
    density=density,
    feature_scaling=input_scaling,
    lock_id=lock_id,
    max_scale_val=None)</literal_block>
            </CodeAreaNode>
        </container>
        <comment xml:space="preserve"></comment>
        <paragraph>After processing it is important to release the device execution lock to free up the device for other usage:</paragraph>
        <comment xml:space="preserve"></comment>
        <container classes="nbinput">
            <comment xml:space="preserve"></comment>
            <CodeAreaNode prompt="[7]:" stderr="False">
                <literal_block classes="input_area" language="ipython3" linenos="False" xml:space="preserve"># releasing lock after finished with device execution
ec_client.release_lock(lock_id=lock_id)</literal_block>
            </CodeAreaNode>
        </container>
        <comment xml:space="preserve"></comment>
        <container classes="nboutput nblast">
            <comment xml:space="preserve"></comment>
            <CodeAreaNode prompt="[7]:" stderr="False">
                <container classes="output_area ">
                    <raw classes="highlight" format="html" xml:space="preserve">&lt;pre&gt;
{&amp;#39;status&amp;#39;: 0, &amp;#39;message&amp;#39;: &amp;#39;Success&amp;#39;}
&lt;/pre&gt;</raw>
                    <raw format="latex" xml:space="preserve">\begin{sphinxVerbatim}[commandchars=\\\{\}]
\{'status': 0, 'message': 'Success'\}
\end{sphinxVerbatim}</raw>
                    <raw format="text" xml:space="preserve">{'status': 0, 'message': 'Success'}</raw>
                </container>
            </CodeAreaNode>
        </container>
        <comment xml:space="preserve"></comment>
        <paragraph>Below, the output of the reservoir is visualized, with the coloring representing the value for each combination of a given node and a given value in our sequence from the sine function. Since the sine function generates a repeating sequence, observe how the values across nodes repeat for this particular series due to the cyclic nature of the underlying function. However, with more complex inputs, this representation can become much more varied.</paragraph>
        <comment xml:space="preserve"></comment>
        <container classes="nbinput">
            <comment xml:space="preserve"></comment>
            <CodeAreaNode prompt="[8]:" stderr="False">
                <literal_block classes="input_area" language="ipython3" linenos="False" xml:space="preserve">plt.imshow(y_resp, cmap="nipy_spectral")
plt.colorbar()
plt.xlabel("Node")
plt.ylabel("Observation number (x)")
plt.show()</literal_block>
            </CodeAreaNode>
        </container>
        <comment xml:space="preserve"></comment>
        <container classes="nboutput nblast">
            <comment xml:space="preserve"></comment>
            <FancyOutputNode prompt="">
                <container classes="output_area ">
                    <image candidates="{'*': '../build/doctrees/nbsphinx/notebooks_sine_wave_13_0.png'}" original_uri="../../build/doctrees/nbsphinx/notebooks_sine_wave_13_0.png" uri="../build/doctrees/nbsphinx/notebooks_sine_wave_13_0.png"></image>
                </container>
            </FancyOutputNode>
        </container>
        <comment xml:space="preserve"></comment>
        <paragraph>Having acquired the data any number of models can be fit to predict future outcomes using the dynamics of the reservoir model.</paragraph>
        <comment xml:space="preserve"></comment>
    </section>
</document>
