QQQE,Date
17.565855026245117,2012-03-21
17.50002670288086,2012-03-22
17.482481002807617,2012-03-23
17.74576759338379,2012-03-26
17.71944236755371,2012-03-27
17.539520263671875,2012-03-28
17.548294067382812,2012-03-29
17.58341407775879,2012-03-30
17.66239356994629,2012-04-02
17.504419326782227,2012-04-03
17.315725326538086,2012-04-04
17.35521697998047,2012-04-05
17.162141799926758,2012-04-09
16.841796875,2012-04-10
16.99100685119629,2012-04-11
17.22357940673828,2012-04-12
17.04366111755371,2012-04-13
16.925172805786133,2012-04-16
17.19724464416504,2012-04-17
17.214799880981445,2012-04-18
17.02610969543457,2012-04-19
16.982223510742188,2012-04-20
16.71454620361328,2012-04-23
16.767210006713867,2012-04-24
16.872520446777344,2012-04-25
17.153362274169922,2012-04-26
17.18408203125,2012-04-27
17.276233673095703,2012-04-30
17.346435546875,2012-05-01
17.363996505737305,2012-05-02
17.074378967285156,2012-05-03
16.6794376373291,2012-05-04
16.675050735473633,2012-05-07
16.574129104614258,2012-05-08
16.46442413330078,2012-05-09
16.4205379486084,2012-05-10
16.525854110717773,2012-05-11
16.394207000732422,2012-05-14
16.38982391357422,2012-05-15
16.183582305908203,2012-05-16
15.88518238067627,2012-05-17
15.630667686462402,2012-05-18
16.008047103881836,2012-05-21
15.99927043914795,2012-05-22
16.060707092285156,2012-05-23
15.845688819885254,2012-05-24
15.990497589111328,2012-05-25
16.148473739624023,2012-05-29
15.902735710144043,2012-05-30
15.902735710144043,2012-05-31
15.354214668273926,2012-06-01
15.42880630493164,2012-06-04
15.437585830688477,2012-06-05
15.964166641235352,2012-06-06
15.88518238067627,2012-06-07
16.02560806274414,2012-06-08
15.801804542541504,2012-06-11
15.801804542541504,2012-06-12
15.801804542541504,2012-06-13
15.92906379699707,2012-06-14
15.92906379699707,2012-06-15
15.92906379699707,2012-06-18
16.46442413330078,2012-06-19
16.522911071777344,2012-06-20
15.933595657348633,2012-06-21
15.933595657348633,2012-06-22
15.814848899841309,2012-06-25
15.973173141479492,2012-06-26
16.069931030273438,2012-06-27
15.832447052001953,2012-06-28
16.36458969116211,2012-06-29
16.29861831665039,2012-07-02
16.514116287231445,2012-07-03
16.544898986816406,2012-07-05
16.20625877380371,2012-07-06
16.105112075805664,2012-07-09
15.920400619506836,2012-07-10
15.863227844238281,2012-07-11
15.740092277526855,2012-07-12
15.880820274353027,2012-07-13
15.735686302185059,2012-07-16
15.806052207946777,2012-07-17
15.806052207946777,2012-07-18
16.29861831665039,2012-07-19
16.29861831665039,2012-07-20
15.770873069763184,2012-07-23
15.612545013427734,2012-07-24
15.669721603393555,2012-07-25
15.951187133789062,2012-07-26
16.408567428588867,2012-07-27
16.245845794677734,2012-07-30
16.19307518005371,2012-07-31
16.162281036376953,2012-08-01
16.052345275878906,2012-08-02
16.052345275878906,2012-08-03
16.566890716552734,2012-08-06
16.79999351501465,2012-08-07
16.79999351501465,2012-08-08
16.804384231567383,2012-08-09
16.865951538085938,2012-08-10
16.79558563232422,2012-08-13
16.839563369750977,2012-08-14
16.839563369750977,2012-08-15
17.085847854614258,2012-08-16
17.085847854614258,2012-08-17
17.02427101135254,2012-08-20
16.94951057434082,2012-08-21
16.94951057434082,2012-08-22
16.94951057434082,2012-08-23
16.914329528808594,2012-08-24
16.914329528808594,2012-08-27
16.914329528808594,2012-08-28
16.883543014526367,2012-08-29
16.7208194732666,2012-08-30
16.79558563232422,2012-08-31
16.79558563232422,2012-09-04
16.79558563232422,2012-09-05
17.068254470825195,2012-09-06
17.165008544921875,2012-09-07
17.165008544921875,2012-09-10
17.04186248779297,2012-09-11
17.072649002075195,2012-09-12
17.03746795654297,2012-09-13
17.42447853088379,2012-09-14
17.314537048339844,2012-09-17
17.314537048339844,2012-09-18
17.369840621948242,2012-09-19
17.369840621948242,2012-09-20
17.369840621948242,2012-09-21
17.201717376708984,2012-09-24
17.175168991088867,2012-09-25
17.175168991088867,2012-09-26
17.175168991088867,2012-09-27
17.175168991088867,2012-09-28
17.060136795043945,2012-10-01
17.060136795043945,2012-10-02
17.060136795043945,2012-10-03
17.060136795043945,2012-10-04
17.228267669677734,2012-10-05
17.228267669677734,2012-10-08
17.228267669677734,2012-10-09
16.80794906616211,2012-10-10
16.719463348388672,2012-10-11
16.719463348388672,2012-10-12
16.763710021972656,2012-10-15
16.958377838134766,2012-10-16
16.9937801361084,2012-10-17
16.86989974975586,2012-10-18
16.728322982788086,2012-10-19
16.728322982788086,2012-10-22
16.356678009033203,2012-10-23
16.356678009033203,2012-10-24
16.356678009033203,2012-10-25
16.47613525390625,2012-10-26
16.47613525390625,2012-10-31
16.542491912841797,2012-11-01
16.542491912841797,2012-11-02
16.746013641357422,2012-11-05
16.746013641357422,2012-11-06
16.746013641357422,2012-11-07
16.746013641357422,2012-11-08
16.356678009033203,2012-11-09
16.356678009033203,2012-11-12
16.325706481933594,2012-11-13
16.325706481933594,2012-11-14
16.325706481933594,2012-11-15
16.091217041015625,2012-11-16
16.330127716064453,2012-11-19
16.365522384643555,2012-11-20
16.365522384643555,2012-11-21
16.365522384643555,2012-11-23
16.635404586791992,2012-11-26
16.701772689819336,2012-11-27
16.520370483398438,2012-11-28
16.94952964782715,2012-11-29
16.94952964782715,2012-11-30
16.94952964782715,2012-12-03
16.94952964782715,2012-12-04
16.936254501342773,2012-12-05
16.936254501342773,2012-12-06
16.98935317993164,2012-12-07
17.042444229125977,2012-12-10
17.201717376708984,2012-12-11
17.201717376708984,2012-12-12
17.201717376708984,2012-12-13
17.201717376708984,2012-12-14
17.263654708862305,2012-12-17
17.341876983642578,2012-12-18
17.50631332397461,2012-12-19
17.50187873840332,2012-12-20
17.23077392578125,2012-12-21
17.23077392578125,2012-12-24
17.23077392578125,2012-12-26
17.07965850830078,2012-12-27
16.941884994506836,2012-12-28
16.866331100463867,2012-12-31
17.657426834106445,2013-01-02
17.701875686645508,2013-01-03
17.73297882080078,2013-01-04
17.737424850463867,2013-01-07
17.737424850463867,2013-01-08
17.737424850463867,2013-01-09
17.737424850463867,2013-01-10
17.89297866821289,2013-01-11
17.964082717895508,2013-01-14
17.964082717895508,2013-01-15
17.964082717895508,2013-01-16
18.128530502319336,2013-01-17
18.14185905456543,2013-01-18
18.150753021240234,2013-01-22
18.19964027404785,2013-01-23
18.252967834472656,2013-01-24
18.45296859741211,2013-01-25
18.506301879882812,2013-01-28
18.395187377929688,2013-01-29
18.355182647705078,2013-01-30
18.37297248840332,2013-01-31
18.604074478149414,2013-02-01
18.38629722595215,2013-02-04
18.577409744262695,2013-02-05
18.519628524780273,2013-02-06
18.466306686401367,2013-02-07
18.621849060058594,2013-02-08
18.6529598236084,2013-02-11
18.617406845092773,2013-02-12
18.62629508972168,2013-02-13
18.62629508972168,2013-02-14
18.644073486328125,2013-02-15
18.710739135742188,2013-02-19
18.43962860107422,2013-02-20
18.235187530517578,2013-02-21
18.33297348022461,2013-02-22
18.128530502319336,2013-02-25
18.168535232543945,2013-02-26
18.466306686401367,2013-02-27
18.470745086669922,2013-02-28
18.541854858398438,2013-03-01
18.64851188659668,2013-03-04
18.87518310546875,2013-03-05
18.906293869018555,2013-03-06
18.906293869018555,2013-03-07
18.986286163330078,2013-03-08
19.03517723083496,2013-03-11
19.03073501586914,2013-03-12
19.0662899017334,2013-03-13
19.12850570678711,2013-03-14
18.9907283782959,2013-03-15
18.852954864501953,2013-03-18
18.825824737548828,2013-03-19
19.01262092590332,2013-03-20
18.901432037353516,2013-03-21
18.901432037353516,2013-03-22
18.905874252319336,2013-03-25
19.04375457763672,2013-03-26
19.132701873779297,2013-03-27
19.18606948852539,2013-03-28
19.0704345703125,2013-04-01
19.172718048095703,2013-04-02
18.9770450592041,2013-04-03
19.025957107543945,2013-04-04
18.901432037353516,2013-04-05
18.994827270507812,2013-04-08
19.101566314697266,2013-04-09
19.452909469604492,2013-04-10
19.541858673095703,2013-04-11
19.501832962036133,2013-04-12
19.061538696289062,2013-04-15
19.315040588378906,2013-04-16
18.950359344482422,2013-04-17
18.914777755737305,2013-04-18
18.990386962890625,2013-04-19
19.048198699951172,2013-04-22
19.23943328857422,2013-04-23
19.395095825195312,2013-04-24
19.395095825195312,2013-04-25
19.412885665893555,2013-04-26
19.528520584106445,2013-04-29
19.426225662231445,2013-04-30
19.457353591918945,2013-05-01
19.67527961730957,2013-05-02
19.951021194458008,2013-05-03
19.977706909179688,2013-05-06
20.04442024230957,2013-05-07
20.10668182373047,2013-05-08
20.08444595336914,2013-05-09
20.30680274963379,2013-05-10
20.24009895324707,2013-05-13
20.391307830810547,2013-05-14
20.484710693359375,2013-05-15
20.38686180114746,2013-05-16
20.493606567382812,2013-05-17
20.480260848999023,2013-05-20
20.55586814880371,2013-05-21
20.315704345703125,2013-05-22
20.33794403076172,2013-05-23
20.19562530517578,2013-05-24
20.45357894897461,2013-05-28
20.297916412353516,2013-05-29
20.42689323425293,2013-05-30
20.293472290039062,2013-05-31
20.04886817932129,2013-06-03
20.173397064208984,2013-06-04
19.830936431884766,2013-06-05
19.928789138793945,2013-06-06
20.275684356689453,2013-06-07
20.253442764282227,2013-06-10
20.13336753845215,2013-06-11
19.830936431884766,2013-06-12
20.1289119720459,2013-06-13
20.1289119720459,2013-06-14
20.2000732421875,2013-06-17
20.403305053710938,2013-06-18
20.363195419311523,2013-06-19
19.65010643005371,2013-06-20
19.62782096862793,2013-06-21
19.45845603942871,2013-06-24
19.574338912963867,2013-06-25
19.788267135620117,2013-06-26
20.015560150146484,2013-06-27
20.015560150146484,2013-06-28
20.07349395751953,2013-07-01
20.0289306640625,2013-07-02
20.0289306640625,2013-07-03
20.2562313079834,2013-07-05
20.28742790222168,2013-07-08
20.461240768432617,2013-07-09
20.52364158630371,2013-07-10
20.933666229248047,2013-07-11
21.009429931640625,2013-07-12
21.14313507080078,2013-07-15
21.10302734375,2013-07-16
21.129770278930664,2013-07-17
21.201078414916992,2013-07-18
21.196619033813477,2013-07-19
21.23672866821289,2013-07-22
21.15650749206543,2013-07-23
20.947040557861328,2013-07-24
21.187705993652344,2013-07-25
21.116395950317383,2013-07-26
21.0941162109375,2013-07-29
21.160968780517578,2013-07-30
21.33477783203125,2013-07-31
21.620019912719727,2013-08-01
21.60664176940918,2013-08-02
21.62893295288086,2013-08-05
21.530881881713867,2013-08-06
21.46402359008789,2013-08-07
21.5754451751709,2013-08-08
21.58881950378418,2013-08-09
21.539793014526367,2013-08-12
21.615564346313477,2013-08-13
21.45065689086914,2013-08-14
21.031713485717773,2013-08-15
21.10302734375,2013-08-16
20.898008346557617,2013-08-19
21.116395950317383,2013-08-20
20.947040557861328,2013-08-21
21.196619033813477,2013-08-22
21.259010314941406,2013-08-23
21.281293869018555,2013-08-26
20.987150192260742,2013-08-27
21.000511169433594,2013-08-28
21.169879913330078,2013-08-29
21.027259826660156,2013-08-30
21.383808135986328,2013-09-03
21.441747665405273,2013-09-04
21.499679565429688,2013-09-05
21.60664176940918,2013-09-06
21.60664176940918,2013-09-09
21.963191986083984,2013-09-10
22.070152282714844,2013-09-11
21.994394302368164,2013-09-12
22.03004264831543,2013-09-13
22.137006759643555,2013-09-16
22.302173614501953,2013-09-17
22.51198959350586,2013-09-18
22.520912170410156,2013-09-19
22.453947067260742,2013-09-20
22.266462326049805,2013-09-23
22.284320831298828,2013-09-24
22.29771614074707,2013-09-25
22.445026397705078,2013-09-26
22.3691349029541,2013-09-27
22.29771614074707,2013-09-30
22.5343017578125,2013-10-01
22.48966407775879,2013-10-02
22.302173614501953,2013-10-03
22.51645278930664,2013-10-04
22.364673614501953,2013-10-07
21.91826820373535,2013-10-08
21.824525833129883,2013-10-09
22.23075294494629,2013-10-10
22.355741500854492,2013-10-11
22.498592376708984,2013-10-14
22.40931510925293,2013-10-15
22.578947067260742,2013-10-16
22.73518180847168,2013-10-17
22.909276962280273,2013-10-18
22.878032684326172,2013-10-21
23.020877838134766,2013-10-22
22.7307186126709,2013-10-23
22.824462890625,2013-10-24
22.806612014770508,2013-10-25
22.860170364379883,2013-10-28
22.98070526123047,2013-10-29
22.918212890625,2013-10-30
22.878032684326172,2013-10-31
22.855710983276367,2013-11-01
22.93160057067871,2013-11-04
22.909276962280273,2013-11-05
22.81553840637207,2013-11-06
22.50752067565918,2013-11-07
22.654829025268555,2013-11-08
22.726255416870117,2013-11-11
22.726255416870117,2013-11-12
22.882497787475586,2013-11-13
23.034269332885742,2013-11-14
23.190515518188477,2013-11-15
22.949464797973633,2013-11-18
22.79768180847168,2013-11-19
22.76643180847168,2013-11-20
22.940528869628906,2013-11-21
23.101226806640625,2013-11-22
23.114625930786133,2013-11-25
23.23514747619629,2013-11-26
23.2797908782959,2013-11-27
23.315509796142578,2013-11-29
23.261940002441406,2013-12-02
23.172657012939453,2013-12-03
23.18604278564453,2013-12-04
23.110158920288086,2013-12-05
23.39139747619629,2013-12-06
23.40478515625,2013-12-09
23.418176651000977,2013-12-10
23.06998062133789,2013-12-11
23.08338165283203,2013-12-12
23.123554229736328,2013-12-13
23.22176170349121,2013-12-16
23.19497299194336,2013-12-17
23.39139747619629,2013-12-18
23.520849227905273,2013-12-19
23.7261905670166,2013-12-20
23.83779525756836,2013-12-23
23.94940185546875,2013-12-24
23.98957061767578,2013-12-26
23.994028091430664,2013-12-27
24.074386596679688,2013-12-30
24.15920066833496,2013-12-31
23.971712112426758,2014-01-02
23.87350845336914,2014-01-03
23.79315185546875,2014-01-06
23.971712112426758,2014-01-07
24.127954483032227,2014-01-08
24.01188850402832,2014-01-09
24.01188850402832,2014-01-10
23.712800979614258,2014-01-13
24.177061080932617,2014-01-14
24.297582626342773,2014-01-15
24.297582626342773,2014-01-16
24.288658142089844,2014-01-17
24.252954483032227,2014-01-21
24.48506736755371,2014-01-22
24.270797729492188,2014-01-23
23.851184844970703,2014-01-24
23.632450103759766,2014-01-27
23.681554794311523,2014-01-28
23.663698196411133,2014-01-29
23.98064613342285,2014-01-30
23.81546974182129,2014-01-31
23.253007888793945,2014-02-03
23.44049644470215,2014-02-04
23.35121726989746,2014-02-05
23.757444381713867,2014-02-06
24.203842163085938,2014-02-07
24.355615615844727,2014-02-10
24.668100357055664,2014-02-11
24.752914428710938,2014-02-12
24.922544479370117,2014-02-13
25.029680252075195,2014-02-14
25.176998138427734,2014-02-18
25.176998138427734,2014-02-19
25.29751968383789,2014-02-20
25.319843292236328,2014-02-21
25.52518653869629,2014-02-24
25.400192260742188,2014-02-25
25.43144416809082,2014-02-26
25.583221435546875,2014-02-27
25.480548858642578,2014-02-28
25.30644989013672,2014-03-03
25.752853393554688,2014-03-04
25.730531692504883,2014-03-05
25.645719528198242,2014-03-06
25.5073299407959,2014-03-07
25.440372467041016,2014-03-10
25.351089477539062,2014-03-11
25.36447525024414,2014-03-12
25.052001953125,2014-03-13
25.13681983947754,2014-03-14
25.248422622680664,2014-03-17
25.480548858642578,2014-03-18
25.337696075439453,2014-03-19
25.43144416809082,2014-03-20
25.123430252075195,2014-03-21
24.66364097595215,2014-03-24
24.78533363342285,2014-03-25
24.601205825805664,2014-03-26
24.493432998657227,2014-03-27
24.53384017944336,2014-03-28
24.776350021362305,2014-03-31
25.185029983520508,2014-04-01
25.31526756286621,2014-04-02
25.072751998901367,2014-04-03
24.4754695892334,2014-04-04
24.125181198120117,2014-04-07
24.35421371459961,2014-04-08
24.71347427368164,2014-04-09
23.963497161865234,2014-04-10
23.635662078857422,2014-04-11
23.806320190429688,2014-04-14
23.90961456298828,2014-04-15
24.129667282104492,2014-04-16
24.304805755615234,2014-04-17
24.39912986755371,2014-04-21
24.641632080078125,2014-04-22
24.457500457763672,2014-04-23
24.43953514099121,2014-04-24
24.026371002197266,2014-04-25
23.994935989379883,2014-04-28
24.134157180786133,2014-04-29
24.31378936767578,2014-04-30
24.430557250976562,2014-05-01
24.43953514099121,2014-05-02
24.47097396850586,2014-05-05
24.241933822631836,2014-05-06
24.134157180786133,2014-05-07
24.15212059020996,2014-05-08
24.25541114807129,2014-05-09
24.68204689025879,2014-05-12
24.68204689025879,2014-05-13
24.47097396850586,2014-05-14
24.309303283691406,2014-05-15
24.453014373779297,2014-05-16
24.673065185546875,2014-05-19
24.461997985839844,2014-05-20
24.610191345214844,2014-05-21
24.78533363342285,2014-05-22
24.951501846313477,2014-05-23
25.185029983520508,2014-05-27
25.122156143188477,2014-05-28
25.247901916503906,2014-05-29
25.194002151489258,2014-05-30
25.306283950805664,2014-06-02
25.2434139251709,2014-06-03
25.355680465698242,2014-06-04
25.485919952392578,2014-06-05
25.69699478149414,2014-06-06
25.688013076782227,2014-06-09
25.66555404663086,2014-06-10
25.69699478149414,2014-06-11
25.66106605529785,2014-06-12
25.566757202148438,2014-06-13
25.643096923828125,2014-06-16
25.710464477539062,2014-06-17
25.863155364990234,2014-06-18
25.80028533935547,2014-06-19
25.8407039642334,2014-06-20
25.81824493408203,2014-06-23
25.834930419921875,2014-06-24
25.952163696289062,2014-06-25
25.911582946777344,2014-06-26
26.02429962158203,2014-06-27
26.114463806152344,2014-06-30
26.434589385986328,2014-07-01
26.41204833984375,2014-07-02
26.641990661621094,2014-07-03
26.416553497314453,2014-07-07
26.150545120239258,2014-07-08
26.299333572387695,2014-07-09
26.213655471801758,2014-07-10
26.27227020263672,2014-07-11
26.398523330688477,2014-07-14
26.29031753540039,2014-07-15
26.339900970458984,2014-07-16
25.99273681640625,2014-07-17
26.339900970458984,2014-07-18
26.20464324951172,2014-07-21
26.40753746032715,2014-07-22
26.41204833984375,2014-07-23
26.45713233947754,2014-07-24
26.339900970458984,2014-07-25
26.394006729125977,2014-07-28
26.40753746032715,2014-07-29
26.44811248779297,2014-07-30
26.00174903869629,2014-07-31
25.884521484375,2014-08-01
26.082910537719727,2014-08-04
25.871002197265625,2014-08-05
25.902565002441406,2014-08-06
25.717702865600586,2014-08-07
25.99273681640625,2014-08-08
26.127992630004883,2014-08-11
26.069379806518555,2014-08-12
26.29482078552246,2014-08-13
26.45713233947754,2014-08-14
26.61493682861328,2014-08-15
26.77273941040039,2014-08-18
26.876440048217773,2014-08-19
26.957595825195312,2014-08-20
26.9305477142334,2014-08-21
27.020721435546875,2014-08-22
27.09286117553711,2014-08-25
27.14695930480957,2014-08-26
27.155981063842773,2014-08-27
27.12442398071289,2014-08-28
27.19655990600586,2014-08-29
27.27320671081543,2014-09-02
27.30476951599121,2014-09-03
27.29123878479004,2014-09-04
27.41748809814453,2014-09-05
27.426511764526367,2014-09-08
27.16950798034668,2014-09-09
27.295753479003906,2014-09-10
27.2867374420166,2014-09-11
27.137941360473633,2014-09-12
26.88996124267578,2014-09-15
27.11991310119629,2014-09-16
27.232629776000977,2014-09-17
27.376903533935547,2014-09-18
27.295753479003906,2014-09-19
26.989158630371094,2014-09-22
26.829771041870117,2014-09-23
27.159385681152344,2014-09-24
26.716894149780273,2014-09-25
26.942655563354492,2014-09-26
26.879440307617188,2014-09-29
26.865888595581055,2014-09-30
26.400821685791016,2014-10-01
26.409849166870117,2014-10-02
26.78462028503418,2014-10-03
26.671737670898438,2014-10-06
26.301483154296875,2014-10-07
26.730430603027344,2014-10-08
26.184091567993164,2014-10-09
25.520339965820312,2014-10-10
25.10494041442871,2014-10-13
25.15008544921875,2014-10-14
25.095911026000977,2014-10-15
25.068811416625977,2014-10-16
25.357786178588867,2014-10-17
25.687408447265625,2014-10-20
26.38727569580078,2014-10-21
26.13442039489746,2014-10-22
26.558853149414062,2014-10-23
26.820741653442383,2014-10-24
26.81622886657715,2014-10-27
27.218088150024414,2014-10-28
27.114233016967773,2014-10-29
27.209049224853516,2014-10-30
27.705734252929688,2014-10-31
27.750886917114258,2014-11-03
27.66509437561035,2014-11-04
27.759923934936523,2014-11-05
27.926982879638672,2014-11-06
27.87731170654297,2014-11-07
27.981168746948242,2014-11-10
28.012773513793945,2014-11-11
28.035348892211914,2014-11-12
28.103086471557617,2014-11-13
28.152738571166992,2014-11-14
28.12565040588379,2014-11-17
28.374000549316406,2014-11-18
28.256601333618164,2014-11-19
28.324331283569336,2014-11-20
28.509456634521484,2014-11-21
28.7171573638916,2014-11-24
28.766820907592773,2014-11-25
28.942920684814453,2014-11-26
29.096439361572266,2014-11-28
28.825523376464844,2014-12-01
28.947431564331055,2014-12-02
29.114501953125,2014-12-03
28.979040145874023,2014-12-04
29.069345474243164,2014-12-05
28.82100486755371,2014-12-08
28.902284622192383,2014-12-09
28.46881866455078,2014-12-10
28.608787536621094,2014-12-11
28.360450744628906,2014-12-12
28.152738571166992,2014-12-15
27.85022735595703,2014-12-16
28.06243896484375,2014-12-17
28.85261344909668,2014-12-18
28.98356056213379,2014-12-19
29.096439361572266,2014-12-22
29.125438690185547,2014-12-23
29.166217803955078,2014-12-24
29.26589584350586,2014-12-26
29.261371612548828,2014-12-29
29.08465576171875,2014-12-30
28.85357666015625,2014-12-31
28.79467010498047,2015-01-02
28.368755340576172,2015-01-05
27.93378448486328,2015-01-06
28.260013580322266,2015-01-07
28.799203872680664,2015-01-08
28.57265281677246,2015-01-09
28.300790786743164,2015-01-12
28.201114654541016,2015-01-13
27.997211456298828,2015-01-14
27.6845703125,2015-01-15
28.12407684326172,2015-01-16
28.241891860961914,2015-01-20
28.40500259399414,2015-01-21
28.83997917175293,2015-01-22
28.83997917175293,2015-01-23
28.898889541625977,2015-01-26
28.454843521118164,2015-01-27
28.146739959716797,2015-01-28
28.341571807861328,2015-01-29
27.93378448486328,2015-01-30
28.21016502380371,2015-02-02
28.694990158081055,2015-02-03
28.595308303833008,2015-02-04
28.84451675415039,2015-02-05
28.667800903320312,2015-02-06
28.545467376708984,2015-02-09
28.971385955810547,2015-02-10
28.962326049804688,2015-02-11
29.401838302612305,2015-02-12
29.678218841552734,2015-02-13
29.632915496826172,2015-02-17
29.632915496826172,2015-02-18
29.832277297973633,2015-02-19
30.05430793762207,2015-02-20
29.945547103881836,2015-02-23
29.99539566040039,2015-02-24
30.027109146118164,2015-02-25
30.081483840942383,2015-02-26
30.08601188659668,2015-02-27
30.34881591796875,2015-03-02
30.144912719726562,2015-03-03
29.99539566040039,2015-03-04
30.135854721069336,2015-03-05
29.718997955322266,2015-03-06
29.81415557861328,2015-03-09
29.329328536987305,2015-03-10
29.26589584350586,2015-03-11
29.564956665039062,2015-03-12
29.41543197631836,2015-03-13
29.841341018676758,2015-03-16
29.773366928100586,2015-03-17
30.040700912475586,2015-03-18
30.126792907714844,2015-03-19
30.412250518798828,2015-03-20
30.289920806884766,2015-03-23
30.12883186340332,2015-03-24
29.4255313873291,2015-03-25
29.212261199951172,2015-03-26
29.5071964263916,2015-03-27
29.870189666748047,2015-03-30
29.629711151123047,2015-03-31
29.361997604370117,2015-04-01
29.538957595825195,2015-04-02
29.68869400024414,2015-04-06
29.734073638916016,2015-04-07
29.874736785888672,2015-04-08
30.106143951416016,2015-04-09
30.228662490844727,2015-04-10
30.10161018371582,2015-04-13
30.006311416625977,2015-04-14
30.215044021606445,2015-04-15
30.17420196533203,2015-04-16
29.78851890563965,2015-04-17
30.087987899780273,2015-04-20
30.34662628173828,2015-04-21
30.45098876953125,2015-04-22
30.555347442626953,2015-04-23
30.559892654418945,2015-04-24
30.364776611328125,2015-04-27
30.333017349243164,2015-04-28
30.205965042114258,2015-04-29
29.793062210083008,2015-04-30
30.215044021606445,2015-05-01
30.29672622680664,2015-05-04
29.833898544311523,2015-05-05
29.675092697143555,2015-05-06
29.8248291015625,2015-05-07
30.083452224731445,2015-05-08
30.03354263305664,2015-05-11
29.924644470214844,2015-05-12
29.920103073120117,2015-05-13
30.29672622680664,2015-05-14
30.337560653686523,2015-05-15
30.478219985961914,2015-05-18
30.405620574951172,2015-05-19
30.351163864135742,2015-05-20
30.469141006469727,2015-05-21
30.469141006469727,2015-05-22
30.137901306152344,2015-05-26
30.614337921142578,2015-05-27
30.532672882080078,2015-05-28
30.43283462524414,2015-05-29
30.5190486907959,2015-06-01
30.441917419433594,2015-06-02
30.500898361206055,2015-06-03
30.269487380981445,2015-06-04
30.319393157958984,2015-06-05
30.0153865814209,2015-06-08
29.974557876586914,2015-06-09
30.3557071685791,2015-06-10
30.34209632873535,2015-06-11
30.137901306152344,2015-06-12
29.99724769592285,2015-06-15
30.178735733032227,2015-06-16
30.305797576904297,2015-06-17
30.732318878173828,2015-06-18
30.66425895690918,2015-06-19
30.795839309692383,2015-06-22
30.733552932739258,2015-06-23
30.478954315185547,2015-06-24
30.42894172668457,2015-06-25
30.17889404296875,2015-06-26
29.49239158630371,2015-06-29
29.615144729614258,2015-06-30
29.719717025756836,2015-07-01
29.792448043823242,2015-07-02
29.64242172241211,2015-07-06
29.78791046142578,2015-07-07
29.251434326171875,2015-07-08
29.342361450195312,2015-07-09
29.719717025756836,2015-07-10
30.11524772644043,2015-07-13
30.24709701538086,2015-07-14
30.14706039428711,2015-07-15
30.424392700195312,2015-07-16
30.4516658782959,2015-07-17
30.433500289916992,2015-07-20
30.392576217651367,2015-07-21
30.28801727294922,2015-07-22
30.292556762695312,2015-07-23
29.910661697387695,2015-07-24
29.592403411865234,2015-07-27
29.951580047607422,2015-07-28
30.183427810668945,2015-07-29
30.333471298217773,2015-07-30
30.28801727294922,2015-07-31
30.19252586364746,2015-08-03
30.292556762695312,2015-08-04
30.524429321289062,2015-08-05
29.942481994628906,2015-08-06
29.919750213623047,2015-08-07
30.278926849365234,2015-08-10
29.892471313476562,2015-08-11
29.915210723876953,2015-08-12
29.824283599853516,2015-08-13
29.815189361572266,2015-08-14
30.110700607299805,2015-08-17
29.906108856201172,2015-08-18
29.669700622558594,2015-08-19
28.864990234375,2015-08-20
27.919340133666992,2015-08-21
26.85548973083496,2015-08-24
26.910045623779297,2015-08-25
27.782955169677734,2015-08-26
28.39671516418457,2015-08-27
28.546743392944336,2015-08-28
28.287599563598633,2015-08-31
27.48288345336914,2015-09-01
28.010269165039062,2015-09-02
28.019363403320312,2015-09-03
27.655654907226562,2015-09-04
28.405803680419922,2015-09-08
28.14665985107422,2015-09-09
28.21940040588379,2015-09-10
28.364883422851562,2015-09-11
28.24213409423828,2015-09-14
28.62858009338379,2015-09-15
28.814977645874023,2015-09-16
28.78769874572754,2015-09-17
28.373987197875977,2015-09-18
28.383075714111328,2015-09-21
27.823869705200195,2015-09-22
27.737483978271484,2015-09-23
27.601097106933594,2015-09-24
27.46470069885254,2015-09-25
26.62362289428711,2015-09-28
26.605432510375977,2015-09-29
27.214651107788086,2015-09-30
27.146461486816406,2015-10-01
27.746580123901367,2015-10-02
28.24213409423828,2015-10-05
28.09210777282715,2015-10-06
28.319425582885742,2015-10-07
28.555830001831055,2015-10-08
28.619489669799805,2015-10-09
28.646760940551758,2015-10-12
28.3421573638916,2015-10-13
28.5103702545166,2015-10-14
28.814977645874023,2015-10-15
28.905908584594727,2015-10-16
28.951374053955078,2015-10-19
28.887725830078125,2015-10-20
28.705867767333984,2015-10-21
29.328718185424805,2015-10-22
29.637880325317383,2015-10-23
29.610591888427734,2015-10-26
29.610591888427734,2015-10-27
29.7606258392334,2015-10-28
29.60150909423828,2015-10-29
29.710613250732422,2015-10-30
29.919750213623047,2015-11-02
30.0379581451416,2015-11-03
29.901567459106445,2015-11-04
29.833370208740234,2015-11-05
29.85610580444336,2015-11-06
29.556047439575195,2015-11-09
29.501497268676758,2015-11-10
29.41965103149414,2015-11-11
29.137771606445312,2015-11-12
28.660402297973633,2015-11-13
29.037752151489258,2015-11-16
29.12413787841797,2015-11-17
29.551490783691406,2015-11-18
29.569679260253906,2015-11-19
29.669700622558594,2015-11-20
29.574228286743164,2015-11-23
29.610591888427734,2015-11-24
29.765174865722656,2015-11-25
29.815189361572266,2015-11-27
29.810638427734375,2015-11-30
30.11524772644043,2015-12-01
29.915210723876953,2015-12-02
29.36963653564453,2015-12-03
29.96522331237793,2015-12-04
29.956117630004883,2015-12-07
29.937936782836914,2015-12-08
29.528757095336914,2015-12-09
29.70151710510254,2015-12-10
29.083215713500977,2015-12-11
29.11958885192871,2015-12-14
29.528757095336914,2015-12-15
29.93338966369629,2015-12-16
29.433292388916016,2015-12-17
28.983198165893555,2015-12-18
29.274173736572266,2015-12-21
29.494293212890625,2015-12-22
29.71714973449707,2015-12-23
29.789915084838867,2015-12-24
29.648929595947266,2015-12-28
30.049163818359375,2015-12-29
29.81265640258789,2015-12-30
29.52613639831543,2015-12-31
28.943973541259766,2016-01-04
28.948522567749023,2016-01-05
28.548294067382812,2016-01-06
27.816057205200195,2016-01-07
27.461299896240234,2016-01-08
27.424915313720703,2016-01-11
27.73872947692871,2016-01-12
26.71541404724121,2016-01-13
27.211158752441406,2016-01-14
26.401596069335938,2016-01-15
26.428882598876953,2016-01-19
26.38340187072754,2016-01-20
26.460725784301758,2016-01-21
27.024682998657227,2016-01-22
26.592613220214844,2016-01-25
26.929174423217773,2016-01-26
26.392499923706055,2016-01-27
26.401596069335938,2016-01-28
27.102005004882812,2016-01-29
27.252084732055664,2016-02-01
26.456174850463867,2016-02-02
26.524394989013672,2016-02-03
26.688129425048828,2016-02-04
25.760318756103516,2016-02-05
24.968957901000977,2016-02-08
24.973495483398438,2016-02-09
25.401020050048828,2016-02-10
25.146329879760742,2016-02-11
25.505626678466797,2016-02-12
26.115062713623047,2016-02-16
26.733604431152344,2016-02-17
26.569873809814453,2016-02-18
26.710866928100586,2016-02-19
27.13838768005371,2016-02-22
26.788190841674805,2016-02-23
27.0565185546875,2016-02-24
27.288469314575195,2016-02-25
27.347599029541016,2016-02-26
27.23844337463379,2016-02-29
27.86607551574707,2016-03-01
27.920656204223633,2016-03-02
27.975234985351562,2016-03-03
27.96613883972168,2016-03-04
28.034360885620117,2016-03-07
27.59319305419922,2016-03-08
27.73872947692871,2016-03-09
27.784212112426758,2016-03-10
28.24357032775879,2016-03-11
28.298147201538086,2016-03-14
28.043455123901367,2016-03-15
28.270858764648438,2016-03-16
28.320884704589844,2016-03-17
28.53919219970703,2016-03-18
28.630159378051758,2016-03-21
28.690584182739258,2016-03-22
28.306028366088867,2016-03-23
28.25109100341797,2016-03-24
28.22820472717285,2016-03-28
28.617340087890625,2016-03-29
28.727209091186523,2016-03-30
28.772993087768555,2016-03-31
29.001893997192383,2016-04-01
28.846240997314453,2016-04-04
28.562402725219727,2016-04-05
29.070560455322266,2016-04-06
28.62192153930664,2016-04-07
28.608186721801758,2016-04-08
28.48915672302246,2016-04-11
28.66769790649414,2016-04-12
29.130075454711914,2016-04-13
29.024784088134766,2016-04-14
28.9240665435791,2016-04-15
29.134658813476562,2016-04-18
28.859975814819336,2016-04-19
28.96984100341797,2016-04-20
29.001893997192383,2016-04-21
28.94695472717285,2016-04-22
28.791305541992188,2016-04-25
28.855392456054688,2016-04-26
29.001893997192383,2016-04-27
28.580717086791992,2016-04-28
28.159534454345703,2016-04-29
28.33807945251465,2016-05-02
28.077131271362305,2016-05-03
27.784135818481445,2016-05-04
27.747509002685547,2016-05-05
27.793292999267578,2016-05-06
27.935216903686523,2016-05-09
28.241941452026367,2016-05-10
27.926050186157227,2016-05-11
27.834487915039062,2016-05-12
27.687997817993164,2016-05-13
28.026771545410156,2016-05-16
27.784135818481445,2016-05-17
27.884849548339844,2016-05-18
27.747509002685547,2016-05-19
28.09543800354004,2016-05-20
28.086278915405273,2016-05-23
28.704322814941406,2016-05-24
28.82792854309082,2016-05-25
28.905752182006836,2016-05-26
29.148386001586914,2016-05-27
29.26742172241211,2016-05-31
29.304048538208008,2016-06-01
29.519216537475586,2016-06-02
29.37271499633789,2016-06-03
29.464275360107422,2016-06-06
29.48716926574707,2016-06-07
29.395605087280273,2016-06-08
29.285734176635742,2016-06-09
28.795881271362305,2016-06-10
28.594451904296875,2016-06-13
28.57155990600586,2016-06-14
28.681434631347656,2016-06-15
28.544082641601562,2016-06-16
28.46626091003418,2016-06-17
28.859975814819336,2016-06-20
28.743423461914062,2016-06-21
28.679180145263672,2016-06-22
29.193115234375,2016-06-23
27.981700897216797,2016-06-24
27.077733993530273,2016-06-27
27.706384658813477,2016-06-28
28.330442428588867,2016-06-29
28.642467498779297,2016-06-30
28.826013565063477,2016-07-01
28.449745178222656,2016-07-05
28.71589469909668,2016-07-06
28.91779327392578,2016-07-07
29.43172264099121,2016-07-08
29.60608673095703,2016-07-11
29.908946990966797,2016-07-12
29.858469009399414,2016-07-13
30.037433624267578,2016-07-14
30.01449203491211,2016-07-15
30.110843658447266,2016-07-18
29.93189239501953,2016-07-19
30.23015022277832,2016-07-20
30.14296531677246,2016-07-21
30.326519012451172,2016-07-22
30.422876358032227,2016-07-25
30.656890869140625,2016-07-26
30.647714614868164,2016-07-27
30.73949432373047,2016-07-28
30.551366806030273,2016-07-29
30.647714614868164,2016-08-01
30.317337036132812,2016-08-02
30.418283462524414,2016-08-03
30.46417236328125,2016-08-04
30.716548919677734,2016-08-05
30.60641860961914,2016-08-08
30.68442726135254,2016-08-09
30.551366806030273,2016-08-10
30.7716064453125,2016-08-11
30.845035552978516,2016-08-12
31.09282684326172,2016-08-15
30.86797523498535,2016-08-16
30.858806610107422,2016-08-17
31.005634307861328,2016-08-18
31.060693740844727,2016-08-19
31.124940872192383,2016-08-22
31.230487823486328,2016-08-23
30.90468406677246,2016-08-24
30.886335372924805,2016-08-25
30.90468406677246,2016-08-26
31.037763595581055,2016-08-29
30.927635192871094,2016-08-30
30.881746292114258,2016-08-31
30.95975685119629,2016-09-01
31.02399444580078,2016-09-02
31.138715744018555,2016-09-06
31.16624641418457,2016-09-07
31.037763595581055,2016-09-08
30.198041915893555,2016-09-09
30.75784683227539,2016-09-12
30.367816925048828,2016-09-13
30.404521942138672,2016-09-14
30.785371780395508,2016-09-15
30.72572898864746,2016-09-16
30.670665740966797,2016-09-19
30.67020034790039,2016-09-20
31.033239364624023,2016-09-21
31.253833770751953,2016-09-22
31.092988967895508,2016-09-23
30.831052780151367,2016-09-26
31.189485549926758,2016-09-27
31.042438507080078,2016-09-28
31.0378475189209,2016-09-29
31.276811599731445,2016-09-30
31.295194625854492,2016-10-03
31.24923324584961,2016-10-04
31.382505416870117,2016-10-05
31.31817054748535,2016-10-06
31.189485549926758,2016-10-07
31.327362060546875,2016-10-10
30.67020034790039,2016-10-11
30.587488174438477,2016-10-12
30.546125411987305,2016-10-13
30.564510345458984,2016-10-14
30.403656005859375,2016-10-17
30.739131927490234,2016-10-18
30.77130889892578,2016-10-19
30.775897979736328,2016-10-20
30.789695739746094,2016-10-21
31.06541633605957,2016-10-24
30.92295265197754,2016-10-25
30.96431541442871,2016-10-26
30.67938995361328,2016-10-27
30.601266860961914,2016-10-28
30.77130889892578,2016-10-31
30.426639556884766,2016-11-01
30.297969818115234,2016-11-02
30.07279396057129,2016-11-03
30.01764678955078,2016-11-04
30.706966400146484,2016-11-07
30.913759231567383,2016-11-08
31.148128509521484,2016-11-09
30.876991271972656,2016-11-10
31.00567054748535,2016-11-11
30.982694625854492,2016-11-14
31.322771072387695,2016-11-15
31.34574317932129,2016-11-16
31.64904022216797,2016-11-17
31.5709285736084,2016-11-18
31.759334564208984,2016-11-21
31.865039825439453,2016-11-22
31.8052921295166,2016-11-23
31.970722198486328,2016-11-25
31.865039825439453,2016-11-28
31.933963775634766,2016-11-29
31.708786010742188,2016-11-30
30.968910217285156,2016-12-01
31.06081771850586,2016-12-02
31.304380416870117,2016-12-05
31.33655548095703,2016-12-06
31.869625091552734,2016-12-07
31.970722198486328,2016-12-08
31.989097595214844,2016-12-09
31.79609489440918,2016-12-12
32.14076232910156,2016-12-13
32.076412200927734,2016-12-14
32.21428298950195,2016-12-15
32.07183074951172,2016-12-16
32.0120735168457,2016-12-19
32.1474609375,2016-12-20
32.21193313598633,2016-12-21
32.01853561401367,2016-12-22
32.129051208496094,2016-12-23
32.3639030456543,2016-12-27
32.04154968261719,2016-12-28
31.954059600830078,2016-12-29
31.650131225585938,2016-12-30
31.99551010131836,2017-01-03
32.336273193359375,2017-01-04
32.437583923339844,2017-01-05
32.59416580200195,2017-01-06
32.70006561279297,2017-01-09
32.893489837646484,2017-01-10
32.911895751953125,2017-01-11
32.84281921386719,2017-01-12
32.994781494140625,2017-01-13
32.893489837646484,2017-01-17
33.02702713012695,2017-01-18
32.99939727783203,2017-01-19
33.086891174316406,2017-01-20
33.07307815551758,2017-01-23
33.39081954956055,2017-01-24
33.69013595581055,2017-01-25
33.57502365112305,2017-01-26
33.69013595581055,2017-01-27
33.54277420043945,2017-01-30
33.59804153442383,2017-01-31
33.611854553222656,2017-02-01
33.607261657714844,2017-02-02
33.759212493896484,2017-02-03
33.768428802490234,2017-02-06
33.87894058227539,2017-02-07
33.952632904052734,2017-02-08
34.09538269042969,2017-02-09
34.24274826049805,2017-02-10
34.40391540527344,2017-02-13
34.353271484375,2017-02-14
34.68943405151367,2017-02-15
34.59272384643555,2017-02-16
34.79073715209961,2017-02-17
34.97954559326172,2017-02-21
34.96110916137695,2017-02-22
34.7032470703125,2017-02-23
34.864410400390625,2017-02-24
34.951904296875,2017-02-27
34.79533767700195,2017-02-28
35.20058822631836,2017-03-01
35.03480529785156,2017-03-02
35.126914978027344,2017-03-03
35.01177978515625,2017-03-06
34.80455017089844,2017-03-07
34.98875045776367,2017-03-08
34.95652389526367,2017-03-09
35.126914978027344,2017-03-10
35.29728317260742,2017-03-13
35.14531707763672,2017-03-14
35.458457946777344,2017-03-15
35.36176300048828,2017-03-16
35.49989318847656,2017-03-17
35.33872604370117,2017-03-20
34.72283172607422,2017-03-21
34.939510345458984,2017-03-22
34.93488693237305,2017-03-23
35.14694595336914,2017-03-24
35.197662353515625,2017-03-27
35.35440444946289,2017-03-28
35.4604377746582,2017-03-29
35.49269485473633,2017-03-30
35.474266052246094,2017-03-31
35.31752395629883,2017-04-03
35.32213592529297,2017-04-04
35.17921829223633,2017-04-05
35.28987503051758,2017-04-06
35.31752395629883,2017-04-07
35.39128112792969,2017-04-10
35.271419525146484,2017-04-11
35.03171157836914,2017-04-12
34.9072265625,2017-04-13
35.059364318847656,2017-04-17
35.01787185668945,2017-04-18
35.128509521484375,2017-04-19
35.50653839111328,2017-04-20
35.37284469604492,2017-04-21
35.77853012084961,2017-04-24
36.01825714111328,2017-04-25
35.99059295654297,2017-04-26
36.15656280517578,2017-04-27
36.01363754272461,2017-04-28
36.207279205322266,2017-05-01
36.2441520690918,2017-05-02
36.087398529052734,2017-05-03
36.12428283691406,2017-05-04
36.253360748291016,2017-05-05
36.10585021972656,2017-05-08
36.364013671875,2017-05-09
36.474639892578125,2017-05-10
36.3824462890625,2017-05-11
36.33634567260742,2017-05-12
36.52996826171875,2017-05-15
36.603721618652344,2017-05-16
35.80158233642578,2017-05-17
36.096622467041016,2017-05-18
36.354793548583984,2017-05-19
36.6959228515625,2017-05-22
36.603721618652344,2017-05-23
36.778907775878906,2017-05-24
37.08317184448242,2017-05-25
37.08317184448242,2017-05-26
37.14771270751953,2017-05-30
37.22147750854492,2017-05-31
37.50728988647461,2017-06-01
37.80233383178711,2017-06-02
37.728580474853516,2017-06-05
37.55339050292969,2017-06-06
37.67325210571289,2017-06-07
37.829994201660156,2017-06-08
37.07394790649414,2017-06-09
36.92643356323242,2017-06-12
37.15693664550781,2017-06-13
37.00019073486328,2017-06-14
36.79734420776367,2017-06-15
36.778907775878906,2017-06-16
37.32289123535156,2017-06-19
36.97457504272461,2017-06-20
37.44576644897461,2017-06-21
37.46426010131836,2017-06-22
37.60282897949219,2017-06-23
37.436527252197266,2017-06-26
36.78980255126953,2017-06-27
37.371856689453125,2017-06-28
36.66969680786133,2017-06-29
36.78056716918945,2017-06-30
36.48491668701172,2017-07-03
36.7066535949707,2017-07-05
36.30936813354492,2017-07-06
36.72513198852539,2017-07-07
36.84524154663086,2017-07-10
36.8821907043457,2017-07-11
37.344146728515625,2017-07-12
37.39957046508789,2017-07-13
37.60282897949219,2017-07-14
37.5289192199707,2017-07-17
37.69523239135742,2017-07-18
37.97239685058594,2017-07-19
38.04631042480469,2017-07-20
38.00010681152344,2017-07-21
38.03706741333008,2017-07-24
37.96315383911133,2017-07-25
38.04631042480469,2017-07-26
37.9354362487793,2017-07-27
37.94467544555664,2017-07-28
37.843048095703125,2017-07-31
37.806087493896484,2017-08-01
37.61207962036133,2017-08-02
37.473487854003906,2017-08-03
37.39033508300781,2017-08-04
37.649017333984375,2017-08-07
37.41804504394531,2017-08-08
37.29794692993164,2017-08-09
36.50338363647461,2017-08-10
36.75284194946289,2017-08-11
37.10392379760742,2017-08-14
37.09469223022461,2017-08-15
37.168609619140625,2017-08-16
36.44795608520508,2017-08-17
36.374046325683594,2017-08-18
36.429481506347656,2017-08-21
36.95610809326172,2017-08-22
36.83599853515625,2017-08-23
36.83599853515625,2017-08-24
36.81752014160156,2017-08-25
36.84524154663086,2017-08-28
36.98382568359375,2017-08-29
37.44576644897461,2017-08-30
37.81534194946289,2017-08-31
37.916961669921875,2017-09-01
37.49195861816406,2017-09-05
37.71369934082031,2017-09-06
37.71369934082031,2017-09-07
37.5843620300293,2017-09-08
38.00010681152344,2017-09-11
38.0832633972168,2017-09-12
38.13869857788086,2017-09-13
38.07403564453125,2017-09-14
38.14793395996094,2017-09-15
38.212615966796875,2017-09-18
38.129337310791016,2017-09-19
38.009056091308594,2017-09-20
37.90728759765625,2017-09-21
38.027565002441406,2017-09-22
37.749996185302734,2017-09-25
37.75923538208008,2017-09-26
38.04606628417969,2017-09-27
37.97203826904297,2017-09-28
38.30514144897461,2017-09-29
38.36064910888672,2017-10-02
38.48093032836914,2017-10-03
38.63822937011719,2017-10-04
38.8787956237793,2017-10-05
38.804771423339844,2017-10-06
38.61971664428711,2017-10-09
38.73075485229492,2017-10-10
38.70299530029297,2017-10-11
38.58271026611328,2017-10-12
38.75850296020508,2017-10-13
38.749244689941406,2017-10-16
38.804771423339844,2017-10-17
38.777008056640625,2017-10-18
38.767765045166016,2017-10-19
38.93430709838867,2017-10-20
38.73999786376953,2017-10-23
38.749244689941406,2017-10-24
38.564212799072266,2017-10-25
38.490169525146484,2017-10-26
38.712242126464844,2017-10-27
38.62896728515625,2017-10-30
38.75850296020508,2017-10-31
38.610450744628906,2017-11-01
38.45317077636719,2017-11-02
38.7862548828125,2017-11-03
38.851036071777344,2017-11-06
38.851036071777344,2017-11-07
38.96205520629883,2017-11-08
38.712242126464844,2017-11-09
38.804771423339844,2017-11-10
38.925052642822266,2017-11-13
38.81401824951172,2017-11-14
38.73999786376953,2017-11-15
39.332157135009766,2017-11-16
39.433929443359375,2017-11-17
39.378414154052734,2017-11-20
39.665245056152344,2017-11-21
39.71151351928711,2017-11-22
39.6930046081543,2017-11-24
39.55420684814453,2017-11-27
39.81328582763672,2017-11-28
39.369178771972656,2017-11-29
39.665245056152344,2017-11-30
39.44318771362305,2017-12-01
39.29515075683594,2017-12-04
39.23038864135742,2017-12-05
39.23038864135742,2017-12-06
39.35991668701172,2017-12-07
39.665245056152344,2017-12-08
39.79478454589844,2017-12-11
39.81328582763672,2017-12-12
39.97983169555664,2017-12-13
39.88731384277344,2017-12-14
40.22964859008789,2017-12-15
40.571983337402344,2017-12-18
40.46535110473633,2017-12-19
40.437530517578125,2017-12-20
40.437530517578125,2017-12-21
40.33553695678711,2017-12-22
40.224266052246094,2017-12-26
40.270633697509766,2017-12-27
40.33553695678711,2017-12-28
40.04808044433594,2017-12-29
40.73424530029297,2018-01-02
41.17007064819336,2018-01-03
41.188602447509766,2018-01-04
41.522422790527344,2018-01-05
41.74494934082031,2018-01-08
41.726417541503906,2018-01-09
41.568790435791016,2018-01-10
41.86550521850586,2018-01-11
42.162227630615234,2018-01-12
42.06022644042969,2018-01-16
42.505306243896484,2018-01-17
42.52385711669922,2018-01-18
42.65366744995117,2018-01-19
42.978206634521484,2018-01-22
43.29347229003906,2018-01-23
43.024566650390625,2018-01-24
42.98748016357422,2018-01-25
43.534568786621094,2018-01-26
43.46038055419922,2018-01-29
42.99674606323242,2018-01-30
42.968936920166016,2018-01-31
42.68149185180664,2018-02-01
41.921142578125,2018-02-02
40.27989196777344,2018-02-05
40.938255310058594,2018-02-06
40.9567985534668,2018-02-07
39.083740234375,2018-02-08
39.593727111816406,2018-02-09
40.2335319519043,2018-02-12
40.24281311035156,2018-02-13
41.021690368652344,2018-02-14
41.62441635131836,2018-02-15
41.57804489135742,2018-02-16
41.46678924560547,2018-02-20
41.37405776977539,2018-02-21
41.272064208984375,2018-02-22
42.04168701171875,2018-02-23
42.505306243896484,2018-02-26
42.05095291137695,2018-02-27
41.81914520263672,2018-02-28
41.16079330444336,2018-03-01
41.58732604980469,2018-03-02
42.013858795166016,2018-03-05
42.29204177856445,2018-03-06
42.440399169921875,2018-03-07
42.76494598388672,2018-03-08
43.534568786621094,2018-03-09
43.71073532104492,2018-03-12
43.19147872924805,2018-03-13
43.1173095703125,2018-03-14
43.07093048095703,2018-03-15
43.1173095703125,2018-03-16
42.24567413330078,2018-03-19
42.286502838134766,2018-03-20
42.221561431884766,2018-03-21
41.25648880004883,2018-03-22
40.1986198425293,2018-03-23
41.37711715698242,2018-03-26
40.365657806396484,2018-03-27
40.21718215942383,2018-03-28
40.82035446166992,2018-03-29
39.72537612915039,2018-04-02
40.1151123046875,2018-04-03
40.78322982788086,2018-04-04
40.82035446166992,2018-04-05
39.81816864013672,2018-04-06
40.096553802490234,2018-04-09
40.81108093261719,2018-04-10
40.47700881958008,2018-04-11
40.98738479614258,2018-04-12
40.6997184753418,2018-04-13
41.03377914428711,2018-04-16
41.6276741027832,2018-04-17
41.80397415161133,2018-04-18
41.126583099365234,2018-04-19
40.6997184753418,2018-04-20
40.65332794189453,2018-04-23
40.1336669921875,2018-04-24
40.05943298339844,2018-04-25
40.79251480102539,2018-04-26
40.764671325683594,2018-04-27
40.48628616333008,2018-04-30
40.49557113647461,2018-05-01
40.161502838134766,2018-05-02
40.0687141418457,2018-05-03
40.71828079223633,2018-05-04
41.03377914428711,2018-05-07
40.85746765136719,2018-05-08
41.27504348754883,2018-05-09
41.70191192626953,2018-05-10
41.571990966796875,2018-05-11
41.70191192626953,2018-05-14
41.36783981323242,2018-05-15
41.75757598876953,2018-05-16
41.66478729248047,2018-05-17
41.488468170166016,2018-05-18
41.52559280395508,2018-05-21
41.41423797607422,2018-05-22
41.61838150024414,2018-05-23
41.711181640625,2018-05-24
41.6926155090332,2018-05-25
41.47918701171875,2018-05-29
41.83181381225586,2018-05-30
41.47918701171875,2018-05-31
42.008121490478516,2018-06-01
42.3143424987793,2018-06-04
42.40714645385742,2018-06-05
42.72264099121094,2018-06-06
42.54633712768555,2018-06-07
42.65768814086914,2018-06-08
42.806156158447266,2018-06-11
43.03813171386719,2018-06-12
43.093814849853516,2018-06-13
43.44643783569336,2018-06-14
43.52067184448242,2018-06-15
43.24229049682617,2018-06-18
43.03673553466797,2018-06-19
43.362281799316406,2018-06-20
42.99952697753906,2018-06-21
42.98092269897461,2018-06-22
42.078712463378906,2018-06-25
42.078712463378906,2018-06-26
41.45552444458008,2018-06-27
41.79037094116211,2018-06-28
41.99500274658203,2018-06-29
42.134517669677734,2018-07-02
41.864768981933594,2018-07-03
42.3298454284668,2018-07-05
42.98092269897461,2018-07-06
43.297157287597656,2018-07-09
43.45528793334961,2018-07-10
43.101844787597656,2018-07-11
43.799434661865234,2018-07-12
43.752925872802734,2018-07-13
43.669227600097656,2018-07-16
43.920352935791016,2018-07-17
43.93895721435547,2018-07-18
43.76222610473633,2018-07-19
43.57619857788086,2018-07-20
43.7064323425293,2018-07-23
43.43668746948242,2018-07-24
44.00405502319336,2018-07-25
43.97616958618164,2018-07-26
43.501792907714844,2018-07-27
42.96231460571289,2018-07-30
43.315773010253906,2018-07-31
43.083229064941406,2018-08-01
43.45528793334961,2018-08-02
43.54830551147461,2018-08-03
43.78083419799805,2018-08-06
43.90176010131836,2018-08-07
43.87384796142578,2018-08-08
43.7064323425293,2018-08-09
43.297157287597656,2018-08-10
43.25996017456055,2018-08-13
43.38087463378906,2018-08-14
42.80419921875,2018-08-15
43.11112976074219,2018-08-16
43.06464767456055,2018-08-17
43.26927185058594,2018-08-20
43.529701232910156,2018-08-21
43.65061569213867,2018-08-22
43.49248504638672,2018-08-23
43.920352935791016,2018-08-24
44.283103942871094,2018-08-27
44.32030487060547,2018-08-28
44.571434020996094,2018-08-29
44.20867919921875,2018-08-30
44.217994689941406,2018-08-31
43.99475860595703,2018-09-04
43.68782424926758,2018-09-05
43.408782958984375,2018-09-06
43.278560638427734,2018-09-07
43.51110076904297,2018-09-10
43.529701232910156,2018-09-11
43.46459197998047,2018-09-12
43.90176010131836,2018-09-13
43.911048889160156,2018-09-14
43.44598388671875,2018-09-17
43.8459358215332,2018-09-18
43.80873489379883,2018-09-19
44.27379608154297,2018-09-20
44.18077850341797,2018-09-21
43.95755386352539,2018-09-24
43.916561126708984,2018-09-25
43.842037200927734,2018-09-26
44.18672561645508,2018-09-27
44.06562423706055,2018-09-28
44.00041198730469,2018-10-01
43.879302978515625,2018-10-02
44.019039154052734,2018-10-03
43.208534240722656,2018-10-04
42.584346771240234,2018-10-05
42.36076736450195,2018-10-08
42.248966217041016,2018-10-09
40.87017059326172,2018-10-10
40.385719299316406,2018-10-11
41.23349380493164,2018-10-12
40.842220306396484,2018-10-15
42.12786102294922,2018-10-16
42.09059143066406,2018-10-17
41.18691635131836,2018-10-18
40.981964111328125,2018-10-19
40.879486083984375,2018-10-22
40.73973846435547,2018-10-23
38.904441833496094,2018-10-24
39.994449615478516,2018-10-25
39.1000862121582,2018-10-26
38.969661712646484,2018-10-29
39.64042663574219,2018-10-30
40.30187225341797,2018-10-31
41.261444091796875,2018-11-01
40.981964111328125,2018-11-02
40.944698333740234,2018-11-05
41.23349380493164,2018-11-06
42.30486297607422,2018-11-07
41.92289352416992,2018-11-08
41.401187896728516,2018-11-09
40.42298889160156,2018-11-12
40.469566345214844,2018-11-13
40.42298889160156,2018-11-14
41.19623565673828,2018-11-15
40.99127197265625,2018-11-16
40.003753662109375,2018-11-19
39.33299255371094,2018-11-20
39.70564651489258,2018-11-21
39.74291229248047,2018-11-23
40.395042419433594,2018-11-26
40.47888946533203,2018-11-27
41.58750915527344,2018-11-28
41.494354248046875,2018-11-29
41.5316162109375,2018-11-30
42.04400634765625,2018-12-03
40.75837326049805,2018-12-04
40.786312103271484,2018-12-06
39.55658721923828,2018-12-07
39.84538650512695,2018-12-10
40.041019439697266,2018-12-11
40.36709976196289,2018-12-12
40.17145538330078,2018-12-13
39.43547058105469,2018-12-14
38.62496566772461,2018-12-17
38.736759185791016,2018-12-18
37.90761947631836,2018-12-19
37.190269470214844,2018-12-20
36.39839553833008,2018-12-21
35.634464263916016,2018-12-24
37.600189208984375,2018-12-26
37.85704040527344,2018-12-27
37.77298355102539,2018-12-28
37.885074615478516,2018-12-31
38.1279182434082,2019-01-02
37.03508758544922,2019-01-03
38.78175735473633,2019-01-04
39.17405319213867,2019-01-07
39.5196533203125,2019-01-08
39.98667526245117,2019-01-09
40.24822235107422,2019-01-10
40.173484802246094,2019-01-11
39.79052734375,2019-01-14
40.21084976196289,2019-01-15
40.24822235107422,2019-01-16
40.58447265625,2019-01-17
41.27566909790039,2019-01-18
40.40699768066406,2019-01-22
40.35095977783203,2019-01-23
40.96742630004883,2019-01-24
41.73334884643555,2019-01-25
41.32237243652344,2019-01-28
41.11688232421875,2019-01-29
41.976200103759766,2019-01-30
42.461917877197266,2019-01-31
42.61136245727539,2019-02-01
42.87289810180664,2019-02-04
43.17179489135742,2019-02-05
43.20915603637695,2019-02-06
42.63003921508789,2019-02-07
42.770145416259766,2019-02-08
42.87289810180664,2019-02-11
43.564090728759766,2019-02-12
43.63881301879883,2019-02-13
43.694854736328125,2019-02-14
43.99375534057617,2019-02-15
43.93770980834961,2019-02-19
44.01243591308594,2019-02-20
43.72288131713867,2019-02-21
43.92835998535156,2019-02-22
44.236610412597656,2019-02-25
44.13385772705078,2019-02-26
43.93770980834961,2019-02-27
43.95639419555664,2019-02-28
44.30198287963867,2019-03-01
43.95639419555664,2019-03-04
43.99375534057617,2019-03-05
43.629459381103516,2019-03-06
43.05970001220703,2019-03-07
42.97563552856445,2019-03-08
43.78826141357422,2019-03-11
43.89100646972656,2019-03-12
44.236610412597656,2019-03-13
44.11518096923828,2019-03-14
44.498138427734375,2019-03-15
44.54483413696289,2019-03-18
44.636531829833984,2019-03-19
44.636531829833984,2019-03-20
45.28207778930664,2019-03-21
44.309078216552734,2019-03-22
44.20615768432617,2019-03-25
44.53361129760742,2019-03-26
44.17809295654297,2019-03-27
44.37456512451172,2019-03-28
44.758148193359375,2019-03-29
45.54403305053711,2019-04-01
45.63758850097656,2019-04-02
45.965057373046875,2019-04-03
45.86213302612305,2019-04-04
46.217674255371094,2019-04-05
46.31121826171875,2019-04-08
45.99311828613281,2019-04-09
46.217674255371094,2019-04-10
46.11473846435547,2019-04-11
46.43284225463867,2019-04-12
46.35799789428711,2019-04-15
46.460914611816406,2019-04-16
46.320560455322266,2019-04-17
46.23637390136719,2019-04-18
46.227012634277344,2019-04-22
46.816429138183594,2019-04-23
46.84449005126953,2019-04-24
46.72286605834961,2019-04-25
46.77900314331055,2019-04-26
46.872562408447266,2019-04-29
47.09710693359375,2019-04-30
46.58253860473633,2019-05-01
46.72286605834961,2019-05-02
47.312286376953125,2019-05-03
46.86320877075195,2019-05-06
45.85277557373047,2019-05-07
45.78728485107422,2019-05-08
45.7218017578125,2019-05-09
45.66566848754883,2019-05-10
44.19680404663086,2019-05-13
44.85171890258789,2019-05-14
45.216590881347656,2019-05-15
45.590824127197266,2019-05-16
45.094966888427734,2019-05-17
44.31842803955078,2019-05-20
44.8329963684082,2019-05-21
44.61781311035156,2019-05-22
43.934844970703125,2019-05-23
43.85999298095703,2019-05-24
43.63544845581055,2019-05-28
43.19572067260742,2019-05-29
43.35477828979492,2019-05-30
42.84956741333008,2019-05-31
42.46598434448242,2019-06-03
43.7290153503418,2019-06-04
44.02839660644531,2019-06-05
44.29035949707031,2019-06-06
44.86106491088867,2019-06-07
45.34756851196289,2019-06-10
45.31950378417969,2019-06-11
45.08560562133789,2019-06-12
45.30079650878906,2019-06-13
45.02947235107422,2019-06-14
45.07625198364258,2019-06-17
45.805992126464844,2019-06-18
46.16152572631836,2019-06-19
46.554473876953125,2019-06-20
46.41412353515625,2019-06-21
46.217674255371094,2019-06-24
45.64950180053711,2019-06-25
45.874507904052734,2019-06-26
46.26827621459961,2019-06-27
46.52141571044922,2019-06-28
47.205833435058594,2019-07-01
47.224586486816406,2019-07-02
47.57149124145508,2019-07-03
47.4027214050293,2019-07-05
47.074581146240234,2019-07-08
47.252716064453125,2019-07-09
47.543357849121094,2019-07-10
47.52460861206055,2019-07-11
47.852752685546875,2019-07-12
47.92775344848633,2019-07-15
47.646488189697266,2019-07-16
47.58086013793945,2019-07-17
47.80587387084961,2019-07-18
47.4589729309082,2019-07-19
47.67460632324219,2019-07-22
48.115264892578125,2019-07-23
48.59342575073242,2019-07-24
47.95588684082031,2019-07-25
48.24652862548828,2019-07-26
48.152767181396484,2019-07-29
48.04026794433594,2019-07-30
47.262088775634766,2019-07-31
46.97144317626953,2019-08-01
46.2589111328125,2019-08-02
44.543182373046875,2019-08-05
45.07760238647461,2019-08-06
45.3494873046875,2019-08-07
46.390174865722656,2019-08-08
45.893253326416016,2019-08-09
45.25572967529297,2019-08-12
46.15577697753906,2019-08-13
44.805702209472656,2019-08-14
44.7775764465332,2019-08-15
45.52762222290039,2019-08-16
46.22140121459961,2019-08-19
45.94951629638672,2019-08-20
46.287044525146484,2019-08-21
46.24015808105469,2019-08-22
44.805702209472656,2019-08-23
45.34010696411133,2019-08-26
45.29323196411133,2019-08-27
45.46199417114258,2019-08-28
46.174530029296875,2019-08-29
46.07139587402344,2019-08-30
45.611995697021484,2019-09-03
46.26827621459961,2019-09-04
47.12145233154297,2019-09-05
47.28083801269531,2019-09-06
47.224586486816406,2019-09-09
47.1683349609375,2019-09-10
47.552734375,2019-09-11
47.637107849121094,2019-09-12
47.61836242675781,2019-09-13
47.383968353271484,2019-09-16
47.552734375,2019-09-17
47.440223693847656,2019-09-18
47.3652229309082,2019-09-19
46.97144317626953,2019-09-20
46.96207046508789,2019-09-23
46.297996520996094,2019-09-24
46.78642272949219,2019-09-25
46.683101654052734,2019-09-26
45.99742126464844,2019-09-27
46.41070556640625,2019-09-30
45.95044708251953,2019-10-01
45.23658752441406,2019-10-02
45.71562957763672,2019-10-03
46.28859329223633,2019-10-04
46.06316375732422,2019-10-07
45.245975494384766,2019-10-08
45.74380874633789,2019-10-09
46.138309478759766,2019-10-10
46.91792678833008,2019-10-11
46.95549774169922,2019-10-14
47.5660400390625,2019-10-15
47.31243133544922,2019-10-16
47.47211456298828,2019-10-17
47.077606201171875,2019-10-18
47.396968841552734,2019-10-21
47.133968353271484,2019-10-22
47.040042877197266,2019-10-23
47.706939697265625,2019-10-24
48.01690673828125,2019-10-25
48.33626937866211,2019-10-28
48.32687759399414,2019-10-29
48.44898223876953,2019-10-30
48.21416091918945,2019-10-31
48.74955749511719,2019-11-01
49.078311920166016,2019-11-04
49.059532165527344,2019-11-05
48.899845123291016,2019-11-06
48.937416076660156,2019-11-07
49.14406204223633,2019-11-08
49.125274658203125,2019-11-11
49.106483459472656,2019-11-12
49.078311920166016,2019-11-13
49.04074478149414,2019-11-14
49.3695068359375,2019-11-15
49.32252502441406,2019-11-18
49.51039505004883,2019-11-19
49.14406204223633,2019-11-20
49.05014419555664,2019-11-21
49.18163299560547,2019-11-22
49.82036209106445,2019-11-25
49.848548889160156,2019-11-26
50.186683654785156,2019-11-27
49.98003387451172,2019-11-29
49.39767837524414,2019-12-02
49.06892013549805,2019-12-03
49.3695068359375,2019-12-04
49.435245513916016,2019-12-05
49.93307113647461,2019-12-06
49.68885803222656,2019-12-09
49.66067886352539,2019-12-10
49.99882507324219,2019-12-11
50.66572189331055,2019-12-12
50.63755416870117,2019-12-13
51.08842086791992,2019-12-16
51.09780502319336,2019-12-17
51.22930908203125,2019-12-18
51.50169372558594,2019-12-19
51.839847564697266,2019-12-20
51.85773849487305,2019-12-23
51.942466735839844,2019-12-24
51.961307525634766,2019-12-26
51.93306350708008,2019-12-27
51.54705047607422,2019-12-30
51.688270568847656,2019-12-31
52.460296630859375,2020-01-02
51.980133056640625,2020-01-03
52.017784118652344,2020-01-06
52.24375534057617,2020-01-07
52.55445098876953,2020-01-08
52.940460205078125,2020-01-09
52.81806564331055,2020-01-10
53.26999282836914,2020-01-13
53.29823303222656,2020-01-14
53.194671630859375,2020-01-15
53.74073791503906,2020-01-16
53.797218322753906,2020-01-17
53.59951400756836,2020-01-21
53.74073791503906,2020-01-22
53.91020202636719,2020-01-23
53.29823303222656,2020-01-24
52.27199935913086,2020-01-27
52.94987869262695,2020-01-28
52.61094284057617,2020-01-29
52.78982162475586,2020-01-30
51.754180908203125,2020-01-31
52.55445098876953,2020-02-03
53.92902755737305,2020-02-04
54.13616180419922,2020-02-05
54.418617248535156,2020-02-06
53.881961822509766,2020-02-07
54.296226501464844,2020-02-10
54.72930908203125,2020-02-11
55.341285705566406,2020-02-12
55.284793853759766,2020-02-13
55.37894058227539,2020-02-14
55.416603088378906,2020-02-18
56.0097541809082,2020-02-19
55.55782699584961,2020-02-20
54.67281723022461,2020-02-21
52.76157760620117,2020-02-24
51.19868850708008,2020-02-25
51.179866790771484,2020-02-26
49.174461364746094,2020-02-27
49.070899963378906,2020-02-28
50.85974884033203,2020-03-02
49.63581085205078,2020-03-03
51.518798828125,2020-03-04
50.1818733215332,2020-03-05
49.22153854370117,2020-03-06
45.75682830810547,2020-03-09
47.89402389526367,2020-03-10
45.96396255493164,2020-03-11
41.78370666503906,2020-03-12
44.79650115966797,2020-03-13
39.54294967651367,2020-03-16
42.047325134277344,2020-03-17
39.288734436035156,2020-03-18
40.19257354736328,2020-03-19
38.70500183105469,2020-03-20
38.72385025024414,2020-03-23
42.154300689697266,2020-03-24
42.295814514160156,2020-03-25
44.57902526855469,2020-03-26
42.84302520751953,2020-03-27
44.24879837036133,2020-03-30
43.86198043823242,2020-03-31
41.8240852355957,2020-04-01
42.53167724609375,2020-04-02
41.918418884277344,2020-04-03
45.163963317871094,2020-04-06
45.01301574707031,2020-04-07
46.362178802490234,2020-04-08
46.54143142700195,2020-04-09
46.49425506591797,2020-04-13
48.29629135131836,2020-04-14
47.569820404052734,2020-04-15
48.40007400512695,2020-04-16
49.343544006347656,2020-04-17
48.70198440551758,2020-04-20
47.02260208129883,2020-04-21
48.27742004394531,2020-04-22
48.05099868774414,2020-04-23
48.86238098144531,2020-04-24
49.67375564575195,2020-04-27
49.06050109863281,2020-04-28
50.419105529785156,2020-04-29
49.57941436767578,2020-04-30
48.07929992675781,2020-05-01
48.551025390625,2020-05-04
49.20203399658203,2020-05-05
49.46620178222656,2020-05-06
50.1171875,2020-05-07
51.041786193847656,2020-05-08
51.23048400878906,2020-05-11
50.08888244628906,2020-05-12
49.17372131347656,2020-05-13
49.76810836791992,2020-05-14
49.99454879760742,2020-05-15
51.57957458496094,2020-05-18
51.419185638427734,2020-05-19
52.36265563964844,2020-05-20
51.83431625366211,2020-05-21
52.032440185546875,2020-05-22
52.457000732421875,2020-05-26
53.07969284057617,2020-05-27
53.004207611083984,2020-05-28
53.96656036376953,2020-05-29
54.17412185668945,2020-06-01
54.61754608154297,2020-06-02
55.3062858581543,2020-06-03
54.985504150390625,2020-06-04
56.31580352783203,2020-06-05
56.82527542114258,2020-06-08
56.40071487426758,2020-06-09
56.52336502075195,2020-06-10
53.343868255615234,2020-06-11
54.05147171020508,2020-06-12
54.73076629638672,2020-06-15
55.70254898071289,2020-06-16
55.78745651245117,2020-06-17
55.97615051269531,2020-06-18
56.0233268737793,2020-06-19
56.21202087402344,2020-06-22
56.39059829711914,2020-06-23
55.01107406616211,2020-06-24
55.483516693115234,2020-06-25
54.67091369628906,2020-06-26
55.21894454956055,2020-06-29
56.22997283935547,2020-06-30
56.44729232788086,2020-07-01
56.919734954833984,2020-07-02
57.940208435058594,2020-07-06
57.458316802978516,2020-07-07
57.911869049072266,2020-07-08
58.06304168701172,2020-07-09
58.346519470214844,2020-07-10
57.146507263183594,2020-07-13
57.826820373535156,2020-07-14
58.431549072265625,2020-07-15
58.08193588256836,2020-07-16
58.55438995361328,2020-07-17
59.48036575317383,2020-07-20
59.121315002441406,2020-07-21
59.41422653198242,2020-07-22
58.459896087646484,2020-07-23
57.84572219848633,2020-07-24
58.818946838378906,2020-07-27
58.261470794677734,2020-07-28
58.99847412109375,2020-07-29
59.14020919799805,2020-07-30
59.1969108581543,2020-07-31
59.86777114868164,2020-08-03
60.255165100097656,2020-08-04
60.255165100097656,2020-08-05
60.34965896606445,2020-08-06
59.896114349365234,2020-08-07
59.763832092285156,2020-08-10
58.97957992553711,2020-08-11
60.03784942626953,2020-08-12
60.018951416015625,2020-08-13
59.962257385253906,2020-08-14
60.69926452636719,2020-08-17
60.74650955200195,2020-08-18
60.198482513427734,2020-08-19
60.46304702758789,2020-08-20
60.519744873046875,2020-08-21
60.89768600463867,2020-08-24
61.41738510131836,2020-08-25
62.01264572143555,2020-08-26
61.889808654785156,2020-08-27
62.51344680786133,2020-08-28
62.7402229309082,2020-08-31
63.524471282958984,2020-09-01
64.44100189208984,2020-09-02
61.748077392578125,2020-09-03
61.02996826171875,2020-09-04
58.79060745239258,2020-09-08
60.02839660644531,2020-09-09
59.09296798706055,2020-09-10
58.875640869140625,2020-09-11
60.16067886352539,2020-09-14
60.85044860839844,2020-09-15
60.35911560058594,2020-09-16
59.640995025634766,2020-09-17
59.06461715698242,2020-09-18
58.818946838378906,2020-09-21
59.62504959106445,2020-09-22
58.38561248779297,2020-09-23
58.45185470581055,2020-09-24
59.7291259765625,2020-09-25
60.82663345336914,2020-09-28
60.66579818725586,2020-09-29
61.006404876708984,2020-09-30
61.88631057739258,2020-10-01
60.419803619384766,2020-10-02
61.62138748168945,2020-10-05
60.82663345336914,2020-10-06
62.04714584350586,2020-10-07
62.539127349853516,2020-10-08
63.31494140625,2020-10-09
64.51653289794922,2020-10-12
64.58277130126953,2020-10-13
64.11917114257812,2020-10-14
63.646087646484375,2020-10-15
63.71232604980469,2020-10-16
62.737815856933594,2020-10-19
62.870277404785156,2020-10-20
62.63374328613281,2020-10-21
62.87974548339844,2020-10-22
63.09735107421875,2020-10-23
61.9903678894043,2020-10-26
61.9903678894043,2020-10-27
60.05081558227539,2020-10-28
60.788795471191406,2020-10-29
59.63451385498047,2020-10-30
60.07919692993164,2020-11-02
61.25239181518555,2020-11-03
63.55149841308594,2020-11-04
64.88552856445312,2020-11-05
65.0652847290039,2020-11-06
64.64898681640625,2020-11-09
63.75019073486328,2020-11-10
64.93282318115234,2020-11-11
64.55438232421875,2020-11-12
65.65189361572266,2020-11-13
66.24795532226562,2020-11-16
65.82218933105469,2020-11-17
65.18828582763672,2020-11-18
65.85057067871094,2020-11-19
65.67082214355469,2020-11-20
66.0398178100586,2020-11-23
66.74942016601562,2020-11-24
66.80615997314453,2020-11-25
67.61985778808594,2020-11-27
67.92259979248047,2020-11-30
68.53759002685547,2020-12-01
68.63219451904297,2020-12-02
68.82142639160156,2020-12-03
69.58779907226562,2020-12-04
69.6540298461914,2020-12-07
69.99463653564453,2020-12-08
68.67003631591797,2020-12-09
68.84517669677734,2020-12-10
68.61798858642578,2020-12-11
69.34684753417969,2020-12-14
70.02839660644531,2020-12-15
70.26504516601562,2020-12-16
70.89924621582031,2020-12-17
71.0223159790039,2020-12-18
70.53953552246094,2020-12-21
70.62772369384766,2020-12-22
70.466552734375,2020-12-23
70.55188751220703,2020-12-24
70.47601318359375,2020-12-28
70.56135559082031,2020-12-29
70.9784927368164,2020-12-30
71.25340270996094,2020-12-31
70.28643035888672,2021-01-04
70.90263366699219,2021-01-05
70.61823272705078,2021-01-06
72.14453125,2021-01-07
72.90296173095703,2021-01-08
72.30571746826172,2021-01-11
72.42896270751953,2021-01-12
72.41948699951172,2021-01-13
72.50480651855469,2021-01-14
72.0307846069336,2021-01-15
72.96932220458984,2021-01-19
73.83203887939453,2021-01-20
73.86048126220703,2021-01-21
73.3864517211914,2021-01-22
73.76567077636719,2021-01-25
73.4054183959961,2021-01-26
71.15859985351562,2021-01-27
72.04975128173828,2021-01-28
71.10172271728516,2021-01-29
72.42896270751953,2021-02-01
73.6993179321289,2021-02-02
72.89349365234375,2021-02-03
73.92683410644531,2021-02-04
74.51460266113281,2021-02-05
75.10237884521484,2021-02-08
75.28251647949219,2021-02-09
75.38677978515625,2021-02-10
76.09780883789062,2021-02-11
76.68558502197266,2021-02-12
76.39170837402344,2021-02-16
75.93663787841797,2021-02-17
75.6522445678711,2021-02-18
75.92716217041016,2021-02-19
74.18280029296875,2021-02-22
73.86994934082031,2021-02-23
74.37239837646484,2021-02-24
71.72742462158203,2021-02-25
72.19195556640625,2021-02-26
73.86994934082031,2021-03-01
72.80816650390625,2021-03-02
70.76042938232422,2021-03-03
69.04451751708984,2021-03-04
70.42864227294922,2021-03-05
68.77906799316406,2021-03-08
71.13017272949219,2021-03-09
70.93107604980469,2021-03-10
72.59959411621094,2021-03-11
72.1161117553711,2021-03-12
73.11155700683594,2021-03-15
73.32957458496094,2021-03-16
73.44335174560547,2021-03-17
71.4430160522461,2021-03-18
71.91702270507812,2021-03-19
72.99776458740234,2021-03-22
72.18820190429688,2021-03-23
71.06825256347656,2021-03-24
71.12521362304688,2021-03-25
72.69121551513672,2021-03-26
72.34954071044922,2021-03-29
72.01734924316406,2021-03-30
72.99492645263672,2021-03-31
74.32366180419922,2021-04-01
75.2442855834961,2021-04-05
75.22530364990234,2021-04-06
74.83617401123047,2021-04-07
75.56697845458984,2021-04-08
75.69035339355469,2021-04-09
75.55748748779297,2021-04-12
76.13642883300781,2021-04-13
75.57646179199219,2021-04-14
76.70587921142578,2021-04-15
76.69640350341797,2021-04-16
75.78526306152344,2021-04-19
75.31071472167969,2021-04-20
76.27879333496094,2021-04-21
75.67137145996094,2021-04-22
76.63946533203125,2021-04-23
77.0380630493164,2021-04-26
76.7628173828125,2021-04-27
76.40217590332031,2021-04-28
76.47811889648438,2021-04-29
75.6333999633789,2021-04-30
75.42461395263672,2021-05-03
74.2951889038086,2021-05-04
73.93453216552734,2021-05-05
74.19078826904297,2021-05-06
74.96903228759766,2021-05-07
73.36506652832031,2021-05-10
73.38406372070312,2021-05-11
71.67567443847656,2021-05-12
72.1407470703125,2021-05-13
73.55487823486328,2021-05-14
73.00440979003906,2021-05-17
72.80510711669922,2021-05-18
73.04237365722656,2021-05-19
74.59889221191406,2021-05-20
74.26671600341797,2021-05-21
75.13038635253906,2021-05-24
75.07344818115234,2021-05-25
75.3392105102539,2021-05-26
75.2157974243164,2021-05-27
75.51952362060547,2021-05-28
75.30122375488281,2021-06-01
75.38664245605469,2021-06-02
74.68431091308594,2021-06-03
75.9371109008789,2021-06-04
76.16490936279297,2021-06-07
76.126953125,2021-06-08
76.09847259521484,2021-06-09
76.9241714477539,2021-06-10
77.06653594970703,2021-06-11
77.4082260131836,2021-06-14
76.87671661376953,2021-06-15
76.46861267089844,2021-06-16
77.20890045166016,2021-06-17
76.51607513427734,2021-06-18
77.04755401611328,2021-06-21
77.6053466796875,2021-06-22
77.49132537841797,2021-06-23
78.21349334716797,2021-06-24
78.52706909179688,2021-06-25
79.21121978759766,2021-06-28
79.53431701660156,2021-06-29
79.4202880859375,2021-06-30
79.16372680664062,2021-07-01
79.62934112548828,2021-07-02
79.34426879882812,2021-07-06
79.2302474975586,2021-07-07
78.50806427001953,2021-07-08
79.3062515258789,2021-07-09
79.40129089355469,2021-07-12
79.22074890136719,2021-07-13
79.1162109375,2021-07-14
78.755126953125,2021-07-15
78.32752990722656,2021-07-16
77.78589630126953,2021-07-19
78.88815307617188,2021-07-20
79.58182525634766,2021-07-21
79.82889556884766,2021-07-22
80.53205871582031,2021-07-23
80.11396026611328,2021-07-26
79.4297866821289,2021-07-27
80.11396026611328,2021-07-28
80.61756896972656,2021-07-29
80.8836441040039,2021-07-30
80.77911376953125,2021-08-02
81.17822265625,2021-08-03
81.27323913574219,2021-08-04
81.74835968017578,2021-08-05
81.32075500488281,2021-08-06
81.539306640625,2021-08-09
81.07369995117188,2021-08-10
81.05467987060547,2021-08-11
80.91215515136719,2021-08-12
81.07369995117188,2021-08-13
80.86463928222656,2021-08-16
80.3990249633789,2021-08-17
79.79088592529297,2021-08-18
80.02845001220703,2021-08-19
80.64608764648438,2021-08-20
81.74835968017578,2021-08-23
82.3089828491211,2021-08-24
82.55606079101562,2021-08-25
81.96691131591797,2021-08-26
82.65106964111328,2021-08-27
82.9171371459961,2021-08-30
82.85061645507812,2021-08-31
83.01216125488281,2021-09-01
83.2212142944336,2021-09-02
83.35424041748047,2021-09-03
82.96465301513672,2021-09-07
82.77461242675781,2021-09-08
82.61306762695312,2021-09-09
82.37550354003906,2021-09-10
82.13795471191406,2021-09-13
81.80537414550781,2021-09-14
82.33749389648438,2021-09-15
82.55606079101562,2021-09-16
81.8338851928711,2021-09-17
80.36100769042969,2021-09-20
80.36102294921875,2021-09-21
80.99835205078125,2021-09-22
81.75933837890625,2021-09-23
81.64519500732422,2021-09-24
81.17906951904297,2021-09-27
79.11487579345703,2021-09-28
78.9912338256836,2021-09-29
78.83902740478516,2021-09-30
78.9912338256836,2021-10-01
77.59290313720703,2021-10-04
78.48705291748047,2021-10-05
78.84854125976562,2021-10-06
79.71417236328125,2021-10-07
79.2765884399414,2021-10-08
78.63926696777344,2021-10-11
78.56316375732422,2021-10-12
79.35270690917969,2021-10-13
80.59881591796875,2021-10-14
80.84616088867188,2021-10-15
81.33128356933594,2021-10-18
81.92105865478516,2021-10-19
82.11131286621094,2021-10-20
82.7010726928711,2021-10-21
82.49180603027344,2021-10-22
82.9959716796875,2021-10-25
82.79621124267578,2021-10-26
81.91154479980469,2021-10-27
82.63449096679688,2021-10-28
83.04352569580078,2021-10-29
83.7664566040039,2021-11-01
83.95671844482422,2021-11-02
84.59404754638672,2021-11-03
85.28845977783203,2021-11-04
85.19332885742188,2021-11-05
85.17430114746094,2021-11-08
85.0601577758789,2021-11-09
83.94720458984375,2021-11-10
84.394287109375,2021-11-11
85.1838150024414,2021-11-12
85.05064392089844,2021-11-15
85.69747924804688,2021-11-16
85.34553527832031,2021-11-17
85.31700134277344,2021-11-18
85.16478729248047,2021-11-19
83.95671844482422,2021-11-22
83.7664566040039,2021-11-23
83.90914916992188,2021-11-24
82.52986145019531,2021-11-26
83.74744415283203,2021-11-29
81.71178436279297,2021-11-30
80.37052917480469,2021-12-01
81.45494079589844,2021-12-02
80.25637817382812,2021-12-03
81.05542755126953,2021-12-06
83.0815658569336,2021-12-07
83.39547729492188,2021-12-08
82.12394714355469,2021-12-09
82.6943130493164,2021-12-10
81.96659088134766,2021-12-13
81.26838684082031,2021-12-14
82.74349212646484,2021-12-15
81.34706115722656,2021-12-16
81.2782211303711,2021-12-17
80.28498077392578,2021-12-20
82.35139465332031,2021-12-21
83.02116394042969,2021-12-22
83.58258056640625,2021-12-23
84.49858856201172,2021-12-27
84.12430572509766,2021-12-28
84.26219177246094,2021-12-29
84.47888946533203,2021-12-30
84.02581787109375,2021-12-31
83.89775848388672,2022-01-03
82.8832778930664,2022-01-04
80.56864166259766,2022-01-05
80.90353393554688,2022-01-06
80.03678131103516,2022-01-07
79.91858673095703,2022-01-10
81.43539428710938,2022-01-11
81.38613891601562,2022-01-12
79.62307739257812,2022-01-13
79.86932373046875,2022-01-14
77.97823333740234,2022-01-18
77.55470275878906,2022-01-19
76.64855194091797,2022-01-20
74.97415161132812,2022-01-21
75.64391326904297,2022-01-24
73.59523010253906,2022-01-25
72.90574645996094,2022-01-26
72.00945281982422,2022-01-27
73.87100982666016,2022-01-28
76.46141052246094,2022-01-31
77.0819320678711,2022-02-01
77.20997619628906,2022-02-02
75.0726318359375,2022-02-03
75.59465026855469,2022-02-04
75.24993133544922,2022-02-07
76.29397583007812,2022-02-08
78.07673645019531,2022-02-09
76.51066589355469,2022-02-10
74.40288543701172,2022-02-11
74.19603729248047,2022-02-14
76.09699249267578,2022-02-15
75.97879028320312,2022-02-16
73.80206298828125,2022-02-17
72.89591217041016,2022-02-18
72.4329833984375,2022-02-22
70.8275146484375,2022-02-23
72.87620544433594,2022-02-24
74.08769226074219,2022-02-25
74.1566390991211,2022-02-28
73.21109771728516,2022-03-01
74.30438995361328,2022-03-02
73.24063873291016,2022-03-03
72.25569152832031,2022-03-04
69.8228759765625,2022-03-07
69.45843505859375,2022-03-08
71.615478515625,2022-03-09
70.63053131103516,2022-03-10
69.0644760131836,2022-03-11
67.84313201904297,2022-03-14
69.56678771972656,2022-03-15
72.62997436523438,2022-03-16
73.42778778076172,2022-03-17
74.9446029663086,2022-03-18
74.21573638916016,2022-03-21
75.68827056884766,2022-03-22
74.38636016845703,2022-03-23
75.67842102050781,2022-03-24
75.4022445678711,2022-03-25
76.45758056640625,2022-03-28
78.09484100341797,2022-03-29
77.1578598022461,2022-03-30
76.28990936279297,2022-03-31
76.4477310180664,2022-04-01
77.64115142822266,2022-04-04
75.94470977783203,2022-04-05
74.93870544433594,2022-04-06
75.11624145507812,2022-04-07
74.42581939697266,2022-04-08
73.35076141357422,2022-04-11
72.97595977783203,2022-04-12
74.5934829711914,2022-04-13
73.18309020996094,2022-04-14
72.78856658935547,2022-04-18
74.43567657470703,2022-04-19
73.65650939941406,2022-04-20
71.9206314086914,2022-04-21
70.14529418945312,2022-04-22
71.15132904052734,2022-04-25
68.94202423095703,2022-04-26
68.8927001953125,2022-04-27
70.70748138427734,2022-04-28
68.2022933959961,2022-04-29
69.08010864257812,2022-05-02
68.99132537841797,2022-05-03
71.01324462890625,2022-05-04
67.68942260742188,2022-05-05
66.2593002319336,2022-05-06
63.517398834228516,2022-05-09
64.07957458496094,2022-05-10
62.639591217041016,2022-05-11
63.03411102294922,2022-05-12
65.56889343261719,2022-05-13
64.77984619140625,2022-05-16
66.31847381591797,2022-05-17
63.28068923950195,2022-05-18
63.84287643432617,2022-05-19
63.80342102050781,2022-05-20
64.44451141357422,2022-05-23
63.19192123413086,2022-05-24
64.31629943847656,2022-05-25
66.20011901855469,2022-05-26
68.24175262451172,2022-05-27
67.56121063232422,2022-05-31
66.82147979736328,2022-06-01
68.72502899169922,2022-06-02
67.45271301269531,2022-06-03
67.63024139404297,2022-06-06
68.51790618896484,2022-06-07
68.0740737915039,2022-06-08
66.1803970336914,2022-06-09
64.15849304199219,2022-06-10
61.110836029052734,2022-06-13
61.25878143310547,2022-06-14
62.49165344238281,2022-06-15
59.966732025146484,2022-06-16
60.86426544189453,2022-06-17
62.07740020751953,2022-06-21
62.0872917175293,2022-06-22
63.30313491821289,2022-06-23
65.46794128417969,2022-06-24
64.95392608642578,2022-06-27
63.15486145019531,2022-06-28
62.9967041015625,2022-06-29
62.23556900024414,2022-06-30
62.9967041015625,2022-07-01
63.81715393066406,2022-07-05
63.87645721435547,2022-07-06
65.25047302246094,2022-07-07
65.23069763183594,2022-07-08
63.82704162597656,2022-07-11
63.313026428222656,2022-07-12
63.17463302612305,2022-07-13
62.96704864501953,2022-07-14
64.2323226928711,2022-07-15
63.797386169433594,2022-07-18
65.81391143798828,2022-07-19
66.97044372558594,2022-07-20
67.8304443359375,2022-07-21
66.76286315917969,2022-07-22
66.4366683959961,2022-07-25
65.33943176269531,2022-07-26
67.38561248779297,2022-07-27
68.2554931640625,2022-07-28
68.86835479736328,2022-07-29
68.94744110107422,2022-08-01
69.00674438476562,2022-08-02
70.61798858642578,2022-08-03
70.8156967163086,2022-08-04
70.73661041259766,2022-08-05
70.75637817382812,2022-08-08
69.4812240600586,2022-08-09
71.44832611083984,2022-08-10
71.07269287109375,2022-08-11
72.27867126464844,2022-08-12
72.88164520263672,2022-08-15
72.61474609375,2022-08-16
71.300048828125,2022-08-17
71.34947204589844,2022-08-18
69.93592834472656,2022-08-19
68.2357177734375,2022-08-22
68.08744812011719,2022-08-23
68.56192016601562,2022-08-24
69.75800323486328,2022-08-25
67.11872863769531,2022-08-26
66.62447357177734,2022-08-29
65.91276550292969,2022-08-30
65.73482513427734,2022-08-31
65.40863037109375,2022-09-01
64.60794830322266,2022-09-02
64.19277954101562,2022-09-06
65.635986328125,2022-09-07
66.34770202636719,2022-09-08
67.90951538085938,2022-09-09
68.52238464355469,2022-09-12
65.11209106445312,2022-09-13
65.5470199584961,2022-09-14
64.746337890625,2022-09-15
64.17301940917969,2022-09-16
64.44979095458984,2022-09-19
63.65643310546875,2022-09-20
62.665985107421875,2022-09-21
61.497249603271484,2022-09-22
60.64545822143555,2022-09-23
60.16013717651367,2022-09-26
60.28889465332031,2022-09-27
61.952857971191406,2022-09-28
60.586029052734375,2022-09-29
59.67481231689453,2022-09-30
61.27934646606445,2022-10-03
63.349395751953125,2022-10-04
63.418724060058594,2022-10-05
62.883888244628906,2022-10-06
60.605838775634766,2022-10-07
59.8134765625,2022-10-10
58.9616813659668,2022-10-11
58.86264419555664,2022-10-12
59.942237854003906,2022-10-13
58.14951705932617,2022-10-14
59.9620475769043,2022-10-17
60.5959358215332,2022-10-18
59.991756439208984,2022-10-19
59.72433853149414,2022-10-20
61.04164123535156,2022-10-21
61.3189697265625,2022-10-24
62.79473876953125,2022-10-25
62.616458892822266,2022-10-26
62.23018264770508,2022-10-27
63.834716796875,2022-10-28
63.349395751953125,2022-10-31
63.270164489746094,2022-11-01
61.21992111206055,2022-11-02
60.457275390625,2022-11-03
61.229827880859375,2022-11-04
61.962764739990234,2022-11-07
62.616458892822266,2022-11-08
61.2496337890625,2022-11-09
65.55811309814453,2022-11-10
66.9348373413086,2022-11-11
66.27123260498047,2022-11-14
67.54891967773438,2022-11-15
66.32074737548828,2022-11-16
65.9344711303711,2022-11-17
65.98400115966797,2022-11-18
65.52840423583984,2022-11-21
66.28113555908203,2022-11-22
66.78627014160156,2022-11-23
66.44951629638672,2022-11-25
65.6175308227539,2022-11-28
65.4194564819336,2022-11-29
67.85595703125,2022-11-30
68.25214385986328,2022-12-01
67.97481536865234,2022-12-02
66.72684478759766,2022-12-05
65.62744140625,2022-12-06
65.58782958984375,2022-12-07
66.60799407958984,2022-12-08
66.0434341430664,2022-12-09
66.84569549560547,2022-12-12
67.54891967773438,2022-12-13
67.20225524902344,2022-12-14
65.15201568603516,2022-12-15
64.67659759521484,2022-12-16
63.97338104248047,2022-12-19
63.94355392456055,2022-12-20
64.74893951416016,2022-12-21
63.39668273925781,2022-12-22
63.426513671875,2022-12-23
62.86970138549805,2022-12-27
62.10409164428711,2022-12-28
63.525943756103516,2022-12-29
63.46628952026367,2022-12-30
63.15805435180664,2023-01-03
64.11258697509766,2023-01-04
63.148109436035156,2023-01-05
64.83842468261719,2023-01-06
64.98756408691406,2023-01-09
65.68357849121094,2023-01-10
66.48896789550781,2023-01-11
66.78724670410156,2023-01-12
67.25457763671875,2023-01-13
67.23469543457031,2023-01-17
66.30004119873047,2023-01-18
65.32563018798828,2023-01-19
66.87674713134766,2023-01-20
68.40796661376953,2023-01-23
68.19915771484375,2023-01-24
68.25882720947266,2023-01-25
69.36250305175781,2023-01-26
69.86959075927734,2023-01-27
68.49745178222656,2023-01-30
69.47187805175781,2023-01-31
71.07270050048828,2023-02-01
72.66357421875,2023-02-02
71.18206787109375,2023-02-03
70.52583312988281,2023-02-06
71.71898651123047,2023-02-07
70.56559753417969,2023-02-08
70.03862762451172,2023-02-09
69.76022338867188,2023-02-10
70.80423736572266,2023-02-13
71.39087677001953,2023-02-14
72.22608184814453,2023-02-15
71.05280303955078,2023-02-16
70.4860610961914,2023-02-17
68.736083984375,2023-02-21
68.93494415283203,2023-02-22
69.22329711914062,2023-02-23
68.17927551269531,2023-02-24
68.8056869506836,2023-02-27
68.74603271484375,2023-02-28
68.18921661376953,2023-03-01
69.0244369506836,2023-03-02
70.02867889404297,2023-03-03
69.80992889404297,2023-03-06
68.81562805175781,2023-03-07
69.23323059082031,2023-03-08
67.67218017578125,2023-03-09
66.61822509765625,2023-03-10
66.90657043457031,2023-03-13
67.90087127685547,2023-03-14
67.73184204101562,2023-03-15
69.01448822021484,2023-03-16
68.3582534790039,2023-03-17
68.90511322021484,2023-03-20
69.80329895019531,2023-03-21
68.31961059570312,2023-03-22
69.09630584716797,2023-03-23
69.2357177734375,2023-03-24
69.2157974243164,2023-03-27
69.11621856689453,2023-03-28
70.44058990478516,2023-03-29
71.06793212890625,2023-03-30
72.24293518066406,2023-03-31
71.94420623779297,2023-04-03
71.55584716796875,2023-04-04
70.799072265625,2023-04-05
70.799072265625,2023-04-06
71.25711822509766,2023-04-10
71.21728515625,2023-04-11
70.58995819091797,2023-04-12
71.53593444824219,2023-04-13
71.1475830078125,2023-04-14
71.50606536865234,2023-04-17
71.51602172851562,2023-04-18
71.29695129394531,2023-04-19
70.83890533447266,2023-04-20
70.92852020263672,2023-04-21
70.87873077392578,2023-04-24
69.43486785888672,2023-04-25
68.87723541259766,2023-04-26
70.04228210449219,2023-04-27
70.58995819091797,2023-04-28
70.5600814819336,2023-05-01
69.70372772216797,2023-05-02
69.42491149902344,2023-05-03
69.2854995727539,2023-05-04
70.39080047607422,2023-05-05
70.59991455078125,2023-05-08
70.1020278930664,2023-05-09
70.5401611328125,2023-05-10
70.39080047607422,2023-05-11
70.24143981933594,2023-05-12
70.96834564208984,2023-05-15
70.2613525390625,2023-05-16
71.10775756835938,2023-05-17
72.18318176269531,2023-05-18
72.00394439697266,2023-05-19
72.2728042602539,2023-05-22
71.32682037353516,2023-05-23
70.94844055175781,2023-05-24
71.29695129394531,2023-05-25
73.13912200927734,2023-05-26
73.13912200927734,2023-05-30
72.83043670654297,2023-05-31
73.32832336425781,2023-06-01
74.12493133544922,2023-06-02
74.17472076416016,2023-06-05
74.3639144897461,2023-06-06
73.5573501586914,2023-06-07
74.25437927246094,2023-06-08
74.32408905029297,2023-06-09
75.29994201660156,2023-06-12
76.03680419921875,2023-06-13
76.21604919433594,2023-06-14
77.08235931396484,2023-06-15
76.55460357666016,2023-06-16
75.91731262207031,2023-06-20
75.17790222167969,2023-06-21
75.39743041992188,2023-06-22
74.47941589355469,2023-06-23
74.52930450439453,2023-06-26
75.73670196533203,2023-06-27
75.84646606445312,2023-06-28
75.80654907226562,2023-06-29
76.81438446044922,2023-06-30
77.0638427734375,2023-07-03
76.78443908691406,2023-07-05
75.68680572509766,2023-07-06
75.75666046142578,2023-07-07
77.12371063232422,2023-07-10
77.74237823486328,2023-07-11
78.22134399414062,2023-07-12
79.03958129882812,2023-07-13
78.79011535644531,2023-07-14
79.68817901611328,2023-07-17
80.0673599243164,2023-07-18
80.09729766845703,2023-07-19
79.2890396118164,2023-07-20
79.44869995117188,2023-07-21
79.1992416381836,2023-07-24
79.46865844726562,2023-07-25
79.30900573730469,2023-07-26
78.99966430664062,2023-07-27
80.27690887451172,2023-07-28
80.58625030517578,2023-07-31
80.1771240234375,2023-08-01
78.48078918457031,2023-08-02
78.33110809326172,2023-08-03
77.9519271850586,2023-08-04
78.53067779541016,2023-08-07
77.70246887207031,2023-08-08
77.37317657470703,2023-08-09
77.492919921875,2023-08-10
76.90418243408203,2023-08-11
77.61265563964844,2023-08-14
76.62478637695312,2023-08-15
75.89635467529297,2023-08-16
74.9284439086914,2023-08-17
74.95838165283203,2023-08-18
75.81653594970703,2023-08-21
75.75666046142578,2023-08-22
76.58486938476562,2023-08-23
75.01824951171875,2023-08-24
75.63691711425781,2023-08-25
76.18572998046875,2023-08-28
77.59270477294922,2023-08-29
77.9918441772461,2023-08-30
78.04173278808594,2023-08-31
78.33110809326172,2023-09-01
77.94194793701172,2023-09-05
77.9120101928711,2023-09-06
77.28336334228516,2023-09-07
77.31330871582031,2023-09-08
77.9120101928711,2023-09-11
77.31330871582031,2023-09-12
77.27339172363281,2023-09-13
77.9918441772461,2023-09-14
76.634765625,2023-09-15
76.5250015258789,2023-09-18
76.3499984741211,2023-09-19
75.76000213623047,2023-09-20
74.30999755859375,2023-09-21
74.41999816894531,2023-09-22
74.56999969482422,2023-09-25
73.68000030517578,2023-09-26
74.06999969482422,2023-09-27
74.72000122070312,2023-09-28
74.7699966430664,2023-09-29
74.63999938964844,2023-10-02
73.33999633789062,2023-10-03
74.18000030517578,2023-10-04
73.79000091552734,2023-10-05
75.02999877929688,2023-10-06
75.30999755859375,2023-10-09
76.13999938964844,2023-10-10
76.3499984741211,2023-10-11
75.70999908447266,2023-10-12
74.97000122070312,2023-10-13
75.94000244140625,2023-10-16
75.97000122070312,2023-10-17
74.69000244140625,2023-10-18
73.72000122070312,2023-10-19
72.72000122070312,2023-10-20
72.56999969482422,2023-10-23
73.25,2023-10-24
71.56999969482422,2023-10-25
70.69000244140625,2023-10-26
70.44999694824219,2023-10-27
70.69999694824219,2023-10-30
71.2699966430664,2023-10-31
72.0199966430664,2023-11-01
73.51000213623047,2023-11-02
74.77999877929688,2023-11-03
74.51000213623047,2023-11-06
75.12999725341797,2023-11-07
74.68000030517578,2023-11-08
73.98999786376953,2023-11-09
75.29000091552734,2023-11-10
75.13999938964844,2023-11-13
77.31999969482422,2023-11-14
77.5999984741211,2023-11-15
77.2300033569336,2023-11-16
77.5199966430664,2023-11-17
78.5,2023-11-20
78.04000091552734,2023-11-21
78.2300033569336,2023-11-22
78.51000213623047,2023-11-24
78.27999877929688,2023-11-27
78.4000015258789,2023-11-28
78.81999969482422,2023-11-29
78.94000244140625,2023-11-30
79.7300033569336,2023-12-01
79.30999755859375,2023-12-04
78.80000305175781,2023-12-05
78.58999633789062,2023-12-06
79.41999816894531,2023-12-07
79.51000213623047,2023-12-08
81.11000061035156,2023-12-11
81.52999877929688,2023-12-12
