<?xml version="1.0" encoding="utf-8"?>
<!DOCTYPE document PUBLIC "+//IDN docutils.sourceforge.net//DTD Docutils Generic//EN//XML" "http://docutils.sourceforge.net/docs/ref/docutils.dtd">
<!-- Generated by Docutils 0.20.1 -->
<document source="/home/david/repos/emucore-direct/docs/source/dependencies.rst" translation_progress="{'total': 0, 'translated': 0}" xmlns:c="https://www.sphinx-doc.org/" xmlns:changeset="https://www.sphinx-doc.org/" xmlns:citation="https://www.sphinx-doc.org/" xmlns:cpp="https://www.sphinx-doc.org/" xmlns:index="https://www.sphinx-doc.org/" xmlns:js="https://www.sphinx-doc.org/" xmlns:math="https://www.sphinx-doc.org/" xmlns:py="https://www.sphinx-doc.org/" xmlns:rst="https://www.sphinx-doc.org/" xmlns:std="https://www.sphinx-doc.org/" xmlns:todo="https://www.sphinx-doc.org/">
    <section ids="dependencies" names="dependencies">
        <title>Dependencies</title>
        <paragraph>Requires Python: &gt;=3.8, &lt;3.11</paragraph>
        <section ids="packages" names="packages">
            <title>Packages</title>
            <bullet_list bullet="-">
                <list_item>
                    <paragraph><literal>grpcio==1.47.0</literal></paragraph>
                </list_item>
                <list_item>
                    <paragraph><literal>grpcio-tools==1.47.0</literal></paragraph>
                </list_item>
                <list_item>
                    <paragraph><literal>numpy&gt;=1.22.1, &lt;2</literal></paragraph>
                </list_item>
                <list_item>
                    <paragraph><literal>protobuf==3.20.3</literal></paragraph>
                </list_item>
                <list_item>
                    <paragraph><literal>scipy&gt;=1.9.0, &lt;2</literal></paragraph>
                </list_item>
                <list_item>
                    <paragraph><literal>bitstring&gt;=4.1.2, &lt;5</literal></paragraph>
                </list_item>
            </bullet_list>
        </section>
    </section>
</document>
