<?xml version="1.0" encoding="utf-8"?>
<!DOCTYPE document PUBLIC "+//IDN docutils.sourceforge.net//DTD Docutils Generic//EN//XML" "http://docutils.sourceforge.net/docs/ref/docutils.dtd">
<!-- Generated by Docutils 0.20.1 -->
<document source="/home/david/repos/emucore-direct/docs/source/emucore_direct.rst" translation_progress="{'total': 0, 'translated': 0}" xmlns:c="https://www.sphinx-doc.org/" xmlns:changeset="https://www.sphinx-doc.org/" xmlns:citation="https://www.sphinx-doc.org/" xmlns:cpp="https://www.sphinx-doc.org/" xmlns:index="https://www.sphinx-doc.org/" xmlns:js="https://www.sphinx-doc.org/" xmlns:math="https://www.sphinx-doc.org/" xmlns:py="https://www.sphinx-doc.org/" xmlns:rst="https://www.sphinx-doc.org/" xmlns:std="https://www.sphinx-doc.org/" xmlns:todo="https://www.sphinx-doc.org/">
    <section ids="module-emucore_direct.client emucore-direct-client" names="emucore_direct.client">
        <title>emucore_direct.client</title>
        <index entries="['pair',\ 'module;\ emucore_direct.client',\ 'module-emucore_direct.client',\ '',\ None]"></index>
        <paragraph>Client gRPC services for running on FPGA reservoir computer EmuCore developed by QCi.</paragraph>
        <index entries="['single',\ 'StatusMessage\ (class\ in\ emucore_direct.client)',\ 'emucore_direct.client.StatusMessage',\ '',\ None]"></index>
        <desc classes="py class" desctype="class" domain="py" no-contents-entry="False" no-index="False" no-index-entry="False" no-typesetting="False" nocontentsentry="False" noindex="False" noindexentry="False" objtype="class">
            <desc_signature _toc_name="StatusMessage" _toc_parts="emucore_direct.client StatusMessage" class="" classes="sig sig-object py" fullname="StatusMessage" ids="emucore_direct.client.StatusMessage" module="emucore_direct.client"><desc_annotation xml:space="preserve">class<desc_sig_space classes="w"> </desc_sig_space></desc_annotation><desc_addname classes="sig-prename descclassname" xml:space="preserve">emucore_direct.client.</desc_addname><desc_name classes="sig-name descname" xml:space="preserve">StatusMessage</desc_name></desc_signature>
            <desc_content>
                <paragraph>Bases: <literal classes="xref py py-class">TypedDict</literal></paragraph>
                <paragraph>Structure of responses for configuration requests to EmuCore device.</paragraph>
                <field_list>
                    <field>
                        <field_name>Parameters</field_name>
                        <field_body>
                            <bullet_list>
                                <list_item>
                                    <paragraph><literal_strong>status</literal_strong> – the status of the request</paragraph>
                                </list_item>
                                <list_item>
                                    <paragraph><literal_strong>message</literal_strong> – a description for the recieved status</paragraph>
                                </list_item>
                            </bullet_list>
                        </field_body>
                    </field>
                </field_list>
                <index entries="['single',\ 'status\ (emucore_direct.client.StatusMessage\ attribute)',\ 'emucore_direct.client.StatusMessage.status',\ '',\ None]"></index>
                <desc classes="py attribute" desctype="attribute" domain="py" no-contents-entry="False" no-index="False" no-index-entry="False" no-typesetting="False" nocontentsentry="False" noindex="False" noindexentry="False" objtype="attribute">
                    <desc_signature _toc_name="StatusMessage.status" _toc_parts="emucore_direct.client StatusMessage status" class="StatusMessage" classes="sig sig-object py" fullname="StatusMessage.status" ids="emucore_direct.client.StatusMessage.status" module="emucore_direct.client"><desc_name classes="sig-name descname" xml:space="preserve">status</desc_name><desc_annotation xml:space="preserve"><desc_sig_punctuation classes="p">:</desc_sig_punctuation><desc_sig_space classes="w"> </desc_sig_space>int</desc_annotation></desc_signature>
                    <desc_content>
                    </desc_content>
                </desc>
                <index entries="['single',\ 'message\ (emucore_direct.client.StatusMessage\ attribute)',\ 'emucore_direct.client.StatusMessage.message',\ '',\ None]"></index>
                <desc classes="py attribute" desctype="attribute" domain="py" no-contents-entry="False" no-index="False" no-index-entry="False" no-typesetting="False" nocontentsentry="False" noindex="False" noindexentry="False" objtype="attribute">
                    <desc_signature _toc_name="StatusMessage.message" _toc_parts="emucore_direct.client StatusMessage message" class="StatusMessage" classes="sig sig-object py" fullname="StatusMessage.message" ids="emucore_direct.client.StatusMessage.message" module="emucore_direct.client"><desc_name classes="sig-name descname" xml:space="preserve">message</desc_name><desc_annotation xml:space="preserve"><desc_sig_punctuation classes="p">:</desc_sig_punctuation><desc_sig_space classes="w"> </desc_sig_space>str</desc_annotation></desc_signature>
                    <desc_content>
                    </desc_content>
                </desc>
            </desc_content>
        </desc>
        <index entries="['single',\ 'InactiveRpcError',\ 'emucore_direct.client.InactiveRpcError',\ '',\ None]"></index>
        <desc classes="py exception" desctype="exception" domain="py" no-contents-entry="False" no-index="False" no-index-entry="False" no-typesetting="False" nocontentsentry="False" noindex="False" noindexentry="False" objtype="exception">
            <desc_signature _toc_name="InactiveRpcError" _toc_parts="emucore_direct.client InactiveRpcError" class="" classes="sig sig-object py" fullname="InactiveRpcError" ids="emucore_direct.client.InactiveRpcError" module="emucore_direct.client"><desc_annotation xml:space="preserve">exception<desc_sig_space classes="w"> </desc_sig_space></desc_annotation><desc_addname classes="sig-prename descclassname" xml:space="preserve">emucore_direct.client.</desc_addname><desc_name classes="sig-name descname" xml:space="preserve">InactiveRpcError</desc_name></desc_signature>
            <desc_content>
                <paragraph>Bases: <literal classes="xref py py-class">Exception</literal></paragraph>
                <paragraph>Custom exception wrapper around grpc._channel._InactiveRpcError.</paragraph>
            </desc_content>
        </desc>
        <index entries="['single',\ 'EmuCoreClient\ (class\ in\ emucore_direct.client)',\ 'emucore_direct.client.EmuCoreClient',\ '',\ None]"></index>
        <desc classes="py class" desctype="class" domain="py" no-contents-entry="False" no-index="False" no-index-entry="False" no-typesetting="False" nocontentsentry="False" noindex="False" noindexentry="False" objtype="class">
            <desc_signature _toc_name="EmuCoreClient" _toc_parts="emucore_direct.client EmuCoreClient" class="" classes="sig sig-object py" fullname="EmuCoreClient" ids="emucore_direct.client.EmuCoreClient" module="emucore_direct.client"><desc_annotation xml:space="preserve">class<desc_sig_space classes="w"> </desc_sig_space></desc_annotation><desc_addname classes="sig-prename descclassname" xml:space="preserve">emucore_direct.client.</desc_addname><desc_name classes="sig-name descname" xml:space="preserve">EmuCoreClient</desc_name><desc_parameterlist multi_line_parameter_list="False" xml:space="preserve"><desc_parameter xml:space="preserve"><desc_sig_name classes="n">ip_addr</desc_sig_name><desc_sig_punctuation classes="p">:</desc_sig_punctuation><desc_sig_space classes="w"> </desc_sig_space><desc_sig_name classes="n">str</desc_sig_name><desc_sig_space classes="w"> </desc_sig_space><desc_sig_operator classes="o">=</desc_sig_operator><desc_sig_space classes="w"> </desc_sig_space><inline classes="default_value" support_smartquotes="False">'localhost'</inline></desc_parameter><desc_parameter xml:space="preserve"><desc_sig_name classes="n">port</desc_sig_name><desc_sig_punctuation classes="p">:</desc_sig_punctuation><desc_sig_space classes="w"> </desc_sig_space><desc_sig_name classes="n">str</desc_sig_name><desc_sig_space classes="w"> </desc_sig_space><desc_sig_operator classes="o">=</desc_sig_operator><desc_sig_space classes="w"> </desc_sig_space><inline classes="default_value" support_smartquotes="False">'50051'</inline></desc_parameter><desc_parameter xml:space="preserve"><desc_sig_name classes="n">max_data_size</desc_sig_name><desc_sig_punctuation classes="p">:</desc_sig_punctuation><desc_sig_space classes="w"> </desc_sig_space><desc_sig_name classes="n">int</desc_sig_name><desc_sig_space classes="w"> </desc_sig_space><desc_sig_operator classes="o">=</desc_sig_operator><desc_sig_space classes="w"> </desc_sig_space><inline classes="default_value" support_smartquotes="False">536870912</inline></desc_parameter></desc_parameterlist></desc_signature>
            <desc_content>
                <paragraph>Bases: <literal classes="xref py py-class">object</literal></paragraph>
                <paragraph>Provides services for accessing EmuCore server</paragraph>
                <field_list>
                    <field>
                        <field_name>Parameters</field_name>
                        <field_body>
                            <bullet_list>
                                <list_item>
                                    <paragraph><literal_strong>ip_addr</literal_strong> – the IP address of the gRPC server</paragraph>
                                </list_item>
                                <list_item>
                                    <paragraph><literal_strong>port</literal_strong> – The port that the RPC server is running on</paragraph>
                                </list_item>
                                <list_item>
                                    <paragraph><literal_strong>max_data_size</literal_strong> – int
                                        The max send and recieve message length for RPC server</paragraph>
                                </list_item>
                            </bullet_list>
                        </field_body>
                    </field>
                </field_list>
                <note>
                    <paragraph><literal classes="code" language="">lock_id</literal> is used by a variety of class functions.
                        It is set to an empty string by default since default for device server
                        <literal classes="code" language="">lock_id</literal> is also an empty string. This allows for single user
                        processing without having to acquire a device lock.</paragraph>
                </note>
                <comment xml:space="preserve">All GRPC calls follow a specific pattern:</comment>
                <comment xml:space="preserve">1. Fill in data to be sent in message stub</comment>
                <comment xml:space="preserve">2. Send data using stub service method</comment>
                <comment xml:space="preserve">3. Parse response</comment>
                <index entries="['single',\ 'check_lock()\ (emucore_direct.client.EmuCoreClient\ method)',\ 'emucore_direct.client.EmuCoreClient.check_lock',\ '',\ None]"></index>
                <desc classes="py method" desctype="method" domain="py" no-contents-entry="False" no-index="False" no-index-entry="False" no-typesetting="False" nocontentsentry="False" noindex="False" noindexentry="False" objtype="method">
                    <desc_signature _toc_name="EmuCoreClient.check_lock()" _toc_parts="emucore_direct.client EmuCoreClient check_lock" class="EmuCoreClient" classes="sig sig-object py" fullname="EmuCoreClient.check_lock" ids="emucore_direct.client.EmuCoreClient.check_lock" module="emucore_direct.client"><desc_name classes="sig-name descname" xml:space="preserve">check_lock</desc_name><desc_parameterlist multi_line_parameter_list="False" xml:space="preserve"><desc_parameter xml:space="preserve"><desc_sig_name classes="n">lock_id</desc_sig_name><desc_sig_punctuation classes="p">:</desc_sig_punctuation><desc_sig_space classes="w"> </desc_sig_space><desc_sig_name classes="n">str</desc_sig_name><desc_sig_space classes="w"> </desc_sig_space><desc_sig_operator classes="o">=</desc_sig_operator><desc_sig_space classes="w"> </desc_sig_space><inline classes="default_value" support_smartquotes="False">''</inline></desc_parameter></desc_parameterlist><desc_returns xml:space="preserve">dict</desc_returns></desc_signature>
                    <desc_content>
                        <paragraph>Checks if submitted <literal classes="code" language="">lock_id</literal> has execution lock on the device</paragraph>
                        <field_list>
                            <field>
                                <field_name>Parameters</field_name>
                                <field_body>
                                    <paragraph><literal_strong>lock_id</literal_strong> – a UUID which will be checked to determine if has exclusive
                                        device execution lock</paragraph>
                                </field_body>
                            </field>
                            <field>
                                <field_name>Returns</field_name>
                                <field_body>
                                    <paragraph><paragraph>a member of <literal classes="xref py py-class">eqc_direct.utils.LockCheckStatus</literal> as a dict:</paragraph><bullet_list bullet="-"><list_item><paragraph><strong>status_code</strong>: <title_reference>int</title_reference>- status code for lock check</paragraph></list_item><list_item><paragraph><strong>status_desc</strong>: <title_reference>str</title_reference>- a description for the associated status code</paragraph></list_item></bullet_list></paragraph>
                                </field_body>
                            </field>
                        </field_list>
                    </desc_content>
                </desc>
                <index entries="['single',\ 'reservoir_reset()\ (emucore_direct.client.EmuCoreClient\ method)',\ 'emucore_direct.client.EmuCoreClient.reservoir_reset',\ '',\ None]"></index>
                <desc classes="py method" desctype="method" domain="py" no-contents-entry="False" no-index="False" no-index-entry="False" no-typesetting="False" nocontentsentry="False" noindex="False" noindexentry="False" objtype="method">
                    <desc_signature _toc_name="EmuCoreClient.reservoir_reset()" _toc_parts="emucore_direct.client EmuCoreClient reservoir_reset" class="EmuCoreClient" classes="sig sig-object py" fullname="EmuCoreClient.reservoir_reset" ids="emucore_direct.client.EmuCoreClient.reservoir_reset" module="emucore_direct.client"><desc_name classes="sig-name descname" xml:space="preserve">reservoir_reset</desc_name><desc_parameterlist multi_line_parameter_list="False" xml:space="preserve"><desc_parameter xml:space="preserve"><desc_sig_name classes="n">lock_id</desc_sig_name></desc_parameter></desc_parameterlist><desc_returns xml:space="preserve"><reference internal="True" refid="emucore_direct.client.StatusMessage" reftitle="emucore_direct.client.StatusMessage">StatusMessage</reference></desc_returns></desc_signature>
                    <desc_content>
                        <paragraph>Resets a reservoir instance by clearing RAM on the server</paragraph>
                        <field_list>
                            <field>
                                <field_name>Parameters</field_name>
                                <field_body>
                                    <paragraph><literal_strong>lock_id</literal_strong> – a lock_id which has an active reserve on the device</paragraph>
                                </field_body>
                            </field>
                            <field>
                                <field_name>Returns</field_name>
                                <field_body>
                                    <paragraph>dictionary with with values from members of
                                        <reference internal="True" refid="emucore_direct.types.StatusResponses" reftitle="emucore_direct.types.StatusResponses"><literal classes="xref py py-class">emucore_direct.types.StatusResponses</literal></reference></paragraph>
                                </field_body>
                            </field>
                        </field_list>
                    </desc_content>
                </desc>
                <index entries="['single',\ 'system_info()\ (emucore_direct.client.EmuCoreClient\ method)',\ 'emucore_direct.client.EmuCoreClient.system_info',\ '',\ None]"></index>
                <desc classes="py method" desctype="method" domain="py" no-contents-entry="False" no-index="False" no-index-entry="False" no-typesetting="False" nocontentsentry="False" noindex="False" noindexentry="False" objtype="method">
                    <desc_signature _toc_name="EmuCoreClient.system_info()" _toc_parts="emucore_direct.client EmuCoreClient system_info" class="EmuCoreClient" classes="sig sig-object py" fullname="EmuCoreClient.system_info" ids="emucore_direct.client.EmuCoreClient.system_info" module="emucore_direct.client"><desc_name classes="sig-name descname" xml:space="preserve">system_info</desc_name><desc_parameterlist xml:space="preserve"></desc_parameterlist><desc_returns xml:space="preserve">dict</desc_returns></desc_signature>
                    <desc_content>
                        <paragraph>Provides system info on call</paragraph>
                        <field_list>
                            <field>
                                <field_name>Returns</field_name>
                                <field_body>
                                    <paragraph><paragraph>dict with following keys:</paragraph><bullet_list bullet="-"><list_item><paragraph><strong>system_name</strong>: <title_reference>str</title_reference>- product name</paragraph></list_item><list_item><paragraph><strong>system_version</strong>: <title_reference>str</title_reference>- server version</paragraph></list_item></bullet_list></paragraph>
                                </field_body>
                            </field>
                        </field_list>
                    </desc_content>
                </desc>
                <index entries="['single',\ 'acquire_lock()\ (emucore_direct.client.EmuCoreClient\ method)',\ 'emucore_direct.client.EmuCoreClient.acquire_lock',\ '',\ None]"></index>
                <desc classes="py method" desctype="method" domain="py" no-contents-entry="False" no-index="False" no-index-entry="False" no-typesetting="False" nocontentsentry="False" noindex="False" noindexentry="False" objtype="method">
                    <desc_signature _toc_name="EmuCoreClient.acquire_lock()" _toc_parts="emucore_direct.client EmuCoreClient acquire_lock" class="EmuCoreClient" classes="sig sig-object py" fullname="EmuCoreClient.acquire_lock" ids="emucore_direct.client.EmuCoreClient.acquire_lock" module="emucore_direct.client"><desc_name classes="sig-name descname" xml:space="preserve">acquire_lock</desc_name><desc_parameterlist xml:space="preserve"></desc_parameterlist><desc_returns xml:space="preserve">dict</desc_returns></desc_signature>
                    <desc_content>
                        <paragraph>Acquires exclusive lock for running health check or submitting job</paragraph>
                        <field_list>
                            <field>
                                <field_name>Returns</field_name>
                                <field_body>
                                    <paragraph><paragraph>a member of <reference internal="True" refid="emucore_direct.types.LockManageStatus" reftitle="emucore_direct.types.LockManageStatus"><literal classes="xref py py-class">emucore_direct.types.LockManageStatus</literal></reference> as a dict along
                                            with an additional key <literal classes="code" language="">lock_id</literal>:</paragraph><bullet_list bullet="-"><list_item><paragraph><strong>lock_id</strong>: <title_reference>str</title_reference>- if acquired the current device <title_reference>lock_id</title_reference>
                                                    else empty string</paragraph></list_item><list_item><paragraph><strong>status</strong>: <title_reference>int</title_reference>- status code for lock id acquisition</paragraph></list_item><list_item><paragraph><strong>message</strong>: <title_reference>str</title_reference>- a description for the associated status code</paragraph></list_item></bullet_list></paragraph>
                                </field_body>
                            </field>
                        </field_list>
                    </desc_content>
                </desc>
                <index entries="['single',\ 'release_lock()\ (emucore_direct.client.EmuCoreClient\ method)',\ 'emucore_direct.client.EmuCoreClient.release_lock',\ '',\ None]"></index>
                <desc classes="py method" desctype="method" domain="py" no-contents-entry="False" no-index="False" no-index-entry="False" no-typesetting="False" nocontentsentry="False" noindex="False" noindexentry="False" objtype="method">
                    <desc_signature _toc_name="EmuCoreClient.release_lock()" _toc_parts="emucore_direct.client EmuCoreClient release_lock" class="EmuCoreClient" classes="sig sig-object py" fullname="EmuCoreClient.release_lock" ids="emucore_direct.client.EmuCoreClient.release_lock" module="emucore_direct.client"><desc_name classes="sig-name descname" xml:space="preserve">release_lock</desc_name><desc_parameterlist multi_line_parameter_list="False" xml:space="preserve"><desc_parameter xml:space="preserve"><desc_sig_name classes="n">lock_id</desc_sig_name></desc_parameter></desc_parameterlist></desc_signature>
                    <desc_content>
                        <paragraph>Releases exclusive lock for running health check or submitting job</paragraph>
                        <field_list>
                            <field>
                                <field_name>Parameters</field_name>
                                <field_body>
                                    <paragraph><literal_strong>lock_id</literal_strong> – a UUID with currently acquired exclusive device lock</paragraph>
                                </field_body>
                            </field>
                            <field>
                                <field_name>Returns</field_name>
                                <field_body>
                                    <paragraph><paragraph>a dict with the following keys:</paragraph><bullet_list bullet="-"><list_item><paragraph><strong>lock_released</strong>: <title_reference>bool</title_reference>- if released is True else False</paragraph></list_item><list_item><paragraph><strong>message</strong>: <title_reference>str</title_reference>- a description of release operation result</paragraph></list_item></bullet_list></paragraph>
                                </field_body>
                            </field>
                        </field_list>
                    </desc_content>
                </desc>
                <index entries="['single',\ 'rc_config()\ (emucore_direct.client.EmuCoreClient\ method)',\ 'emucore_direct.client.EmuCoreClient.rc_config',\ '',\ None]"></index>
                <desc classes="py method" desctype="method" domain="py" no-contents-entry="False" no-index="False" no-index-entry="False" no-typesetting="False" nocontentsentry="False" noindex="False" noindexentry="False" objtype="method">
                    <desc_signature _toc_name="EmuCoreClient.rc_config()" _toc_parts="emucore_direct.client EmuCoreClient rc_config" class="EmuCoreClient" classes="sig sig-object py" fullname="EmuCoreClient.rc_config" ids="emucore_direct.client.EmuCoreClient.rc_config" module="emucore_direct.client"><desc_name classes="sig-name descname" xml:space="preserve">rc_config</desc_name><desc_parameterlist multi_line_parameter_list="False" xml:space="preserve"><desc_parameter xml:space="preserve"><desc_sig_name classes="n">lock_id</desc_sig_name><desc_sig_punctuation classes="p">:</desc_sig_punctuation><desc_sig_space classes="w"> </desc_sig_space><desc_sig_name classes="n">str</desc_sig_name></desc_parameter><desc_parameter xml:space="preserve"><desc_sig_name classes="n">vbias</desc_sig_name><desc_sig_punctuation classes="p">:</desc_sig_punctuation><desc_sig_space classes="w"> </desc_sig_space><desc_sig_name classes="n">float</desc_sig_name></desc_parameter><desc_parameter xml:space="preserve"><desc_sig_name classes="n">gain</desc_sig_name><desc_sig_punctuation classes="p">:</desc_sig_punctuation><desc_sig_space classes="w"> </desc_sig_space><desc_sig_name classes="n">float</desc_sig_name></desc_parameter><desc_parameter xml:space="preserve"><desc_sig_name classes="n">num_nodes</desc_sig_name><desc_sig_punctuation classes="p">:</desc_sig_punctuation><desc_sig_space classes="w"> </desc_sig_space><desc_sig_name classes="n">int</desc_sig_name></desc_parameter><desc_parameter xml:space="preserve"><desc_sig_name classes="n">num_taps</desc_sig_name><desc_sig_punctuation classes="p">:</desc_sig_punctuation><desc_sig_space classes="w"> </desc_sig_space><desc_sig_name classes="n">int</desc_sig_name></desc_parameter></desc_parameterlist><desc_returns xml:space="preserve"><reference internal="True" refid="emucore_direct.client.StatusMessage" reftitle="emucore_direct.client.StatusMessage">StatusMessage</reference></desc_returns></desc_signature>
                    <desc_content>
                        <field_list>
                            <field>
                                <field_name>Parameters</field_name>
                                <field_body>
                                    <bullet_list>
                                        <list_item>
                                            <paragraph><literal_strong>lock_id</literal_strong> – a lock_id which has an active reserve on the device</paragraph>
                                        </list_item>
                                        <list_item>
                                            <paragraph><literal_strong>vbias</literal_strong> – bias to apply to each node in reservoir range for parameter [0,1]</paragraph>
                                        </list_item>
                                        <list_item>
                                            <paragraph><literal_strong>gain</literal_strong> – memory setting for system how long should inputs effect reservoir similar
                                                to beta in adaptive gradient descent range for parameter [0,1]</paragraph>
                                        </list_item>
                                        <list_item>
                                            <paragraph><literal_strong>num_nodes</literal_strong> – the total number of hidden nodes to instantiate within the reservoir,
                                                a single hidden layer</paragraph>
                                        </list_item>
                                        <list_item>
                                            <paragraph><literal_strong>num_taps</literal_strong> – number of connections in reservoir, generally should be set to less
                                                than the number of nodes in reservoir. Defines interconnection between nodes.</paragraph>
                                        </list_item>
                                    </bullet_list>
                                </field_body>
                            </field>
                            <field>
                                <field_name>Returns</field_name>
                                <field_body>
                                    <paragraph>dictionary with with values from one of the members of
                                        <reference internal="True" refid="emucore_direct.types.StatusResponses" reftitle="emucore_direct.types.StatusResponses"><literal classes="xref py py-class">emucore_direct.types.StatusResponses</literal></reference></paragraph>
                                </field_body>
                            </field>
                        </field_list>
                    </desc_content>
                </desc>
                <index entries="['single',\ 'rc_run()\ (emucore_direct.client.EmuCoreClient\ method)',\ 'emucore_direct.client.EmuCoreClient.rc_run',\ '',\ None]"></index>
                <desc classes="py method" desctype="method" domain="py" no-contents-entry="False" no-index="False" no-index-entry="False" no-typesetting="False" nocontentsentry="False" noindex="False" noindexentry="False" objtype="method">
                    <desc_signature _toc_name="EmuCoreClient.rc_run()" _toc_parts="emucore_direct.client EmuCoreClient rc_run" class="EmuCoreClient" classes="sig sig-object py" fullname="EmuCoreClient.rc_run" ids="emucore_direct.client.EmuCoreClient.rc_run" module="emucore_direct.client"><desc_name classes="sig-name descname" xml:space="preserve">rc_run</desc_name><desc_parameterlist multi_line_parameter_list="False" xml:space="preserve"><desc_parameter xml:space="preserve"><desc_sig_name classes="n">lock_id</desc_sig_name><desc_sig_punctuation classes="p">:</desc_sig_punctuation><desc_sig_space classes="w"> </desc_sig_space><desc_sig_name classes="n">str</desc_sig_name></desc_parameter><desc_parameter xml:space="preserve"><desc_sig_name classes="n">reservoir_input</desc_sig_name><desc_sig_punctuation classes="p">:</desc_sig_punctuation><desc_sig_space classes="w"> </desc_sig_space><desc_sig_name classes="n">List<desc_sig_punctuation classes="p">[</desc_sig_punctuation>int<desc_sig_punctuation classes="p">]</desc_sig_punctuation></desc_sig_name></desc_parameter></desc_parameterlist></desc_signature>
                    <desc_content>
                        <paragraph>Runs a series of data through the reservoir and returns response from device
                            based on current reservoir configuration.</paragraph>
                        <field_list>
                            <field>
                                <field_name>Parameters</field_name>
                                <field_body>
                                    <bullet_list>
                                        <list_item>
                                            <paragraph><literal_strong>lock_id</literal_strong> – a lock_id which has an active reserve on the device</paragraph>
                                        </list_item>
                                        <list_item>
                                            <paragraph><literal_strong>reservoir_input</literal_strong> – a list of digitized values to input to the reservoir must be
                                                less than MAX_INPUT_SIZE</paragraph>
                                        </list_item>
                                    </bullet_list>
                                </field_body>
                            </field>
                            <field>
                                <field_name>Returns</field_name>
                                <field_body>
                                    <paragraph><paragraph>a dictionary with the folowing keys:</paragraph><bullet_list bullet="-"><list_item><paragraph><strong>status</strong>: <title_reference>int</title_reference>- the status for the reservoir submission</paragraph></list_item><list_item><paragraph><strong>message</strong>: <title_reference>str</title_reference>- a description of the status for the submission</paragraph></list_item><list_item><paragraph><strong>states</strong>: <title_reference>bytes</title_reference>- response from reservoir as bytes.</paragraph></list_item></bullet_list></paragraph>
                                </field_body>
                            </field>
                        </field_list>
                    </desc_content>
                </desc>
                <index entries="['single',\ 'wait_for_lock()\ (emucore_direct.client.EmuCoreClient\ method)',\ 'emucore_direct.client.EmuCoreClient.wait_for_lock',\ '',\ None]"></index>
                <desc classes="py method" desctype="method" domain="py" no-contents-entry="False" no-index="False" no-index-entry="False" no-typesetting="False" nocontentsentry="False" noindex="False" noindexentry="False" objtype="method">
                    <desc_signature _toc_name="EmuCoreClient.wait_for_lock()" _toc_parts="emucore_direct.client EmuCoreClient wait_for_lock" class="EmuCoreClient" classes="sig sig-object py" fullname="EmuCoreClient.wait_for_lock" ids="emucore_direct.client.EmuCoreClient.wait_for_lock" module="emucore_direct.client"><desc_name classes="sig-name descname" xml:space="preserve">wait_for_lock</desc_name><desc_parameterlist xml:space="preserve"></desc_parameterlist></desc_signature>
                    <desc_content>
                        <paragraph>Waits for lock indefinitely calling <reference internal="True" refid="emucore_direct.client.EmuCoreClient.acquire_lock" reftitle="emucore_direct.client.EmuCoreClient.acquire_lock"><literal classes="xref py py-func">acquire_lock()</literal></reference></paragraph>
                        <field_list>
                            <field>
                                <field_name>Returns</field_name>
                                <field_body>
                                    <paragraph><paragraph>a tuple of the following items:</paragraph><bullet_list bullet="-"><list_item><paragraph><strong>lock_id</strong>: <title_reference>str</title_reference>- exclusive lock for device execution with a timeout</paragraph></list_item><list_item><paragraph><strong>start_queue_ts</strong>: <title_reference>int</title_reference>- time in ns when began lock acquisition.</paragraph></list_item><list_item><paragraph><strong>end_queue_ts</strong>: <title_reference>int</title_reference>- time in ns when lock was acquired.</paragraph></list_item></bullet_list></paragraph>
                                </field_body>
                            </field>
                        </field_list>
                    </desc_content>
                </desc>
                <index entries="['single',\ 'process_all_data()\ (emucore_direct.client.EmuCoreClient\ method)',\ 'emucore_direct.client.EmuCoreClient.process_all_data',\ '',\ None]"></index>
                <desc classes="py method" desctype="method" domain="py" no-contents-entry="False" no-index="False" no-index-entry="False" no-typesetting="False" nocontentsentry="False" noindex="False" noindexentry="False" objtype="method">
                    <desc_signature _toc_name="EmuCoreClient.process_all_data()" _toc_parts="emucore_direct.client EmuCoreClient process_all_data" class="EmuCoreClient" classes="sig sig-object py" fullname="EmuCoreClient.process_all_data" ids="emucore_direct.client.EmuCoreClient.process_all_data" module="emucore_direct.client"><desc_name classes="sig-name descname" xml:space="preserve">process_all_data</desc_name><desc_parameterlist multi_line_parameter_list="False" xml:space="preserve"><desc_parameter xml:space="preserve"><desc_sig_name classes="n">lock_id</desc_sig_name><desc_sig_punctuation classes="p">:</desc_sig_punctuation><desc_sig_space classes="w"> </desc_sig_space><desc_sig_name classes="n">str</desc_sig_name></desc_parameter><desc_parameter xml:space="preserve"><desc_sig_name classes="n">input_data</desc_sig_name><desc_sig_punctuation classes="p">:</desc_sig_punctuation><desc_sig_space classes="w"> </desc_sig_space><desc_sig_name classes="n">ndarray</desc_sig_name></desc_parameter><desc_parameter xml:space="preserve"><desc_sig_name classes="n">num_nodes</desc_sig_name><desc_sig_punctuation classes="p">:</desc_sig_punctuation><desc_sig_space classes="w"> </desc_sig_space><desc_sig_name classes="n">int</desc_sig_name></desc_parameter><desc_parameter xml:space="preserve"><desc_sig_name classes="n">density</desc_sig_name><desc_sig_punctuation classes="p">:</desc_sig_punctuation><desc_sig_space classes="w"> </desc_sig_space><desc_sig_name classes="n">float</desc_sig_name></desc_parameter><desc_parameter xml:space="preserve"><desc_sig_name classes="n">feature_scaling</desc_sig_name><desc_sig_punctuation classes="p">:</desc_sig_punctuation><desc_sig_space classes="w"> </desc_sig_space><desc_sig_name classes="n">float</desc_sig_name></desc_parameter><desc_parameter xml:space="preserve"><desc_sig_name classes="n">max_scale_val</desc_sig_name><desc_sig_punctuation classes="p">:</desc_sig_punctuation><desc_sig_space classes="w"> </desc_sig_space><desc_sig_name classes="n">float<desc_sig_space classes="w"> </desc_sig_space><desc_sig_punctuation classes="p">|</desc_sig_punctuation><desc_sig_space classes="w"> </desc_sig_space>None</desc_sig_name><desc_sig_space classes="w"> </desc_sig_space><desc_sig_operator classes="o">=</desc_sig_operator><desc_sig_space classes="w"> </desc_sig_space><inline classes="default_value" support_smartquotes="False">None</inline></desc_parameter><desc_parameter xml:space="preserve"><desc_sig_name classes="n">weights</desc_sig_name><desc_sig_punctuation classes="p">:</desc_sig_punctuation><desc_sig_space classes="w"> </desc_sig_space><desc_sig_name classes="n">ndarray<desc_sig_space classes="w"> </desc_sig_space><desc_sig_punctuation classes="p">|</desc_sig_punctuation><desc_sig_space classes="w"> </desc_sig_space>None</desc_sig_name><desc_sig_space classes="w"> </desc_sig_space><desc_sig_operator classes="o">=</desc_sig_operator><desc_sig_space classes="w"> </desc_sig_space><inline classes="default_value" support_smartquotes="False">None</inline></desc_parameter><desc_parameter xml:space="preserve"><desc_sig_name classes="n">seed_val_weights</desc_sig_name><desc_sig_punctuation classes="p">:</desc_sig_punctuation><desc_sig_space classes="w"> </desc_sig_space><desc_sig_name classes="n">int</desc_sig_name><desc_sig_space classes="w"> </desc_sig_space><desc_sig_operator classes="o">=</desc_sig_operator><desc_sig_space classes="w"> </desc_sig_space><inline classes="default_value" support_smartquotes="False">13</inline></desc_parameter></desc_parameterlist></desc_signature>
                    <desc_content>
                        <paragraph>Run dataset through reservoir:
                            1. Get lock
                            2. Reset Reservoir
                            3. Calculate input coefficients
                            4. Run data through reservoir
                            5. Combine data from reservoir and reformat
                            6. Release lock</paragraph>
                        <field_list>
                            <field>
                                <field_name>Parameters</field_name>
                                <field_body>
                                    <bullet_list>
                                        <list_item>
                                            <paragraph><literal_strong>lock_id</literal_strong> – a UUID that currently has lock on the device</paragraph>
                                        </list_item>
                                        <list_item>
                                            <paragraph><literal_strong>input_data</literal_strong> – data or series to process via reservoir</paragraph>
                                        </list_item>
                                        <list_item>
                                            <paragraph><literal_strong>num_taps</literal_strong> – defines connectivity of neurons in the reservoir higher taps can lead to overfitting it is not recommended to not set num_taps significantly higher than num_nodes</paragraph>
                                        </list_item>
                                        <list_item>
                                            <paragraph><literal_strong>feature_scaling</literal_strong> – after applying max abs scalar feature scaling factor applied</paragraph>
                                        </list_item>
                                        <list_item>
                                            <paragraph><literal_strong>max_scale_val</literal_strong> – max absolute value used to scale data if provided</paragraph>
                                        </list_item>
                                        <list_item>
                                            <paragraph><literal_strong>seed_val_weights</literal_strong> – seeds randomness for weigths to allow for reproducibility</paragraph>
                                        </list_item>
                                    </bullet_list>
                                </field_body>
                            </field>
                            <field>
                                <field_name>Note</field_name>
                                <field_body>
                                    <paragraph>if doing multiple runs without reset the max value mustn’t exceed original data max value in order for results to register properly</paragraph>
                                </field_body>
                            </field>
                            <field>
                                <field_name>Returns</field_name>
                                <field_body>
                                    <paragraph><paragraph>a tuple of the following elements:</paragraph><bullet_list bullet="-"><list_item><paragraph><strong>reservoir_response</strong>: <title_reference>np.ndarray</title_reference>- reservoir response represented as an array dimension of array will be nrows of input matrix by num nodes.</paragraph></list_item><list_item><paragraph><strong>max_scale_value</strong>: <title_reference>np.ndarray</title_reference>- the scaling value that was applied to the input data before it was processed by the reservoir.</paragraph></list_item><list_item><paragraph><strong>weights</strong>: <title_reference>np.ndarray</title_reference>- the weights that were used to apply the random mask to the data prior to being processed by the reservoir.</paragraph></list_item></bullet_list></paragraph>
                                </field_body>
                            </field>
                        </field_list>
                    </desc_content>
                </desc>
            </desc_content>
        </desc>
    </section>
    <section ids="module-emucore_direct.types emucore-direct-types" names="emucore_direct.types">
        <title>emucore_direct.types</title>
        <index entries="['pair',\ 'module;\ emucore_direct.types',\ 'module-emucore_direct.types',\ '',\ None]"></index>
        <paragraph>Documents possible responses from gRPC server for bumblebee client</paragraph>
        <index entries="['single',\ 'StatusResponses\ (class\ in\ emucore_direct.types)',\ 'emucore_direct.types.StatusResponses',\ '',\ None]"></index>
        <desc classes="py class" desctype="class" domain="py" no-contents-entry="False" no-index="False" no-index-entry="False" no-typesetting="False" nocontentsentry="False" noindex="False" noindexentry="False" objtype="class">
            <desc_signature _toc_name="StatusResponses" _toc_parts="emucore_direct.types StatusResponses" class="" classes="sig sig-object py" fullname="StatusResponses" ids="emucore_direct.types.StatusResponses" module="emucore_direct.types"><desc_annotation xml:space="preserve">class<desc_sig_space classes="w"> </desc_sig_space></desc_annotation><desc_addname classes="sig-prename descclassname" xml:space="preserve">emucore_direct.types.</desc_addname><desc_name classes="sig-name descname" xml:space="preserve">StatusResponses</desc_name></desc_signature>
            <desc_content>
                <paragraph>Bases: <literal classes="xref py py-class">object</literal></paragraph>
                <paragraph>status codes paired with their descriptions</paragraph>
                <index entries="['single',\ 'NORMAL\ (emucore_direct.types.StatusResponses\ attribute)',\ 'emucore_direct.types.StatusResponses.NORMAL',\ '',\ None]"></index>
                <desc classes="py attribute" desctype="attribute" domain="py" no-contents-entry="False" no-index="False" no-index-entry="False" no-typesetting="False" nocontentsentry="False" noindex="False" noindexentry="False" objtype="attribute">
                    <desc_signature _toc_name="StatusResponses.NORMAL" _toc_parts="emucore_direct.types StatusResponses NORMAL" class="StatusResponses" classes="sig sig-object py" fullname="StatusResponses.NORMAL" ids="emucore_direct.types.StatusResponses.NORMAL" module="emucore_direct.types"><desc_name classes="sig-name descname" xml:space="preserve">NORMAL</desc_name><desc_annotation xml:space="preserve"><desc_sig_space classes="w"> </desc_sig_space><desc_sig_punctuation classes="p">=</desc_sig_punctuation><desc_sig_space classes="w"> </desc_sig_space>{'message': 'Success', 'status': 0}</desc_annotation></desc_signature>
                    <desc_content>
                    </desc_content>
                </desc>
                <index entries="['single',\ 'MISMATCH\ (emucore_direct.types.StatusResponses\ attribute)',\ 'emucore_direct.types.StatusResponses.MISMATCH',\ '',\ None]"></index>
                <desc classes="py attribute" desctype="attribute" domain="py" no-contents-entry="False" no-index="False" no-index-entry="False" no-typesetting="False" nocontentsentry="False" noindex="False" noindexentry="False" objtype="attribute">
                    <desc_signature _toc_name="StatusResponses.MISMATCH" _toc_parts="emucore_direct.types StatusResponses MISMATCH" class="StatusResponses" classes="sig sig-object py" fullname="StatusResponses.MISMATCH" ids="emucore_direct.types.StatusResponses.MISMATCH" module="emucore_direct.types"><desc_name classes="sig-name descname" xml:space="preserve">MISMATCH</desc_name><desc_annotation xml:space="preserve"><desc_sig_space classes="w"> </desc_sig_space><desc_sig_punctuation classes="p">=</desc_sig_punctuation><desc_sig_space classes="w"> </desc_sig_space>{'message': "lock_id doesn't match current device lock", 'status': 1}</desc_annotation></desc_signature>
                    <desc_content>
                    </desc_content>
                </desc>
                <index entries="['single',\ 'DEVICE_BUSY\ (emucore_direct.types.StatusResponses\ attribute)',\ 'emucore_direct.types.StatusResponses.DEVICE_BUSY',\ '',\ None]"></index>
                <desc classes="py attribute" desctype="attribute" domain="py" no-contents-entry="False" no-index="False" no-index-entry="False" no-typesetting="False" nocontentsentry="False" noindex="False" noindexentry="False" objtype="attribute">
                    <desc_signature _toc_name="StatusResponses.DEVICE_BUSY" _toc_parts="emucore_direct.types StatusResponses DEVICE_BUSY" class="StatusResponses" classes="sig sig-object py" fullname="StatusResponses.DEVICE_BUSY" ids="emucore_direct.types.StatusResponses.DEVICE_BUSY" module="emucore_direct.types"><desc_name classes="sig-name descname" xml:space="preserve">DEVICE_BUSY</desc_name><desc_annotation xml:space="preserve"><desc_sig_space classes="w"> </desc_sig_space><desc_sig_punctuation classes="p">=</desc_sig_punctuation><desc_sig_space classes="w"> </desc_sig_space>{'message': 'Device currently processing other request', 'status': 2}</desc_annotation></desc_signature>
                    <desc_content>
                    </desc_content>
                </desc>
            </desc_content>
        </desc>
        <index entries="['single',\ 'LockManageStatus\ (class\ in\ emucore_direct.types)',\ 'emucore_direct.types.LockManageStatus',\ '',\ None]"></index>
        <desc classes="py class" desctype="class" domain="py" no-contents-entry="False" no-index="False" no-index-entry="False" no-typesetting="False" nocontentsentry="False" noindex="False" noindexentry="False" objtype="class">
            <desc_signature _toc_name="LockManageStatus" _toc_parts="emucore_direct.types LockManageStatus" class="" classes="sig sig-object py" fullname="LockManageStatus" ids="emucore_direct.types.LockManageStatus" module="emucore_direct.types"><desc_annotation xml:space="preserve">class<desc_sig_space classes="w"> </desc_sig_space></desc_annotation><desc_addname classes="sig-prename descclassname" xml:space="preserve">emucore_direct.types.</desc_addname><desc_name classes="sig-name descname" xml:space="preserve">LockManageStatus</desc_name></desc_signature>
            <desc_content>
                <paragraph>Bases: <literal classes="xref py py-class">object</literal></paragraph>
                <paragraph>Statuses and descriptions for acquiring and releasing lock</paragraph>
                <index entries="['single',\ 'SUCCESS\ (emucore_direct.types.LockManageStatus\ attribute)',\ 'emucore_direct.types.LockManageStatus.SUCCESS',\ '',\ None]"></index>
                <desc classes="py attribute" desctype="attribute" domain="py" no-contents-entry="False" no-index="False" no-index-entry="False" no-typesetting="False" nocontentsentry="False" noindex="False" noindexentry="False" objtype="attribute">
                    <desc_signature _toc_name="LockManageStatus.SUCCESS" _toc_parts="emucore_direct.types LockManageStatus SUCCESS" class="LockManageStatus" classes="sig sig-object py" fullname="LockManageStatus.SUCCESS" ids="emucore_direct.types.LockManageStatus.SUCCESS" module="emucore_direct.types"><desc_name classes="sig-name descname" xml:space="preserve">SUCCESS</desc_name><desc_annotation xml:space="preserve"><desc_sig_space classes="w"> </desc_sig_space><desc_sig_punctuation classes="p">=</desc_sig_punctuation><desc_sig_space classes="w"> </desc_sig_space>{'message': 'Success', 'status': 0}</desc_annotation></desc_signature>
                    <desc_content>
                    </desc_content>
                </desc>
                <index entries="['single',\ 'MISMATCH\ (emucore_direct.types.LockManageStatus\ attribute)',\ 'emucore_direct.types.LockManageStatus.MISMATCH',\ '',\ None]"></index>
                <desc classes="py attribute" desctype="attribute" domain="py" no-contents-entry="False" no-index="False" no-index-entry="False" no-typesetting="False" nocontentsentry="False" noindex="False" noindexentry="False" objtype="attribute">
                    <desc_signature _toc_name="LockManageStatus.MISMATCH" _toc_parts="emucore_direct.types LockManageStatus MISMATCH" class="LockManageStatus" classes="sig sig-object py" fullname="LockManageStatus.MISMATCH" ids="emucore_direct.types.LockManageStatus.MISMATCH" module="emucore_direct.types"><desc_name classes="sig-name descname" xml:space="preserve">MISMATCH</desc_name><desc_annotation xml:space="preserve"><desc_sig_space classes="w"> </desc_sig_space><desc_sig_punctuation classes="p">=</desc_sig_punctuation><desc_sig_space classes="w"> </desc_sig_space>{'message': 'lock_id does not match current device lock_id', 'status': 1}</desc_annotation></desc_signature>
                    <desc_content>
                    </desc_content>
                </desc>
                <index entries="['single',\ 'BUSY\ (emucore_direct.types.LockManageStatus\ attribute)',\ 'emucore_direct.types.LockManageStatus.BUSY',\ '',\ None]"></index>
                <desc classes="py attribute" desctype="attribute" domain="py" no-contents-entry="False" no-index="False" no-index-entry="False" no-typesetting="False" nocontentsentry="False" noindex="False" noindexentry="False" objtype="attribute">
                    <desc_signature _toc_name="LockManageStatus.BUSY" _toc_parts="emucore_direct.types LockManageStatus BUSY" class="LockManageStatus" classes="sig sig-object py" fullname="LockManageStatus.BUSY" ids="emucore_direct.types.LockManageStatus.BUSY" module="emucore_direct.types"><desc_name classes="sig-name descname" xml:space="preserve">BUSY</desc_name><desc_annotation xml:space="preserve"><desc_sig_space classes="w"> </desc_sig_space><desc_sig_punctuation classes="p">=</desc_sig_punctuation><desc_sig_space classes="w"> </desc_sig_space>{'message': 'Lock currently in use unable to perform operation', 'status': 2}</desc_annotation></desc_signature>
                    <desc_content>
                    </desc_content>
                </desc>
            </desc_content>
        </desc>
    </section>
</document>
