<?xml version="1.0" encoding="utf-8"?>
<!DOCTYPE document PUBLIC "+//IDN docutils.sourceforge.net//DTD Docutils Generic//EN//XML" "http://docutils.sourceforge.net/docs/ref/docutils.dtd">
<!-- Generated by Docutils 0.20.1 -->
<document source="/home/david/repos/emucore-direct/docs/source/index.rst" translation_progress="{'total': 0, 'translated': 0}" xmlns:c="https://www.sphinx-doc.org/" xmlns:changeset="https://www.sphinx-doc.org/" xmlns:citation="https://www.sphinx-doc.org/" xmlns:cpp="https://www.sphinx-doc.org/" xmlns:index="https://www.sphinx-doc.org/" xmlns:js="https://www.sphinx-doc.org/" xmlns:math="https://www.sphinx-doc.org/" xmlns:py="https://www.sphinx-doc.org/" xmlns:rst="https://www.sphinx-doc.org/" xmlns:std="https://www.sphinx-doc.org/" xmlns:todo="https://www.sphinx-doc.org/">
    <comment xml:space="preserve">-*- coding: utf-8 -*-</comment>
    <target refid="contents"></target>
    <section ids="getting-started contents" names="getting\ started contents">
        <title>Getting Started</title>
        <section ids="introduction" names="introduction">
            <title>Introduction</title>
            <paragraph>EmuCore is a reservoir computer designed and built by Quantum Computing Inc. (QCi). It can be used for solving a variety of problems related to serial data structures including time series prediction, image recognition, and text classification. EmuCore is designed to emulate how a photonic reservoir computer could function. This will help aid research as well as plan and experiment with different ideas related to reservoir computing and photonics.</paragraph>
        </section>
        <section ids="installation" names="installation">
            <title>Installation</title>
            <paragraph>Currently, this package is only available directly from QCi. Please contact us to get started. To install the package, run the following command with the appropriate filename of the package zip file provided by QCi:</paragraph>
            <literal_block force="False" highlight_args="{}" language="bash" linenos="False" xml:space="preserve">pip install emucore-direct</literal_block>
            <paragraph>As well as the package, users must additionally have access to an EmuCore device for which this package provides an interface.</paragraph>
        </section>
        <section ids="table-of-contents" names="table\ of\ contents">
            <title>Table of Contents</title>
            <compound classes="toctree-wrapper">
                <compact_paragraph classes="current" iscurrent="True" toctree="True"><bullet_list classes="current" iscurrent="True"><list_item classes="toctree-l1 current" iscurrent="True"><compact_paragraph classes="toctree-l1 current" iscurrent="True"><reference anchorname="" classes="current" internal="True" iscurrent="True" refuri="">Getting Started</reference></compact_paragraph></list_item><list_item classes="toctree-l1"><compact_paragraph classes="toctree-l1"><reference anchorname="" internal="True" refuri="usage">Basic Usage</reference></compact_paragraph><bullet_list><list_item classes="toctree-l2"><compact_paragraph classes="toctree-l2"><reference anchorname="#sine-wave" internal="True" refuri="usage#sine-wave">Sine Wave</reference></compact_paragraph></list_item><list_item classes="toctree-l2"><compact_paragraph classes="toctree-l2"><reference anchorname="#system-information" internal="True" refuri="usage#system-information">System Information</reference></compact_paragraph></list_item><list_item classes="toctree-l2"><compact_paragraph classes="toctree-l2"><reference anchorname="#device-lock-basics" internal="True" refuri="usage#device-lock-basics">Device Lock Basics</reference></compact_paragraph></list_item></bullet_list></list_item><list_item classes="toctree-l1"><compact_paragraph classes="toctree-l1"><reference anchorname="" internal="True" refuri="notebooks/NARMA10">Univariate Time Series Forecasting: NARMA10</reference></compact_paragraph><bullet_list><list_item classes="toctree-l2"><compact_paragraph classes="toctree-l2"><reference anchorname="#Reservoir-computing-with-EmuCore" internal="True" refuri="notebooks/NARMA10#Reservoir-computing-with-EmuCore">Reservoir computing with EmuCore</reference></compact_paragraph></list_item><list_item classes="toctree-l2"><compact_paragraph classes="toctree-l2"><reference anchorname="#Modelling-data-using-reservoir" internal="True" refuri="notebooks/NARMA10#Modelling-data-using-reservoir">Modelling data using reservoir</reference></compact_paragraph></list_item><list_item classes="toctree-l2"><compact_paragraph classes="toctree-l2"><reference anchorname="#Train-prediction-model" internal="True" refuri="notebooks/NARMA10#Train-prediction-model">Train prediction model</reference></compact_paragraph></list_item><list_item classes="toctree-l2"><compact_paragraph classes="toctree-l2"><reference anchorname="#Evaluate-predictions" internal="True" refuri="notebooks/NARMA10#Evaluate-predictions">Evaluate predictions</reference></compact_paragraph></list_item></bullet_list></list_item><list_item classes="toctree-l1"><compact_paragraph classes="toctree-l1"><reference anchorname="" internal="True" refuri="modules">emucore-direct</reference></compact_paragraph><bullet_list><list_item classes="toctree-l2"><compact_paragraph classes="toctree-l2"><reference anchorname="" internal="True" refuri="emucore_direct">emucore_direct.client</reference></compact_paragraph><bullet_list><list_item classes="toctree-l3"><compact_paragraph classes="toctree-l3" skip_section_number="True"><reference anchorname="#emucore_direct.client.StatusMessage" internal="True" refuri="emucore_direct#emucore_direct.client.StatusMessage"><literal>StatusMessage</literal></reference></compact_paragraph></list_item><list_item classes="toctree-l3"><compact_paragraph classes="toctree-l3" skip_section_number="True"><reference anchorname="#emucore_direct.client.InactiveRpcError" internal="True" refuri="emucore_direct#emucore_direct.client.InactiveRpcError"><literal>InactiveRpcError</literal></reference></compact_paragraph></list_item><list_item classes="toctree-l3"><compact_paragraph classes="toctree-l3" skip_section_number="True"><reference anchorname="#emucore_direct.client.EmuCoreClient" internal="True" refuri="emucore_direct#emucore_direct.client.EmuCoreClient"><literal>EmuCoreClient</literal></reference></compact_paragraph></list_item></bullet_list></list_item><list_item classes="toctree-l2"><compact_paragraph classes="toctree-l2"><reference anchorname="#module-emucore_direct.types" internal="True" refuri="emucore_direct#module-emucore_direct.types">emucore_direct.types</reference></compact_paragraph><bullet_list><list_item classes="toctree-l3"><compact_paragraph classes="toctree-l3" skip_section_number="True"><reference anchorname="#emucore_direct.types.StatusResponses" internal="True" refuri="emucore_direct#emucore_direct.types.StatusResponses"><literal>StatusResponses</literal></reference></compact_paragraph></list_item><list_item classes="toctree-l3"><compact_paragraph classes="toctree-l3" skip_section_number="True"><reference anchorname="#emucore_direct.types.LockManageStatus" internal="True" refuri="emucore_direct#emucore_direct.types.LockManageStatus"><literal>LockManageStatus</literal></reference></compact_paragraph></list_item></bullet_list></list_item></bullet_list></list_item><list_item classes="toctree-l1"><compact_paragraph classes="toctree-l1"><reference anchorname="" internal="True" refuri="dependencies">Dependencies</reference></compact_paragraph><bullet_list><list_item classes="toctree-l2"><compact_paragraph classes="toctree-l2"><reference anchorname="#packages" internal="True" refuri="dependencies#packages">Packages</reference></compact_paragraph></list_item></bullet_list></list_item></bullet_list></compact_paragraph>
            </compound>
        </section>
    </section>
</document>
