<?xml version="1.0" encoding="utf-8"?>
<!DOCTYPE document PUBLIC "+//IDN docutils.sourceforge.net//DTD Docutils Generic//EN//XML" "http://docutils.sourceforge.net/docs/ref/docutils.dtd">
<!-- Generated by Docutils 0.20.1 -->
<document source="/home/david/repos/emucore-direct/docs/source/modules.rst" translation_progress="{'total': 0, 'translated': 0}" xmlns:c="https://www.sphinx-doc.org/" xmlns:changeset="https://www.sphinx-doc.org/" xmlns:citation="https://www.sphinx-doc.org/" xmlns:cpp="https://www.sphinx-doc.org/" xmlns:index="https://www.sphinx-doc.org/" xmlns:js="https://www.sphinx-doc.org/" xmlns:math="https://www.sphinx-doc.org/" xmlns:py="https://www.sphinx-doc.org/" xmlns:rst="https://www.sphinx-doc.org/" xmlns:std="https://www.sphinx-doc.org/" xmlns:todo="https://www.sphinx-doc.org/">
    <section ids="emucore-direct" names="emucore-direct">
        <title>emucore-direct</title>
        <compound classes="toctree-wrapper">
            <compact_paragraph toctree="True"><bullet_list><list_item classes="toctree-l1"><compact_paragraph classes="toctree-l1"><reference anchorname="" internal="True" refuri="emucore_direct">emucore_direct.client</reference></compact_paragraph><bullet_list><list_item classes="toctree-l2"><compact_paragraph classes="toctree-l2" skip_section_number="True"><reference anchorname="#emucore_direct.client.StatusMessage" internal="True" refuri="emucore_direct#emucore_direct.client.StatusMessage"><literal>StatusMessage</literal></reference></compact_paragraph><bullet_list><list_item classes="toctree-l3"><compact_paragraph classes="toctree-l3" skip_section_number="True"><reference anchorname="#emucore_direct.client.StatusMessage.status" internal="True" refuri="emucore_direct#emucore_direct.client.StatusMessage.status"><literal>StatusMessage.status</literal></reference></compact_paragraph></list_item><list_item classes="toctree-l3"><compact_paragraph classes="toctree-l3" skip_section_number="True"><reference anchorname="#emucore_direct.client.StatusMessage.message" internal="True" refuri="emucore_direct#emucore_direct.client.StatusMessage.message"><literal>StatusMessage.message</literal></reference></compact_paragraph></list_item></bullet_list></list_item><list_item classes="toctree-l2"><compact_paragraph classes="toctree-l2" skip_section_number="True"><reference anchorname="#emucore_direct.client.InactiveRpcError" internal="True" refuri="emucore_direct#emucore_direct.client.InactiveRpcError"><literal>InactiveRpcError</literal></reference></compact_paragraph></list_item><list_item classes="toctree-l2"><compact_paragraph classes="toctree-l2" skip_section_number="True"><reference anchorname="#emucore_direct.client.EmuCoreClient" internal="True" refuri="emucore_direct#emucore_direct.client.EmuCoreClient"><literal>EmuCoreClient</literal></reference></compact_paragraph><bullet_list><list_item classes="toctree-l3"><compact_paragraph classes="toctree-l3" skip_section_number="True"><reference anchorname="#emucore_direct.client.EmuCoreClient.check_lock" internal="True" refuri="emucore_direct#emucore_direct.client.EmuCoreClient.check_lock"><literal>EmuCoreClient.check_lock()</literal></reference></compact_paragraph></list_item><list_item classes="toctree-l3"><compact_paragraph classes="toctree-l3" skip_section_number="True"><reference anchorname="#emucore_direct.client.EmuCoreClient.reservoir_reset" internal="True" refuri="emucore_direct#emucore_direct.client.EmuCoreClient.reservoir_reset"><literal>EmuCoreClient.reservoir_reset()</literal></reference></compact_paragraph></list_item><list_item classes="toctree-l3"><compact_paragraph classes="toctree-l3" skip_section_number="True"><reference anchorname="#emucore_direct.client.EmuCoreClient.system_info" internal="True" refuri="emucore_direct#emucore_direct.client.EmuCoreClient.system_info"><literal>EmuCoreClient.system_info()</literal></reference></compact_paragraph></list_item><list_item classes="toctree-l3"><compact_paragraph classes="toctree-l3" skip_section_number="True"><reference anchorname="#emucore_direct.client.EmuCoreClient.acquire_lock" internal="True" refuri="emucore_direct#emucore_direct.client.EmuCoreClient.acquire_lock"><literal>EmuCoreClient.acquire_lock()</literal></reference></compact_paragraph></list_item><list_item classes="toctree-l3"><compact_paragraph classes="toctree-l3" skip_section_number="True"><reference anchorname="#emucore_direct.client.EmuCoreClient.release_lock" internal="True" refuri="emucore_direct#emucore_direct.client.EmuCoreClient.release_lock"><literal>EmuCoreClient.release_lock()</literal></reference></compact_paragraph></list_item><list_item classes="toctree-l3"><compact_paragraph classes="toctree-l3" skip_section_number="True"><reference anchorname="#emucore_direct.client.EmuCoreClient.rc_config" internal="True" refuri="emucore_direct#emucore_direct.client.EmuCoreClient.rc_config"><literal>EmuCoreClient.rc_config()</literal></reference></compact_paragraph></list_item><list_item classes="toctree-l3"><compact_paragraph classes="toctree-l3" skip_section_number="True"><reference anchorname="#emucore_direct.client.EmuCoreClient.rc_run" internal="True" refuri="emucore_direct#emucore_direct.client.EmuCoreClient.rc_run"><literal>EmuCoreClient.rc_run()</literal></reference></compact_paragraph></list_item><list_item classes="toctree-l3"><compact_paragraph classes="toctree-l3" skip_section_number="True"><reference anchorname="#emucore_direct.client.EmuCoreClient.wait_for_lock" internal="True" refuri="emucore_direct#emucore_direct.client.EmuCoreClient.wait_for_lock"><literal>EmuCoreClient.wait_for_lock()</literal></reference></compact_paragraph></list_item><list_item classes="toctree-l3"><compact_paragraph classes="toctree-l3" skip_section_number="True"><reference anchorname="#emucore_direct.client.EmuCoreClient.process_all_data" internal="True" refuri="emucore_direct#emucore_direct.client.EmuCoreClient.process_all_data"><literal>EmuCoreClient.process_all_data()</literal></reference></compact_paragraph></list_item></bullet_list></list_item></bullet_list></list_item><list_item classes="toctree-l1"><compact_paragraph classes="toctree-l1"><reference anchorname="#module-emucore_direct.types" internal="True" refuri="emucore_direct#module-emucore_direct.types">emucore_direct.types</reference></compact_paragraph><bullet_list><list_item classes="toctree-l2"><compact_paragraph classes="toctree-l2" skip_section_number="True"><reference anchorname="#emucore_direct.types.StatusResponses" internal="True" refuri="emucore_direct#emucore_direct.types.StatusResponses"><literal>StatusResponses</literal></reference></compact_paragraph><bullet_list><list_item classes="toctree-l3"><compact_paragraph classes="toctree-l3" skip_section_number="True"><reference anchorname="#emucore_direct.types.StatusResponses.NORMAL" internal="True" refuri="emucore_direct#emucore_direct.types.StatusResponses.NORMAL"><literal>StatusResponses.NORMAL</literal></reference></compact_paragraph></list_item><list_item classes="toctree-l3"><compact_paragraph classes="toctree-l3" skip_section_number="True"><reference anchorname="#emucore_direct.types.StatusResponses.MISMATCH" internal="True" refuri="emucore_direct#emucore_direct.types.StatusResponses.MISMATCH"><literal>StatusResponses.MISMATCH</literal></reference></compact_paragraph></list_item><list_item classes="toctree-l3"><compact_paragraph classes="toctree-l3" skip_section_number="True"><reference anchorname="#emucore_direct.types.StatusResponses.DEVICE_BUSY" internal="True" refuri="emucore_direct#emucore_direct.types.StatusResponses.DEVICE_BUSY"><literal>StatusResponses.DEVICE_BUSY</literal></reference></compact_paragraph></list_item></bullet_list></list_item><list_item classes="toctree-l2"><compact_paragraph classes="toctree-l2" skip_section_number="True"><reference anchorname="#emucore_direct.types.LockManageStatus" internal="True" refuri="emucore_direct#emucore_direct.types.LockManageStatus"><literal>LockManageStatus</literal></reference></compact_paragraph><bullet_list><list_item classes="toctree-l3"><compact_paragraph classes="toctree-l3" skip_section_number="True"><reference anchorname="#emucore_direct.types.LockManageStatus.SUCCESS" internal="True" refuri="emucore_direct#emucore_direct.types.LockManageStatus.SUCCESS"><literal>LockManageStatus.SUCCESS</literal></reference></compact_paragraph></list_item><list_item classes="toctree-l3"><compact_paragraph classes="toctree-l3" skip_section_number="True"><reference anchorname="#emucore_direct.types.LockManageStatus.MISMATCH" internal="True" refuri="emucore_direct#emucore_direct.types.LockManageStatus.MISMATCH"><literal>LockManageStatus.MISMATCH</literal></reference></compact_paragraph></list_item><list_item classes="toctree-l3"><compact_paragraph classes="toctree-l3" skip_section_number="True"><reference anchorname="#emucore_direct.types.LockManageStatus.BUSY" internal="True" refuri="emucore_direct#emucore_direct.types.LockManageStatus.BUSY"><literal>LockManageStatus.BUSY</literal></reference></compact_paragraph></list_item></bullet_list></list_item></bullet_list></list_item></bullet_list></compact_paragraph>
        </compound>
    </section>
</document>
