<?xml version="1.0" encoding="utf-8"?>
<!DOCTYPE document PUBLIC "+//IDN docutils.sourceforge.net//DTD Docutils Generic//EN//XML" "http://docutils.sourceforge.net/docs/ref/docutils.dtd">
<!-- Generated by Docutils 0.20.1 -->
<document source="/home/david/repos/emucore-direct/docs/source/sine_wave.rst" translation_progress="{'total': 0, 'translated': 0}" xmlns:c="https://www.sphinx-doc.org/" xmlns:changeset="https://www.sphinx-doc.org/" xmlns:citation="https://www.sphinx-doc.org/" xmlns:cpp="https://www.sphinx-doc.org/" xmlns:index="https://www.sphinx-doc.org/" xmlns:js="https://www.sphinx-doc.org/" xmlns:math="https://www.sphinx-doc.org/" xmlns:py="https://www.sphinx-doc.org/" xmlns:rst="https://www.sphinx-doc.org/" xmlns:std="https://www.sphinx-doc.org/" xmlns:todo="https://www.sphinx-doc.org/">
    <section ids="sine-wave" names="sine\ wave">
        <title>Sine Wave</title>
        <paragraph>To illustrate a basic usage pattern, sequential observations from the
            sine wave function will be modelled by the reservoir. The first step
            will be to create the sine wave data for our example.</paragraph>
        <literal_block force="False" highlight_args="{}" language="ipython3" linenos="False" xml:space="preserve">import numpy as np
import matplotlib.pyplot as plt

# Define the x-values for the domain of the sine function input
x = np.linspace(0, 6 * np.pi, 500)
# Calculate the y-values using the sine function and probability function
y = np.sin(x)

# Plot the oscillator with probability-based amplitudes
plt.plot(x, y)
plt.xlabel('x')
plt.ylabel('y')
plt.title('Sine Wave')
plt.grid(True)
plt.show()</literal_block>
        <image candidates="{'*': 'sine_wave_files/sine_wave_1_0.png'}" uri="sine_wave_files/sine_wave_1_0.png"></image>
        <paragraph>In the below code block make sure to replace both IP_ADDR and PORT with
            your specific network location for your EmuCore device</paragraph>
        <literal_block force="False" highlight_args="{}" language="ipython3" linenos="False" xml:space="preserve">from emucore_direct.client import EmuCoreClient
from time import time

IP_ADDR = "YOUR DEVICE IP ADDRESS"
PORT = "YOUR DEVICE PORT"
# Instantiate an EmuCore instance
ec_client = EmuCoreClient(ip_addr=IP_ADDR, port = PORT)</literal_block>
        <paragraph>Reservoir systems require state while processing so in order to prevent
            collisions a locking mechanism on the device is available. To acquire
            the execution lock a user must run:</paragraph>
        <literal_block force="False" highlight_args="{}" language="ipython3" linenos="False" xml:space="preserve">lock_id, _, _ = ec_client.wait_for_lock()</literal_block>
        <paragraph>This function waits for the execution lock indefinitely until it becomes
            available.</paragraph>
        <paragraph>The basic recipe for modeling using EmuCore is to sequentially feed data
            to the reservoir. This process creates an expanded representation based
            on the current configuration of the reservoir model. Subsequently, a
            model is applied to the augmented data from the reservoir. This expanded
            representation should be easier to model and may require less
            complicated models to achieve good prediction results for a given
            series. Before running another dataset, it is important to reset the
            reservoir; otherwise, it will retain information from previous data that
            was modeled. Next, the reservoir model must be configured. There are a
            variety of parameters that can be tuned to obtain better results from
            predictions. Here is an example of a possible configuration:</paragraph>
        <literal_block force="False" highlight_args="{}" language="ipython3" linenos="False" xml:space="preserve">vbias=0.3
gain=0.5
num_nodes=800
num_taps=400
input_scaling=0.33
density=0.5

ec_client.reservoir_reset(lock_id=lock_id)
print("Reservoir config")
# Configure
ec_client.rc_config(
    lock_id=lock_id,
    vbias=vbias,
    gain=gain,
    num_nodes=num_nodes,
    num_taps=num_taps,
)</literal_block>
        <literal_block force="False" language="default" linenos="False" xml:space="preserve">Reservoir config</literal_block>
        <literal_block force="False" language="default" linenos="False" xml:space="preserve">{'status': 0, 'message': 'Success'}</literal_block>
        <paragraph>Now we begin modeling the data with the reservoir:</paragraph>
        <literal_block force="False" highlight_args="{}" language="ipython3" linenos="False" xml:space="preserve">y_resp, max_scale_val, weights = ec_client.process_all_data(
    input_data=y.reshape((-1,1)),
    num_nodes=num_nodes,
    density=density,
    feature_scaling=input_scaling,
    lock_id=lock_id,
    max_scale_val=None)</literal_block>
        <paragraph>After processing it is important to release the device execution lock to
            free up the device for other usage:</paragraph>
        <literal_block force="False" highlight_args="{}" language="ipython3" linenos="False" xml:space="preserve"># releasing lock after finished with device execution
ec_client.release_lock(lock_id=lock_id)</literal_block>
        <literal_block force="False" language="default" linenos="False" xml:space="preserve">{'status': 0, 'message': 'Success'}</literal_block>
        <paragraph>Below, the output of the reservoir is visualized, with the coloring
            representing the value for each combination of a given node and a given
            value in our sequence from the sine function. Since the sine function
            generates a repeating sequence, observe how the values across nodes
            repeat for this particular series due to the cyclic nature of the
            underlying function. However, with more complex inputs, this
            representation can become much more varied.</paragraph>
        <literal_block force="False" highlight_args="{}" language="ipython3" linenos="False" xml:space="preserve">plt.imshow(y_resp, cmap="nipy_spectral")
plt.colorbar()
plt.xlabel("Node")
plt.ylabel("Observation number (x)")
plt.show()</literal_block>
        <image candidates="{'*': 'sine_wave_files/sine_wave_13_0.png'}" uri="sine_wave_files/sine_wave_13_0.png"></image>
        <paragraph>Having acquired the data any number of models can be fit to predict
            future outcomes using the dynamics of the reservoir model.</paragraph>
    </section>
</document>
