<?xml version="1.0" encoding="utf-8"?>
<!DOCTYPE document PUBLIC "+//IDN docutils.sourceforge.net//DTD Docutils Generic//EN//XML" "http://docutils.sourceforge.net/docs/ref/docutils.dtd">
<!-- Generated by Docutils 0.20.1 -->
<document nbsphinx_code_css="True" source="/home/david/repos/emucore-direct/docs/source/_static/NARMA10.ipynb" translation_progress="{'total': 0, 'translated': 0}" xmlns:c="https://www.sphinx-doc.org/" xmlns:changeset="https://www.sphinx-doc.org/" xmlns:citation="https://www.sphinx-doc.org/" xmlns:cpp="https://www.sphinx-doc.org/" xmlns:index="https://www.sphinx-doc.org/" xmlns:js="https://www.sphinx-doc.org/" xmlns:math="https://www.sphinx-doc.org/" xmlns:py="https://www.sphinx-doc.org/" xmlns:rst="https://www.sphinx-doc.org/" xmlns:std="https://www.sphinx-doc.org/" xmlns:todo="https://www.sphinx-doc.org/">
    <comment xml:space="preserve"></comment>
    <section ids="Univariate-Time-Series-Forecasting:-NARMA10" names="univariate\ time\ series\ forecasting:\ narma10">
        <title>Univariate Time Series Forecasting: NARMA10</title>
        <paragraph><reference internal="True" refuri=""><inline classes="doc">Download Notebook</inline></reference></paragraph>
        <raw format="html" xml:space="preserve">&lt;h2 id="narma10_intro"&gt;</raw>
        <paragraph>Introduction</paragraph>
        <raw format="html" xml:space="preserve">&lt;/h2&gt;</raw>
        <paragraph>Time series forecasting is a crucial task in various fields, including finance, weather prediction, and signal processing. Accurate predictions of future values can enable better decision-making and planning. In recent years, machine learning techniques, such as reservoir computing, have shown promising results in addressing this challenge.</paragraph>
        <paragraph>In this example, we explore time series forecasting using Nonlinear AutoRegressive Moving Average (NARMA) 10 and reservoir computing. NARMA 10 is a synthetic time series generator that mimics the behavior of real-world processes by generating nonlinear and chaotic patterns. Reservoir computing, on the other hand, is a powerful machine learning framework that leverages the dynamics of a large dynamical system, known as a reservoir, to perform tasks like time series prediction.</paragraph>
        <paragraph>In thise example, we aim to demonstrate the effectiveness of reservoir computing in forecasting NARMA 10 time series data. We will implement a reservoir computing model, train it on historical NARMA 10 data, and evaluate its performance in predicting future values. By comparing the predictions with ground truth data, we can assess the accuracy and reliability of the model.</paragraph>
        <paragraph>The notebook is organized as follows:</paragraph>
        <bullet_list bullet="-">
            <list_item>
                <paragraph><strong>Data Generation</strong>: We generate synthetic NARMA 10 time series data to serve as our training and testing dataset.</paragraph>
            </list_item>
            <list_item>
                <paragraph><strong>Reservoir Computing Model</strong>: We will be utilzing QCi’s photonic reservoir emulator EmuCore.</paragraph>
            </list_item>
            <list_item>
                <paragraph><strong>Training</strong>: We’ll be using a simple linear regressor utilzing scikit-learn</paragraph>
            </list_item>
            <list_item>
                <paragraph><strong>Evaluation</strong>: We evaluate the performance of the trained model on the testing data using Normalized Root Mean Squared Error (NRMSE). As well as this we’ll make some plots to visualize the performance across the testing and training sets.</paragraph>
            </list_item>
        </bullet_list>
        <comment xml:space="preserve"></comment>
        <section ids="Reservoir-Computing-with-EmuCore" names="reservoir\ computing\ with\ emucore">
            <title>Reservoir Computing with EmuCore</title>
            <paragraph>EmuCore, developed by QCi, represents a cutting-edge electronic reservoir computing platform designed specifically for tackling complex time series forecasting tasks. EmuCore harnesses the principles of reservoir computing, a powerful machine learning paradigm inspired by the brain’s dynamics, to efficiently process and predict time-dependent data. At the heart of EmuCore lies a large-scale dynamical system, referred to as the reservoir, composed of interconnected electronic components. These
                components exhibit rich nonlinear and chaotic dynamics, enabling EmuCore to capture and extract intricate patterns and dependencies present in time series data. The reservoir acts as a high-dimensional feature space where input signals are mapped and processed to generate accurate predictions. In this section, we explore the capabilities of EmuCore for time series forecasting tasks. We discuss the architecture and operation principles of EmuCore, highlighting its unique features and advantages.
                Furthermore, we demonstrate the effectiveness of EmuCore through practical examples and experiments, showcasing its ability to accurately predict complex time series data.</paragraph>
            <paragraph>Through the integration of advanced hardware design, innovative algorithms, and rigorous testing, EmuCore represents a groundbreaking solution for time series forecasting and other machine learning tasks. Its versatility, performance, and efficiency make it a valuable tool for researchers, engineers, and practitioners seeking to push the boundaries of predictive analytics and intelligent systems.</paragraph>
            <paragraph><image alt="reservoir schematic" candidates="{'*': '_static/_static/figures/general_reservoir_schematics.png'}" classes="no-scaled-link" original_uri="_static/figures/general_reservoir_schematics.png" uri="_static/_static/figures/general_reservoir_schematics.png" width="50%"></image></paragraph>
            <paragraph>QCI’s EmuCore technology is based on a time delayed scheme. However, unlike other reservoir offerings from QCi the</paragraph>
            <paragraph><image alt="time delayed reservoir schematic" candidates="{'*': '_static/_static/figures/time_delayed_reservoir_schematic.png'}" classes="no-scaled-link" original_uri="_static/figures/time_delayed_reservoir_schematic.png" uri="_static/_static/figures/time_delayed_reservoir_schematic.png" width="50%"></image> Photonic Reservoir Architecture and Benchmarking</paragraph>
            <substitution_definition names="84717d8219b144ec9b2a6959bb528876"><image alt="reservoir schematic" candidates="{'*': '_static/_static/figures/general_reservoir_schematics.png'}" classes="no-scaled-link" original_uri="_static/figures/general_reservoir_schematics.png" uri="_static/_static/figures/general_reservoir_schematics.png" width="50%"></image></substitution_definition>
            <substitution_definition names="dbf489f8cdcf4c79b446ee29925e6114"><image alt="time delayed reservoir schematic" candidates="{'*': '_static/_static/figures/time_delayed_reservoir_schematic.png'}" classes="no-scaled-link" original_uri="_static/figures/time_delayed_reservoir_schematic.png" uri="_static/_static/figures/time_delayed_reservoir_schematic.png" width="50%"></image></substitution_definition>
            <comment xml:space="preserve"></comment>
            <raw format="html" xml:space="preserve">&lt;h2 id="narma10_data_gen"&gt;</raw>
            <paragraph>Data Generation</paragraph>
            <raw format="html" xml:space="preserve">&lt;/h2&gt;</raw>
            <paragraph>Here we use widely used benchmark, namely NARMA10,</paragraph>
            <paragraph><math>y_{k+1} = 0.3 y_k + 0.05 y_k \sum_{𝑖=0}^{9} y_{k-i} + 1.5 u_k u_{k−9} + 0.1</math></paragraph>
            <paragraph>where the input 𝑢𝑘 is drawn from a uniform distribution in the interval <math>[0, 0.5]</math>.</paragraph>
            <paragraph>The function below generates a NARMA10 time series and splits it into training and testing parts.</paragraph>
            <comment xml:space="preserve"></comment>
            <container classes="nbinput nblast">
                <comment xml:space="preserve"></comment>
                <CodeAreaNode prompt="[7]:" stderr="False">
                    <literal_block classes="input_area" language="ipython3" linenos="False" xml:space="preserve">import numpy as np

def NARMA10(seed, train_size, test_size):
    np.random.seed(seed)
    total_size = train_size + test_size
    utrain = 0.5 * np.random.rand(total_size, 1)
    ytrain = np.zeros((10, 1))
    for i in list(range(9, total_size - 1)):
        temp = (
            0.3 * ytrain[i]
            + 0.05 * ytrain[i] * np.sum(ytrain[i - 10 + 1 : i + 1])
            + 1.5 * utrain[i] * utrain[i - 10 + 1]
            + 0.1
        )
        ytrain = np.append(ytrain, [temp], axis=0)

    train_data = {
        "trainInput": utrain[0:train_size],
        "trainTarget": ytrain[0:train_size],
    }

    test_data = {
        "testInput": utrain[train_size:total_size],
        "testTarget": ytrain[train_size:total_size],
    }

    dataset = {"train_data": train_data, "test_data": test_data}
    return dataset</literal_block>
                </CodeAreaNode>
            </container>
            <comment xml:space="preserve"></comment>
            <paragraph>Let us consider a time series of size 1000 with 800 samples in the training part and 200 in the testing portiong.</paragraph>
            <comment xml:space="preserve"></comment>
            <container classes="nbinput nblast">
                <comment xml:space="preserve"></comment>
                <CodeAreaNode prompt="[8]:" stderr="False">
                    <literal_block classes="input_area" language="ipython3" linenos="False" xml:space="preserve">TRAIN_SIZE = 800
TEST_SIZE = 200

dataset = NARMA10(seed=0, train_size=TRAIN_SIZE, test_size=TEST_SIZE)

X_train = dataset["train_data"]["trainInput"]
y_train = dataset["train_data"]["trainTarget"].reshape((TRAIN_SIZE))

X_test = dataset["test_data"]["testInput"]
y_test = dataset["test_data"]["testTarget"].reshape((TEST_SIZE))</literal_block>
                </CodeAreaNode>
            </container>
            <comment xml:space="preserve"></comment>
            <paragraph>The target for this forecast is plotted below with the training portion in blue and the testing portion in red:</paragraph>
            <comment xml:space="preserve"></comment>
            <container classes="nbinput">
                <comment xml:space="preserve"></comment>
                <CodeAreaNode prompt="[9]:" stderr="False">
                    <literal_block classes="input_area" language="ipython3" linenos="False" xml:space="preserve">import matplotlib.pyplot as plt

t_train = np.linspace(0, TRAIN_SIZE, TRAIN_SIZE)
t_test = np.linspace(TRAIN_SIZE, TRAIN_SIZE + TEST_SIZE, TEST_SIZE)

plt.plot(t_train, y_train, "b")
plt.plot(t_test, y_test, "r")
plt.legend(["Train Data", "Test Data"])
plt.xlabel("Samples")
plt.ylabel("NARMA10 Time Series")
plt.show()</literal_block>
                </CodeAreaNode>
            </container>
            <comment xml:space="preserve"></comment>
            <container classes="nboutput nblast">
                <comment xml:space="preserve"></comment>
                <FancyOutputNode prompt="">
                    <container classes="output_area ">
                        <image candidates="{'*': '../build/doctrees/nbsphinx/_static_NARMA10_7_0.png'}" original_uri="../../build/doctrees/nbsphinx/_static_NARMA10_7_0.png" uri="../build/doctrees/nbsphinx/_static_NARMA10_7_0.png"></image>
                    </container>
                </FancyOutputNode>
            </container>
            <comment xml:space="preserve"></comment>
        </section>
        <section ids="Genearate-Reservoir-Output" names="genearate\ reservoir\ output">
            <title>Genearate Reservoir Output</title>
            <paragraph>After filling out some necessary details including replacing the IP_ADDR and PORT variables with our specific hardware destination we can begin interacting with the device through the client interface. Utilizing EmuCore’s direct interface we first begin by acquiring the lock. This ensures that the device is not being utilized by other users or processes and ensures that no one other than the current user can manipulate the reservoir anyway. Some of the ways we can interact with the hardware
                include resettign the reservoir and configuring reservoir size and attributes.</paragraph>
            <comment xml:space="preserve"></comment>
            <container classes="nbinput">
                <comment xml:space="preserve"></comment>
                <CodeAreaNode prompt="[2]:" stderr="False">
                    <literal_block classes="input_area" language="ipython3" linenos="False" xml:space="preserve">from emucore_direct.client import EmuCoreClient
from time import time

IP_ADDR = "172.18.41.70"
PORT = "50051"
# Instantiate an EmuCore instance
ec_client = EmuCoreClient(ip_addr=IP_ADDR)
VBIAS = 0.31
GAIN = 0.72
NUM_NODES = 400
NUM_TAPS = 400
FEATURE_SCALING = 0.1
DENSITY = 1.0


# A a lock id and reset the device
lock_id, start, end = ec_client.wait_for_lock()</literal_block>
                </CodeAreaNode>
            </container>
            <comment xml:space="preserve"></comment>
            <container classes="nboutput nblast">
                <comment xml:space="preserve"></comment>
                <CodeAreaNode prompt="" stderr="False">
                    <container classes="output_area ">
                        <raw classes="highlight" format="html" xml:space="preserve">&lt;pre&gt;
&lt;span class="ansi-red-fg"&gt;---------------------------------------------------------------------------&lt;/span&gt;
&lt;span class="ansi-red-fg"&gt;_InactiveRpcError&lt;/span&gt;                         Traceback (most recent call last)
File &lt;span class="ansi-green-fg"&gt;~/repos/emucore-direct/emucore_direct/client.py:153&lt;/span&gt;, in &lt;span class="ansi-cyan-fg"&gt;EmuCoreClient.acquire_lock&lt;/span&gt;&lt;span class="ansi-blue-fg"&gt;(self)&lt;/span&gt;
&lt;span class="ansi-green-intense-fg ansi-bold"&gt;    152&lt;/span&gt; &lt;span class="ansi-bold" style="color: rgb(0,135,0)"&gt;try&lt;/span&gt;:
&lt;span class="ansi-green-fg"&gt;--&amp;gt; 153&lt;/span&gt;     acquire_lock_resp &lt;span style="color: rgb(98,98,98)"&gt;=&lt;/span&gt; &lt;span class="ansi-yellow-bg" style="color: rgb(0,135,0)"&gt;self&lt;/span&gt;&lt;span class="ansi-yellow-bg" style="color: rgb(98,98,98)"&gt;.&lt;/span&gt;&lt;span class="ansi-yellow-bg"&gt;stub&lt;/span&gt;&lt;span class="ansi-yellow-bg" style="color: rgb(98,98,98)"&gt;.&lt;/span&gt;&lt;span class="ansi-yellow-bg"&gt;acquire_lock&lt;/span&gt;&lt;span class="ansi-yellow-bg"&gt;(&lt;/span&gt;&lt;span class="ansi-yellow-bg"&gt;emucore_pb2&lt;/span&gt;&lt;span class="ansi-yellow-bg" style="color: rgb(98,98,98)"&gt;.&lt;/span&gt;&lt;span class="ansi-yellow-bg"&gt;empty_message&lt;/span&gt;&lt;span class="ansi-yellow-bg"&gt;(&lt;/span&gt;&lt;span class="ansi-yellow-bg"&gt;)&lt;/span&gt;&lt;span class="ansi-yellow-bg"&gt;)&lt;/span&gt;
&lt;span class="ansi-green-intense-fg ansi-bold"&gt;    154&lt;/span&gt; &lt;span class="ansi-bold" style="color: rgb(0,135,0)"&gt;except&lt;/span&gt; _InactiveRpcError &lt;span class="ansi-bold" style="color: rgb(0,135,0)"&gt;as&lt;/span&gt; exc:

File &lt;span class="ansi-green-fg"&gt;~/repos/emucore-direct/venv/lib/python3.10/site-packages/grpc/_channel.py:946&lt;/span&gt;, in &lt;span class="ansi-cyan-fg"&gt;_UnaryUnaryMultiCallable.__call__&lt;/span&gt;&lt;span class="ansi-blue-fg"&gt;(self, request, timeout, metadata, credentials, wait_for_ready, compression)&lt;/span&gt;
&lt;span class="ansi-green-intense-fg ansi-bold"&gt;    944&lt;/span&gt; state, call, &lt;span style="color: rgb(98,98,98)"&gt;=&lt;/span&gt; &lt;span style="color: rgb(0,135,0)"&gt;self&lt;/span&gt;&lt;span style="color: rgb(98,98,98)"&gt;.&lt;/span&gt;_blocking(request, timeout, metadata, credentials,
&lt;span class="ansi-green-intense-fg ansi-bold"&gt;    945&lt;/span&gt;                               wait_for_ready, compression)
&lt;span class="ansi-green-fg"&gt;--&amp;gt; 946&lt;/span&gt; &lt;span class="ansi-bold" style="color: rgb(0,135,0)"&gt;return&lt;/span&gt; &lt;span class="ansi-yellow-bg"&gt;_end_unary_response_blocking&lt;/span&gt;&lt;span class="ansi-yellow-bg"&gt;(&lt;/span&gt;&lt;span class="ansi-yellow-bg"&gt;state&lt;/span&gt;&lt;span class="ansi-yellow-bg"&gt;,&lt;/span&gt;&lt;span class="ansi-yellow-bg"&gt; &lt;/span&gt;&lt;span class="ansi-yellow-bg"&gt;call&lt;/span&gt;&lt;span class="ansi-yellow-bg"&gt;,&lt;/span&gt;&lt;span class="ansi-yellow-bg"&gt; &lt;/span&gt;&lt;span class="ansi-yellow-bg ansi-bold" style="color: rgb(0,135,0)"&gt;False&lt;/span&gt;&lt;span class="ansi-yellow-bg"&gt;,&lt;/span&gt;&lt;span class="ansi-yellow-bg"&gt; &lt;/span&gt;&lt;span class="ansi-yellow-bg ansi-bold" style="color: rgb(0,135,0)"&gt;None&lt;/span&gt;&lt;span class="ansi-yellow-bg"&gt;)&lt;/span&gt;

File &lt;span class="ansi-green-fg"&gt;~/repos/emucore-direct/venv/lib/python3.10/site-packages/grpc/_channel.py:849&lt;/span&gt;, in &lt;span class="ansi-cyan-fg"&gt;_end_unary_response_blocking&lt;/span&gt;&lt;span class="ansi-blue-fg"&gt;(state, call, with_call, deadline)&lt;/span&gt;
&lt;span class="ansi-green-intense-fg ansi-bold"&gt;    848&lt;/span&gt; &lt;span class="ansi-bold" style="color: rgb(0,135,0)"&gt;else&lt;/span&gt;:
&lt;span class="ansi-green-fg"&gt;--&amp;gt; 849&lt;/span&gt;     &lt;span class="ansi-bold" style="color: rgb(0,135,0)"&gt;raise&lt;/span&gt; _InactiveRpcError(state)

&lt;span class="ansi-red-fg"&gt;_InactiveRpcError&lt;/span&gt;: &amp;lt;_InactiveRpcError of RPC that terminated with:
        status = StatusCode.UNAVAILABLE
        details = &amp;#34;failed to connect to all addresses&amp;#34;
        debug_error_string = &amp;#34;{&amp;#34;created&amp;#34;:&amp;#34;@1711693535.063393946&amp;#34;,&amp;#34;description&amp;#34;:&amp;#34;Failed to pick subchannel&amp;#34;,&amp;#34;file&amp;#34;:&amp;#34;src/core/ext/filters/client_channel/client_channel.cc&amp;#34;,&amp;#34;file_line&amp;#34;:3260,&amp;#34;referenced_errors&amp;#34;:[{&amp;#34;created&amp;#34;:&amp;#34;@1711693535.063391611&amp;#34;,&amp;#34;description&amp;#34;:&amp;#34;failed to connect to all addresses&amp;#34;,&amp;#34;file&amp;#34;:&amp;#34;src/core/lib/transport/error_utils.cc&amp;#34;,&amp;#34;file_line&amp;#34;:167,&amp;#34;grpc_status&amp;#34;:14}]}&amp;#34;
&amp;gt;

The above exception was the direct cause of the following exception:

&lt;span class="ansi-red-fg"&gt;InactiveRpcError&lt;/span&gt;                          Traceback (most recent call last)
Cell &lt;span class="ansi-green-fg"&gt;In[2], line 17&lt;/span&gt;
&lt;span class="ansi-green-intense-fg ansi-bold"&gt;     14&lt;/span&gt; ec_client &lt;span style="color: rgb(98,98,98)"&gt;=&lt;/span&gt; EmuCoreClient(ip_addr&lt;span style="color: rgb(98,98,98)"&gt;=&lt;/span&gt;IP_ADDR)
&lt;span class="ansi-green-intense-fg ansi-bold"&gt;     16&lt;/span&gt; &lt;span style="color: rgb(95,135,135)"&gt;# A a lock id and reset the device&lt;/span&gt;
&lt;span class="ansi-green-fg"&gt;---&amp;gt; 17&lt;/span&gt; lock_id, start, end &lt;span style="color: rgb(98,98,98)"&gt;=&lt;/span&gt; &lt;span class="ansi-yellow-bg"&gt;ec_client&lt;/span&gt;&lt;span class="ansi-yellow-bg" style="color: rgb(98,98,98)"&gt;.&lt;/span&gt;&lt;span class="ansi-yellow-bg"&gt;wait_for_lock&lt;/span&gt;&lt;span class="ansi-yellow-bg"&gt;(&lt;/span&gt;&lt;span class="ansi-yellow-bg"&gt;)&lt;/span&gt;

File &lt;span class="ansi-green-fg"&gt;~/repos/emucore-direct/emucore_direct/client.py:247&lt;/span&gt;, in &lt;span class="ansi-cyan-fg"&gt;EmuCoreClient.wait_for_lock&lt;/span&gt;&lt;span class="ansi-blue-fg"&gt;(self)&lt;/span&gt;
&lt;span class="ansi-green-intense-fg ansi-bold"&gt;    245&lt;/span&gt; start_queue_ts &lt;span style="color: rgb(98,98,98)"&gt;=&lt;/span&gt; time&lt;span style="color: rgb(98,98,98)"&gt;.&lt;/span&gt;time_ns()
&lt;span class="ansi-green-intense-fg ansi-bold"&gt;    246&lt;/span&gt; &lt;span class="ansi-bold" style="color: rgb(0,135,0)"&gt;while&lt;/span&gt; lock_id &lt;span style="color: rgb(98,98,98)"&gt;==&lt;/span&gt; &lt;span style="color: rgb(175,0,0)"&gt;&amp;#34;&lt;/span&gt;&lt;span style="color: rgb(175,0,0)"&gt;&amp;#34;&lt;/span&gt;:
&lt;span class="ansi-green-fg"&gt;--&amp;gt; 247&lt;/span&gt;     lock_id &lt;span style="color: rgb(98,98,98)"&gt;=&lt;/span&gt; &lt;span class="ansi-yellow-bg" style="color: rgb(0,135,0)"&gt;self&lt;/span&gt;&lt;span class="ansi-yellow-bg" style="color: rgb(98,98,98)"&gt;.&lt;/span&gt;&lt;span class="ansi-yellow-bg"&gt;acquire_lock&lt;/span&gt;&lt;span class="ansi-yellow-bg"&gt;(&lt;/span&gt;&lt;span class="ansi-yellow-bg"&gt;)&lt;/span&gt;[&lt;span style="color: rgb(175,0,0)"&gt;&amp;#34;&lt;/span&gt;&lt;span style="color: rgb(175,0,0)"&gt;lock_id&lt;/span&gt;&lt;span style="color: rgb(175,0,0)"&gt;&amp;#34;&lt;/span&gt;]
&lt;span class="ansi-green-intense-fg ansi-bold"&gt;    248&lt;/span&gt;     &lt;span style="color: rgb(95,135,135)"&gt;# only sleep if didn&amp;#39;t get lock on device&lt;/span&gt;
&lt;span class="ansi-green-intense-fg ansi-bold"&gt;    249&lt;/span&gt;     &lt;span class="ansi-bold" style="color: rgb(0,135,0)"&gt;if&lt;/span&gt; lock_id &lt;span style="color: rgb(98,98,98)"&gt;==&lt;/span&gt; &lt;span style="color: rgb(175,0,0)"&gt;&amp;#34;&lt;/span&gt;&lt;span style="color: rgb(175,0,0)"&gt;&amp;#34;&lt;/span&gt;:

File &lt;span class="ansi-green-fg"&gt;~/repos/emucore-direct/emucore_direct/client.py:155&lt;/span&gt;, in &lt;span class="ansi-cyan-fg"&gt;EmuCoreClient.acquire_lock&lt;/span&gt;&lt;span class="ansi-blue-fg"&gt;(self)&lt;/span&gt;
&lt;span class="ansi-green-intense-fg ansi-bold"&gt;    153&lt;/span&gt;     acquire_lock_resp &lt;span style="color: rgb(98,98,98)"&gt;=&lt;/span&gt; &lt;span style="color: rgb(0,135,0)"&gt;self&lt;/span&gt;&lt;span style="color: rgb(98,98,98)"&gt;.&lt;/span&gt;stub&lt;span style="color: rgb(98,98,98)"&gt;.&lt;/span&gt;acquire_lock(emucore_pb2&lt;span style="color: rgb(98,98,98)"&gt;.&lt;/span&gt;empty_message())
&lt;span class="ansi-green-intense-fg ansi-bold"&gt;    154&lt;/span&gt; &lt;span class="ansi-bold" style="color: rgb(0,135,0)"&gt;except&lt;/span&gt; _InactiveRpcError &lt;span class="ansi-bold" style="color: rgb(0,135,0)"&gt;as&lt;/span&gt; exc:
&lt;span class="ansi-green-fg"&gt;--&amp;gt; 155&lt;/span&gt;     &lt;span class="ansi-bold" style="color: rgb(0,135,0)"&gt;raise&lt;/span&gt; InactiveRpcError(
&lt;span class="ansi-green-intense-fg ansi-bold"&gt;    156&lt;/span&gt;         &lt;span style="color: rgb(175,0,0)"&gt;&amp;#34;&lt;/span&gt;&lt;span style="color: rgb(175,0,0)"&gt;acquire_lock failed due to grpc._channel._InactiveRpcError.&lt;/span&gt;&lt;span style="color: rgb(175,0,0)"&gt;&amp;#34;&lt;/span&gt;
&lt;span class="ansi-green-intense-fg ansi-bold"&gt;    157&lt;/span&gt;     ) &lt;span class="ansi-bold" style="color: rgb(0,135,0)"&gt;from&lt;/span&gt; &lt;span class="ansi-bold" style="color: rgb(0,0,255)"&gt;exc&lt;/span&gt;
&lt;span class="ansi-green-intense-fg ansi-bold"&gt;    158&lt;/span&gt; &lt;span class="ansi-bold" style="color: rgb(0,135,0)"&gt;return&lt;/span&gt; message_to_dict(acquire_lock_resp)

&lt;span class="ansi-red-fg"&gt;InactiveRpcError&lt;/span&gt;: acquire_lock failed due to grpc._channel._InactiveRpcError.
&lt;/pre&gt;</raw>
                        <raw format="latex" xml:space="preserve">\begin{sphinxVerbatim}[commandchars=\\\{\}]
\textcolor{ansi-red}{---------------------------------------------------------------------------}
\textcolor{ansi-red}{\_InactiveRpcError}                         Traceback (most recent call last)
File \textcolor{ansi-green}{\textasciitilde{}/repos/emucore-direct/emucore\_direct/client.py:153}, in \textcolor{ansi-cyan}{EmuCoreClient.acquire\_lock}\textcolor{ansi-blue}{(self)}
\textcolor{ansi-green-intense}{\textbf{    152}} \def\tcRGB{\textcolor[RGB]}\expandafter\tcRGB\expandafter{\detokenize{0,135,0}}{\textbf{try}}:
\textcolor{ansi-green}{--&gt; 153}     acquire\_lock\_resp \def\tcRGB{\textcolor[RGB]}\expandafter\tcRGB\expandafter{\detokenize{98,98,98}}{=} \def\tcRGB{\textcolor[RGB]}\expandafter\tcRGB\expandafter{\detokenize{0,135,0}}{\setlength{\fboxsep}{0pt}\colorbox{ansi-yellow}{self\strut}}\def\tcRGB{\textcolor[RGB]}\expandafter\tcRGB\expandafter{\detokenize{98,98,98}}{\setlength{\fboxsep}{0pt}\colorbox{ansi-yellow}{.\strut}}\setlength{\fboxsep}{0pt}\colorbox{ansi-yellow}{stub\strut}\def\tcRGB{\textcolor[RGB]}\expandafter\tcRGB\expandafter{\detokenize{98,98,98}}{\setlength{\fboxsep}{0pt}\colorbox{ansi-yellow}{.\strut}}\setlength{\fboxsep}{0pt}\colorbox{ansi-yellow}{acquire\_lock\strut}\setlength{\fboxsep}{0pt}\colorbox{ansi-yellow}{(\strut}\setlength{\fboxsep}{0pt}\colorbox{ansi-yellow}{emucore\_pb2\strut}\def\tcRGB{\textcolor[RGB]}\expandafter\tcRGB\expandafter{\detokenize{98,98,98}}{\setlength{\fboxsep}{0pt}\colorbox{ansi-yellow}{.\strut}}\setlength{\fboxsep}{0pt}\colorbox{ansi-yellow}{empty\_message\strut}\setlength{\fboxsep}{0pt}\colorbox{ansi-yellow}{(\strut}\setlength{\fboxsep}{0pt}\colorbox{ansi-yellow}{)\strut}\setlength{\fboxsep}{0pt}\colorbox{ansi-yellow}{)\strut}
\textcolor{ansi-green-intense}{\textbf{    154}} \def\tcRGB{\textcolor[RGB]}\expandafter\tcRGB\expandafter{\detokenize{0,135,0}}{\textbf{except}} \_InactiveRpcError \def\tcRGB{\textcolor[RGB]}\expandafter\tcRGB\expandafter{\detokenize{0,135,0}}{\textbf{as}} exc:

File \textcolor{ansi-green}{\textasciitilde{}/repos/emucore-direct/venv/lib/python3.10/site-packages/grpc/\_channel.py:946}, in \textcolor{ansi-cyan}{\_UnaryUnaryMultiCallable.\_\_call\_\_}\textcolor{ansi-blue}{(self, request, timeout, metadata, credentials, wait\_for\_ready, compression)}
\textcolor{ansi-green-intense}{\textbf{    944}} state, call, \def\tcRGB{\textcolor[RGB]}\expandafter\tcRGB\expandafter{\detokenize{98,98,98}}{=} \def\tcRGB{\textcolor[RGB]}\expandafter\tcRGB\expandafter{\detokenize{0,135,0}}{self}\def\tcRGB{\textcolor[RGB]}\expandafter\tcRGB\expandafter{\detokenize{98,98,98}}{.}\_blocking(request, timeout, metadata, credentials,
\textcolor{ansi-green-intense}{\textbf{    945}}                               wait\_for\_ready, compression)
\textcolor{ansi-green}{--&gt; 946} \def\tcRGB{\textcolor[RGB]}\expandafter\tcRGB\expandafter{\detokenize{0,135,0}}{\textbf{return}} \setlength{\fboxsep}{0pt}\colorbox{ansi-yellow}{\_end\_unary\_response\_blocking\strut}\setlength{\fboxsep}{0pt}\colorbox{ansi-yellow}{(\strut}\setlength{\fboxsep}{0pt}\colorbox{ansi-yellow}{state\strut}\setlength{\fboxsep}{0pt}\colorbox{ansi-yellow}{,\strut}\setlength{\fboxsep}{0pt}\colorbox{ansi-yellow}{ \strut}\setlength{\fboxsep}{0pt}\colorbox{ansi-yellow}{call\strut}\setlength{\fboxsep}{0pt}\colorbox{ansi-yellow}{,\strut}\setlength{\fboxsep}{0pt}\colorbox{ansi-yellow}{ \strut}\def\tcRGB{\textcolor[RGB]}\expandafter\tcRGB\expandafter{\detokenize{0,135,0}}{\setlength{\fboxsep}{0pt}\colorbox{ansi-yellow}{\textbf{False}\strut}}\setlength{\fboxsep}{0pt}\colorbox{ansi-yellow}{,\strut}\setlength{\fboxsep}{0pt}\colorbox{ansi-yellow}{ \strut}\def\tcRGB{\textcolor[RGB]}\expandafter\tcRGB\expandafter{\detokenize{0,135,0}}{\setlength{\fboxsep}{0pt}\colorbox{ansi-yellow}{\textbf{None}\strut}}\setlength{\fboxsep}{0pt}\colorbox{ansi-yellow}{)\strut}

File \textcolor{ansi-green}{\textasciitilde{}/repos/emucore-direct/venv/lib/python3.10/site-packages/grpc/\_channel.py:849}, in \textcolor{ansi-cyan}{\_end\_unary\_response\_blocking}\textcolor{ansi-blue}{(state, call, with\_call, deadline)}
\textcolor{ansi-green-intense}{\textbf{    848}} \def\tcRGB{\textcolor[RGB]}\expandafter\tcRGB\expandafter{\detokenize{0,135,0}}{\textbf{else}}:
\textcolor{ansi-green}{--&gt; 849}     \def\tcRGB{\textcolor[RGB]}\expandafter\tcRGB\expandafter{\detokenize{0,135,0}}{\textbf{raise}} \_InactiveRpcError(state)

\textcolor{ansi-red}{\_InactiveRpcError}: &lt;\_InactiveRpcError of RPC that terminated with:
        status = StatusCode.UNAVAILABLE
        details = "failed to connect to all addresses"
        debug\_error\_string = "\{"created":"@1711693535.063393946","description":"Failed to pick subchannel","file":"src/core/ext/filters/client\_channel/client\_channel.cc","file\_line":3260,"referenced\_errors":[\{"created":"@1711693535.063391611","description":"failed to connect to all addresses","file":"src/core/lib/transport/error\_utils.cc","file\_line":167,"grpc\_status":14\}]\}"
&gt;

The above exception was the direct cause of the following exception:

\textcolor{ansi-red}{InactiveRpcError}                          Traceback (most recent call last)
Cell \textcolor{ansi-green}{In[2], line 17}
\textcolor{ansi-green-intense}{\textbf{     14}} ec\_client \def\tcRGB{\textcolor[RGB]}\expandafter\tcRGB\expandafter{\detokenize{98,98,98}}{=} EmuCoreClient(ip\_addr\def\tcRGB{\textcolor[RGB]}\expandafter\tcRGB\expandafter{\detokenize{98,98,98}}{=}IP\_ADDR)
\textcolor{ansi-green-intense}{\textbf{     16}} \def\tcRGB{\textcolor[RGB]}\expandafter\tcRGB\expandafter{\detokenize{95,135,135}}{\# A a lock id and reset the device}
\textcolor{ansi-green}{---&gt; 17} lock\_id, start, end \def\tcRGB{\textcolor[RGB]}\expandafter\tcRGB\expandafter{\detokenize{98,98,98}}{=} \setlength{\fboxsep}{0pt}\colorbox{ansi-yellow}{ec\_client\strut}\def\tcRGB{\textcolor[RGB]}\expandafter\tcRGB\expandafter{\detokenize{98,98,98}}{\setlength{\fboxsep}{0pt}\colorbox{ansi-yellow}{.\strut}}\setlength{\fboxsep}{0pt}\colorbox{ansi-yellow}{wait\_for\_lock\strut}\setlength{\fboxsep}{0pt}\colorbox{ansi-yellow}{(\strut}\setlength{\fboxsep}{0pt}\colorbox{ansi-yellow}{)\strut}

File \textcolor{ansi-green}{\textasciitilde{}/repos/emucore-direct/emucore\_direct/client.py:247}, in \textcolor{ansi-cyan}{EmuCoreClient.wait\_for\_lock}\textcolor{ansi-blue}{(self)}
\textcolor{ansi-green-intense}{\textbf{    245}} start\_queue\_ts \def\tcRGB{\textcolor[RGB]}\expandafter\tcRGB\expandafter{\detokenize{98,98,98}}{=} time\def\tcRGB{\textcolor[RGB]}\expandafter\tcRGB\expandafter{\detokenize{98,98,98}}{.}time\_ns()
\textcolor{ansi-green-intense}{\textbf{    246}} \def\tcRGB{\textcolor[RGB]}\expandafter\tcRGB\expandafter{\detokenize{0,135,0}}{\textbf{while}} lock\_id \def\tcRGB{\textcolor[RGB]}\expandafter\tcRGB\expandafter{\detokenize{98,98,98}}{==} \def\tcRGB{\textcolor[RGB]}\expandafter\tcRGB\expandafter{\detokenize{175,0,0}}{"}\def\tcRGB{\textcolor[RGB]}\expandafter\tcRGB\expandafter{\detokenize{175,0,0}}{"}:
\textcolor{ansi-green}{--&gt; 247}     lock\_id \def\tcRGB{\textcolor[RGB]}\expandafter\tcRGB\expandafter{\detokenize{98,98,98}}{=} \def\tcRGB{\textcolor[RGB]}\expandafter\tcRGB\expandafter{\detokenize{0,135,0}}{\setlength{\fboxsep}{0pt}\colorbox{ansi-yellow}{self\strut}}\def\tcRGB{\textcolor[RGB]}\expandafter\tcRGB\expandafter{\detokenize{98,98,98}}{\setlength{\fboxsep}{0pt}\colorbox{ansi-yellow}{.\strut}}\setlength{\fboxsep}{0pt}\colorbox{ansi-yellow}{acquire\_lock\strut}\setlength{\fboxsep}{0pt}\colorbox{ansi-yellow}{(\strut}\setlength{\fboxsep}{0pt}\colorbox{ansi-yellow}{)\strut}[\def\tcRGB{\textcolor[RGB]}\expandafter\tcRGB\expandafter{\detokenize{175,0,0}}{"}\def\tcRGB{\textcolor[RGB]}\expandafter\tcRGB\expandafter{\detokenize{175,0,0}}{lock\_id}\def\tcRGB{\textcolor[RGB]}\expandafter\tcRGB\expandafter{\detokenize{175,0,0}}{"}]
\textcolor{ansi-green-intense}{\textbf{    248}}     \def\tcRGB{\textcolor[RGB]}\expandafter\tcRGB\expandafter{\detokenize{95,135,135}}{\# only sleep if didn't get lock on device}
\textcolor{ansi-green-intense}{\textbf{    249}}     \def\tcRGB{\textcolor[RGB]}\expandafter\tcRGB\expandafter{\detokenize{0,135,0}}{\textbf{if}} lock\_id \def\tcRGB{\textcolor[RGB]}\expandafter\tcRGB\expandafter{\detokenize{98,98,98}}{==} \def\tcRGB{\textcolor[RGB]}\expandafter\tcRGB\expandafter{\detokenize{175,0,0}}{"}\def\tcRGB{\textcolor[RGB]}\expandafter\tcRGB\expandafter{\detokenize{175,0,0}}{"}:

File \textcolor{ansi-green}{\textasciitilde{}/repos/emucore-direct/emucore\_direct/client.py:155}, in \textcolor{ansi-cyan}{EmuCoreClient.acquire\_lock}\textcolor{ansi-blue}{(self)}
\textcolor{ansi-green-intense}{\textbf{    153}}     acquire\_lock\_resp \def\tcRGB{\textcolor[RGB]}\expandafter\tcRGB\expandafter{\detokenize{98,98,98}}{=} \def\tcRGB{\textcolor[RGB]}\expandafter\tcRGB\expandafter{\detokenize{0,135,0}}{self}\def\tcRGB{\textcolor[RGB]}\expandafter\tcRGB\expandafter{\detokenize{98,98,98}}{.}stub\def\tcRGB{\textcolor[RGB]}\expandafter\tcRGB\expandafter{\detokenize{98,98,98}}{.}acquire\_lock(emucore\_pb2\def\tcRGB{\textcolor[RGB]}\expandafter\tcRGB\expandafter{\detokenize{98,98,98}}{.}empty\_message())
\textcolor{ansi-green-intense}{\textbf{    154}} \def\tcRGB{\textcolor[RGB]}\expandafter\tcRGB\expandafter{\detokenize{0,135,0}}{\textbf{except}} \_InactiveRpcError \def\tcRGB{\textcolor[RGB]}\expandafter\tcRGB\expandafter{\detokenize{0,135,0}}{\textbf{as}} exc:
\textcolor{ansi-green}{--&gt; 155}     \def\tcRGB{\textcolor[RGB]}\expandafter\tcRGB\expandafter{\detokenize{0,135,0}}{\textbf{raise}} InactiveRpcError(
\textcolor{ansi-green-intense}{\textbf{    156}}         \def\tcRGB{\textcolor[RGB]}\expandafter\tcRGB\expandafter{\detokenize{175,0,0}}{"}\def\tcRGB{\textcolor[RGB]}\expandafter\tcRGB\expandafter{\detokenize{175,0,0}}{acquire\_lock failed due to grpc.\_channel.\_InactiveRpcError.}\def\tcRGB{\textcolor[RGB]}\expandafter\tcRGB\expandafter{\detokenize{175,0,0}}{"}
\textcolor{ansi-green-intense}{\textbf{    157}}     ) \def\tcRGB{\textcolor[RGB]}\expandafter\tcRGB\expandafter{\detokenize{0,135,0}}{\textbf{from}} \def\tcRGB{\textcolor[RGB]}\expandafter\tcRGB\expandafter{\detokenize{0,0,255}}{\textbf{exc}}
\textcolor{ansi-green-intense}{\textbf{    158}} \def\tcRGB{\textcolor[RGB]}\expandafter\tcRGB\expandafter{\detokenize{0,135,0}}{\textbf{return}} message\_to\_dict(acquire\_lock\_resp)

\textcolor{ansi-red}{InactiveRpcError}: acquire\_lock failed due to grpc.\_channel.\_InactiveRpcError.
\end{sphinxVerbatim}</raw>
                        <raw format="text" xml:space="preserve">[0;31m---------------------------------------------------------------------------[0m
[0;31m_InactiveRpcError[0m                         Traceback (most recent call last)
File [0;32m~/repos/emucore-direct/emucore_direct/client.py:153[0m, in [0;36mEmuCoreClient.acquire_lock[0;34m(self)[0m
[1;32m    152[0m [38;5;28;01mtry[39;00m:
[0;32m--&gt; 153[0m     acquire_lock_resp [38;5;241m=[39m [38;5;28;43mself[39;49m[38;5;241;43m.[39;49m[43mstub[49m[38;5;241;43m.[39;49m[43macquire_lock[49m[43m([49m[43memucore_pb2[49m[38;5;241;43m.[39;49m[43mempty_message[49m[43m([49m[43m)[49m[43m)[49m
[1;32m    154[0m [38;5;28;01mexcept[39;00m _InactiveRpcError [38;5;28;01mas[39;00m exc:

File [0;32m~/repos/emucore-direct/venv/lib/python3.10/site-packages/grpc/_channel.py:946[0m, in [0;36m_UnaryUnaryMultiCallable.__call__[0;34m(self, request, timeout, metadata, credentials, wait_for_ready, compression)[0m
[1;32m    944[0m state, call, [38;5;241m=[39m [38;5;28mself[39m[38;5;241m.[39m_blocking(request, timeout, metadata, credentials,
[1;32m    945[0m                               wait_for_ready, compression)
[0;32m--&gt; 946[0m [38;5;28;01mreturn[39;00m [43m_end_unary_response_blocking[49m[43m([49m[43mstate[49m[43m,[49m[43m [49m[43mcall[49m[43m,[49m[43m [49m[38;5;28;43;01mFalse[39;49;00m[43m,[49m[43m [49m[38;5;28;43;01mNone[39;49;00m[43m)[49m

File [0;32m~/repos/emucore-direct/venv/lib/python3.10/site-packages/grpc/_channel.py:849[0m, in [0;36m_end_unary_response_blocking[0;34m(state, call, with_call, deadline)[0m
[1;32m    848[0m [38;5;28;01melse[39;00m:
[0;32m--&gt; 849[0m     [38;5;28;01mraise[39;00m _InactiveRpcError(state)

[0;31m_InactiveRpcError[0m: &lt;_InactiveRpcError of RPC that terminated with:
        status = StatusCode.UNAVAILABLE
        details = "failed to connect to all addresses"
        debug_error_string = "{"created":"@1711693535.063393946","description":"Failed to pick subchannel","file":"src/core/ext/filters/client_channel/client_channel.cc","file_line":3260,"referenced_errors":[{"created":"@1711693535.063391611","description":"failed to connect to all addresses","file":"src/core/lib/transport/error_utils.cc","file_line":167,"grpc_status":14}]}"
&gt;

The above exception was the direct cause of the following exception:

[0;31mInactiveRpcError[0m                          Traceback (most recent call last)
Cell [0;32mIn[2], line 17[0m
[1;32m     14[0m ec_client [38;5;241m=[39m EmuCoreClient(ip_addr[38;5;241m=[39mIP_ADDR)
[1;32m     16[0m [38;5;66;03m# A a lock id and reset the device[39;00m
[0;32m---&gt; 17[0m lock_id, start, end [38;5;241m=[39m [43mec_client[49m[38;5;241;43m.[39;49m[43mwait_for_lock[49m[43m([49m[43m)[49m

File [0;32m~/repos/emucore-direct/emucore_direct/client.py:247[0m, in [0;36mEmuCoreClient.wait_for_lock[0;34m(self)[0m
[1;32m    245[0m start_queue_ts [38;5;241m=[39m time[38;5;241m.[39mtime_ns()
[1;32m    246[0m [38;5;28;01mwhile[39;00m lock_id [38;5;241m==[39m [38;5;124m"[39m[38;5;124m"[39m:
[0;32m--&gt; 247[0m     lock_id [38;5;241m=[39m [38;5;28;43mself[39;49m[38;5;241;43m.[39;49m[43macquire_lock[49m[43m([49m[43m)[49m[[38;5;124m"[39m[38;5;124mlock_id[39m[38;5;124m"[39m]
[1;32m    248[0m     [38;5;66;03m# only sleep if didn't get lock on device[39;00m
[1;32m    249[0m     [38;5;28;01mif[39;00m lock_id [38;5;241m==[39m [38;5;124m"[39m[38;5;124m"[39m:

File [0;32m~/repos/emucore-direct/emucore_direct/client.py:155[0m, in [0;36mEmuCoreClient.acquire_lock[0;34m(self)[0m
[1;32m    153[0m     acquire_lock_resp [38;5;241m=[39m [38;5;28mself[39m[38;5;241m.[39mstub[38;5;241m.[39macquire_lock(emucore_pb2[38;5;241m.[39mempty_message())
[1;32m    154[0m [38;5;28;01mexcept[39;00m _InactiveRpcError [38;5;28;01mas[39;00m exc:
[0;32m--&gt; 155[0m     [38;5;28;01mraise[39;00m InactiveRpcError(
[1;32m    156[0m         [38;5;124m"[39m[38;5;124macquire_lock failed due to grpc._channel._InactiveRpcError.[39m[38;5;124m"[39m
[1;32m    157[0m     ) [38;5;28;01mfrom[39;00m [38;5;21;01mexc[39;00m
[1;32m    158[0m [38;5;28;01mreturn[39;00m message_to_dict(acquire_lock_resp)

[0;31mInactiveRpcError[0m: acquire_lock failed due to grpc._channel._InactiveRpcError.</raw>
                    </container>
                </CodeAreaNode>
            </container>
            <comment xml:space="preserve"></comment>
            <comment xml:space="preserve"></comment>
            <container classes="nbinput">
                <comment xml:space="preserve"></comment>
                <CodeAreaNode prompt="[21]:" stderr="False">
                    <literal_block classes="input_area" language="ipython3" linenos="False" xml:space="preserve">VBIAS = 0.31
GAIN = 0.72
NUM_NODES = 400
NUM_TAPS = 400
FEATURE_SCALING = 0.1
DENSITY = 1.0
# A a lock id and reset the device
#lock_id, start, end = client.wait_for_lock()
print("Reservoir reset")
ec_client.reservoir_reset(lock_id=lock_id)
print("Reservoir config")
# Configure
ec_client.rc_config(
    lock_id=lock_id,
    vbias=VBIAS,
    gain=GAIN,
    num_nodes=NUM_NODES,
    num_taps=NUM_TAPS
)

#np.random.seed(10)
#s=np.random.random(1, NUM_NODES , 0.5)
#np.random.seed(10)
#input_wgts=(2 * np.random.randint(low=0, high=2, size=(1, num_nodes)) - 1) * s.A
print("Process job")
# Push data through reservoir
resp_train, train_max_scale_val, train_wgts = ec_client.process_all_data(
    input_data=X_train,
    num_nodes=NUM_NODES,
    density=DENSITY,
    feature_scaling=FEATURE_SCALING,
    lock_id=lock_id,
    #weights=input_wgts,
    #seed_val_weights = 10,
    #max_scale_val=None,
)

resp_test, test_max_scale_val, test_wgts = ec_client.process_all_data(
    input_data=X_test,
    num_nodes=NUM_NODES,
    density=DENSITY,
    feature_scaling=FEATURE_SCALING,
    lock_id=lock_id,
    #weights=input_wgts,
    #seed_val_weights = 10,
    #max_scale_val=None,
)</literal_block>
                </CodeAreaNode>
            </container>
            <comment xml:space="preserve"></comment>
            <container classes="nboutput nblast">
                <comment xml:space="preserve"></comment>
                <CodeAreaNode prompt="" stderr="False">
                    <container classes="output_area ">
                        <raw classes="highlight" format="html" xml:space="preserve">&lt;pre&gt;
Reservoir reset
Reservoir config
Process job
&lt;/pre&gt;</raw>
                        <raw format="latex" xml:space="preserve">\begin{sphinxVerbatim}[commandchars=\\\{\}]
Reservoir reset
Reservoir config
Process job
\end{sphinxVerbatim}</raw>
                        <raw format="text" xml:space="preserve">Reservoir reset
Reservoir config
Process job</raw>
                    </container>
                </CodeAreaNode>
            </container>
            <comment xml:space="preserve"></comment>
            <container classes="nbinput">
                <comment xml:space="preserve"></comment>
                <CodeAreaNode prompt="[22]:" stderr="False">
                    <literal_block classes="input_area" language="ipython3" linenos="False" xml:space="preserve">ec_client.release_lock(lock_id=lock_id)</literal_block>
                </CodeAreaNode>
            </container>
            <comment xml:space="preserve"></comment>
            <container classes="nboutput nblast">
                <comment xml:space="preserve"></comment>
                <CodeAreaNode prompt="[22]:" stderr="False">
                    <container classes="output_area ">
                        <raw classes="highlight" format="html" xml:space="preserve">&lt;pre&gt;
{&amp;#39;status&amp;#39;: 0, &amp;#39;message&amp;#39;: &amp;#39;Success&amp;#39;}
&lt;/pre&gt;</raw>
                        <raw format="latex" xml:space="preserve">\begin{sphinxVerbatim}[commandchars=\\\{\}]
\{'status': 0, 'message': 'Success'\}
\end{sphinxVerbatim}</raw>
                        <raw format="text" xml:space="preserve">{'status': 0, 'message': 'Success'}</raw>
                    </container>
                </CodeAreaNode>
            </container>
            <comment xml:space="preserve"></comment>
        </section>
        <section ids="Build-a-Linear-Model" names="build\ a\ linear\ model">
            <title>Build a Linear Model</title>
            <paragraph>Once we have the reservoir response, we can build a simple linear regression model using the reservoir response as its input.</paragraph>
            <comment xml:space="preserve"></comment>
            <container classes="nbinput">
                <comment xml:space="preserve"></comment>
                <CodeAreaNode prompt="[23]:" stderr="False">
                    <literal_block classes="input_area" language="ipython3" linenos="False" xml:space="preserve">from sklearn.linear_model import LinearRegression
from sklearn.metrics import mean_squared_error, r2_score

#resp_train = np.load("resp_train.npy")
#resp_test = np.load("resp_test.npy")

lin_model = LinearRegression()
lin_model.fit(resp_train, y_train)

y_pred_train = lin_model.predict(resp_train)
y_pred_test = lin_model.predict(resp_test)

# Calculate Mean Squared Error and R-squared
mse_train = mean_squared_error(y_train, y_pred_train)
r2_train = r2_score(y_train, y_pred_train)
print(f"Train Mean Squared Error: {mse_train:.4f}")
print(f"Train R-squared: {r2_train:.2f}")

mse_test = mean_squared_error(y_test, y_pred_test)
r2_test = r2_score(y_test, y_pred_test)
print(f"Test Mean Squared Error: {mse_test:.4f}")
print(f"Test R-squared: {r2_test:.2f}")</literal_block>
                </CodeAreaNode>
            </container>
            <comment xml:space="preserve"></comment>
            <container classes="nboutput nblast">
                <comment xml:space="preserve"></comment>
                <CodeAreaNode prompt="" stderr="False">
                    <container classes="output_area ">
                        <raw classes="highlight" format="html" xml:space="preserve">&lt;pre&gt;
Train Mean Squared Error: 0.0002
Train R-squared: 0.98
Test Mean Squared Error: 0.0004
Test R-squared: 0.95
&lt;/pre&gt;</raw>
                        <raw format="latex" xml:space="preserve">\begin{sphinxVerbatim}[commandchars=\\\{\}]
Train Mean Squared Error: 0.0002
Train R-squared: 0.98
Test Mean Squared Error: 0.0004
Test R-squared: 0.95
\end{sphinxVerbatim}</raw>
                        <raw format="text" xml:space="preserve">Train Mean Squared Error: 0.0002
Train R-squared: 0.98
Test Mean Squared Error: 0.0004
Test R-squared: 0.95</raw>
                    </container>
                </CodeAreaNode>
            </container>
            <comment xml:space="preserve"></comment>
            <paragraph>We can look at the normalized root mean squared error (NRMSE), defined as,</paragraph>
            <paragraph><math>NRMSE = \sqrt{\frac{1}{m} \sum_{k=0}^{m}\frac{(\hat{y}_k - y_k)^2}{\sigma^2(y)}}</math></paragraph>
            <comment xml:space="preserve"></comment>
            <container classes="nbinput nblast">
                <comment xml:space="preserve"></comment>
                <CodeAreaNode prompt="[24]:" stderr="False">
                    <literal_block classes="input_area" language="ipython3" linenos="False" xml:space="preserve">def NRMSE(target, estimate):
    return np.sqrt(((estimate - target) ** 2).mean()) / np.std(target)</literal_block>
                </CodeAreaNode>
            </container>
            <comment xml:space="preserve"></comment>
            <container classes="nbinput">
                <comment xml:space="preserve"></comment>
                <CodeAreaNode prompt="[25]:" stderr="False">
                    <literal_block classes="input_area" language="ipython3" linenos="False" xml:space="preserve">print(NRMSE(y_test, y_pred_test))</literal_block>
                </CodeAreaNode>
            </container>
            <comment xml:space="preserve"></comment>
            <container classes="nboutput nblast">
                <comment xml:space="preserve"></comment>
                <CodeAreaNode prompt="" stderr="False">
                    <container classes="output_area ">
                        <raw classes="highlight" format="html" xml:space="preserve">&lt;pre&gt;
0.2247502186806958
&lt;/pre&gt;</raw>
                        <raw format="latex" xml:space="preserve">\begin{sphinxVerbatim}[commandchars=\\\{\}]
0.2247502186806958
\end{sphinxVerbatim}</raw>
                        <raw format="text" xml:space="preserve">0.2247502186806958</raw>
                    </container>
                </CodeAreaNode>
            </container>
            <comment xml:space="preserve"></comment>
            <container classes="nbinput">
                <comment xml:space="preserve"></comment>
                <CodeAreaNode prompt="[26]:" stderr="False">
                    <literal_block classes="input_area" language="ipython3" linenos="False" xml:space="preserve">def StepPlotData(y1,y2,legend1="y1",legend2="y2"):

    plt.figure()
    assert(y1.shape[0]==y2.shape[0])
    i=np.arange(y1.shape[0])
    plt.step(i,y1,'r', where='mid', label=legend1,alpha=0.6)
    plt.legend()
    plt.step(i,y2,'g', where='mid', label=legend2,alpha=0.6)
    plt.legend()

StepPlotData(y1=y_test, y2=y_pred_test, legend1="Target", legend2="Predicted")
plt.xlabel("k")
plt.ylabel("output y[k]")
#plt.figure()
#plt.imshow(test_x, cmap="nipy_spectral")
#plt.colorbar()

plt.figure()
plt.step(y_test-y_pred_test,'g', where='mid', label="Estimate-Target")
plt.legend()

plt.xlabel("Samples")
plt.ylabel("Residual")
plt.show()</literal_block>
                </CodeAreaNode>
            </container>
            <comment xml:space="preserve"></comment>
            <container classes="nboutput">
                <comment xml:space="preserve"></comment>
                <FancyOutputNode prompt="">
                    <container classes="output_area ">
                        <image candidates="{'*': '../build/doctrees/nbsphinx/_static_NARMA10_18_0.png'}" original_uri="../../build/doctrees/nbsphinx/_static_NARMA10_18_0.png" uri="../build/doctrees/nbsphinx/_static_NARMA10_18_0.png"></image>
                    </container>
                </FancyOutputNode>
            </container>
            <comment xml:space="preserve"></comment>
            <container classes="nboutput nblast">
                <comment xml:space="preserve"></comment>
                <FancyOutputNode prompt="">
                    <container classes="output_area ">
                        <image candidates="{'*': '../build/doctrees/nbsphinx/_static_NARMA10_18_1.png'}" original_uri="../../build/doctrees/nbsphinx/_static_NARMA10_18_1.png" uri="../build/doctrees/nbsphinx/_static_NARMA10_18_1.png"></image>
                    </container>
                </FancyOutputNode>
            </container>
            <comment xml:space="preserve"></comment>
        </section>
    </section>
</document>
